ID,SALE_PRICE,LIVING_SQFT,LOG_LIVING,LIVING_SQ,TOT_FIN_SQFT,LOG_TOT_FIN,FBSMT_SQFT,LOG_FBSMT,BSMT_AREA,LOG_BSMT,BSMT_FIN_RATIO,LAND_SQFT,LOG_LAND,LAND_PER_LIVING,GRD_AREA,BLDG_AGE,LOG_AGE,AGE_SQ,EFF_AGE,LOG_EFF_AGE,BED_RMS,FULL_B,HLF_B,TOT_BATH,BATH_PER_BED,SQFT_PER_ROOM,STORY,IS_CONDO,EVER_REMOD,HAS_LAND,HAS_BSMT,HAS_FBSMT,HAS_GRD,IS_NEW,IS_HISTORIC,IS_STUDIO,NB_CAPITOL_HILL,NB_CENTRAL_PARK,NB_FIVE_POINTS,NB_HAMPDEN,NB_HAMPDEN_SOUTH,NB_HIGHLAND,NB_MARSTON,NB_MONTBELLO,NB_MONTCLAIR,NB_NORTH_PARK_HILL,NB_SLOAN_LAKE,NB_UNION_STATION,NB_WINDSOR,ST_2STORY,ST_END_UNIT,ST_MIDDLE_UNIT,ST_MULTILEVEL,ST_PARTIAL_STORY,SLP_CAPITOL_HILL,SLP_CENTRAL_PARK,SLP_FIVE_POINTS,SLP_HAMPDEN,SLP_HAMPDEN_SOUTH,SLP_HIGHLAND,SLP_MARSTON,SLP_MONTBELLO,SLP_MONTCLAIR,SLP_NORTH_PARK_HILL,SLP_SLOAN_LAKE,SLP_UNION_STATION,SLP_WINDSOR,SLP_CONDO,SLP_AGE_CONDO,SLP_LAND_SFR
831,538000.0,1530,7.333023014386481,2.3409,1530,7.333023014386481,0,0.0,0,0.0,0.0,1387,7.23561914106675,0.9065359477124183,0,5,1.791759469228055,0.025,5.0,1.791759469228055,2,2,1,2.5,1.25,382.5,3.0,0,0,1,0,0,0,0,0,0,0,0,0,0,0,0,0,0,0,0,1,0,0,0,1,0,0,0,0.0,0.0,0.0,0.0,0.0,0.0,0.0,0.0,0.0,0.0,7.333023014386481,0.0,0.0,0.0,0.0,7.23561914106675
905,808500.0,2147,7.671826797878781,4.609609,3000,8.006367567650246,853,6.74993119378857,1036,6.9440872082295275,0.8233590733590733,6650,8.802522498284421,3.0973451327433628,0,109,4.700480365792417,11.881,23.0,3.1780538303479458,5,3,0,3.0,0.6,268.375,2.0,0,1,1,1,1,0,0,1,0,0,0,0,0,0,0,0,0,1,0,0,0,0,1,0,0,0,0,0.0,0.0,0.0,0.0,0.0,0.0,0.0,0.0,7.671826797878781,0.0,0.0,0.0,0.0,0.0,0.0,8.802522498284421
1189,556500.0,1995,7.598399329323964,3.980025,2929,7.982416346827733,934,6.840546529288687,984,6.892641641172089,0.9491869918699187,3633,8.198089248956116,1.8210526315789475,0,6,1.9459101490553132,0.036,6.0,1.9459101490553132,2,3,1,3.5,1.75,399.0,2.0,0,0,1,1,1,0,0,0,0,0,1,0,0,0,0,0,0,0,0,0,0,0,0,1,0,0,0,0.0,7.598399329323964,0.0,0.0,0.0,0.0,0.0,0.0,0.0,0.0,0.0,0.0,0.0,0.0,0.0,8.198089248956116
1933,797735.0,2528,7.8351837552667485,6.390784,3462,8.149601735736155,934,6.840546529288687,1000,6.90875477931522,0.934,3500,8.160803920954665,1.384493670886076,0,0,0.0,0.0,0.0,0.0,3,4,1,4.5,1.5,361.14285714285717,2.0,0,0,1,1,1,0,1,0,0,0,1,0,0,0,0,0,0,0,0,0,0,0,1,0,0,0,0,0.0,7.8351837552667485,0.0,0.0,0.0,0.0,0.0,0.0,0.0,0.0,0.0,0.0,0.0,0.0,0.0,8.160803920954665
1981,815000.0,1325,7.1891677384203225,1.755625,1325,7.1891677384203225,0,0.0,0,0.0,0.0,0,0.0,0.0,0,2,1.0986122886681098,0.004,2.0,1.0986122886681098,2,2,1,2.5,1.25,331.25,1.0,1,0,0,0,0,0,0,0,0,0,0,0,0,0,0,0,0,0,0,0,1,0,0,0,1,0,0,0.0,0.0,0.0,0.0,0.0,0.0,0.0,0.0,0.0,0.0,0.0,7.1891677384203225,0.0,7.1891677384203225,1.0986122886681098,0.0
2871,374000.0,1889,7.543802867501509,3.568321,1889,7.543802867501509,0,0.0,0,0.0,0.0,4668,8.448700194970938,2.471148755955532,0,19,2.995732273553991,0.361,19.0,2.995732273553991,3,2,1,2.5,0.8333333333333334,377.8,2.0,0,0,1,0,0,0,0,0,0,0,0,0,0,0,0,0,0,0,0,0,0,0,1,0,0,0,0,0.0,0.0,0.0,0.0,0.0,0.0,0.0,0.0,0.0,0.0,0.0,0.0,0.0,0.0,0.0,8.448700194970938
3008,186000.0,597,6.391917113392602,0.356409,597,6.391917113392602,0,0.0,0,0.0,0.0,0,0.0,0.0,0,54,4.007333185232471,2.916,54.0,4.007333185232471,1,1,0,1.0,1.0,298.5,1.0,1,0,0,0,0,0,0,0,0,0,0,0,0,0,0,0,0,1,0,0,0,0,0,1,0,0,0,0.0,0.0,0.0,0.0,0.0,0.0,0.0,0.0,6.391917113392602,0.0,0.0,0.0,0.0,6.391917113392602,4.007333185232471,0.0
3332,178500.0,1105,7.007600613951853,1.221025,1105,7.007600613951853,0,0.0,0,0.0,0.0,0,0.0,0.0,0,36,3.6109179126442243,1.296,0.0,0.0,2,2,0,2.0,1.0,276.25,1.0,1,1,0,0,0,0,0,0,0,0,0,0,0,0,0,1,0,0,0,0,0,0,0,1,0,0,0,0.0,0.0,0.0,0.0,0.0,0.0,7.007600613951853,0.0,0.0,0.0,0.0,0.0,0.0,7.007600613951853,3.6109179126442243,0.0
3488,785864.0,2280,7.731930721948486,5.1984,2280,7.731930721948486,0,0.0,2280,7.732369222284388,0.0,5400,8.594339400592892,2.3684210526315788,0,0,0.0,0.0,0.0,0.0,2,2,1,2.5,1.25,570.0,1.0,0,0,1,1,0,0,1,0,0,0,1,0,0,0,0,0,0,0,0,0,0,0,0,0,0,0,0,0.0,7.731930721948486,0.0,0.0,0.0,0.0,0.0,0.0,0.0,0.0,0.0,0.0,0.0,0.0,0.0,8.594339400592892
3528,425000.0,1644,7.404887575616125,2.702736,2244,7.716015266642587,600,6.398594934535208,656,6.48768401848461,0.9146341463414634,7402,8.909640602443098,4.502433090024331,0,36,3.6109179126442243,1.296,1.0,0.6931471805599453,3,2,1,2.5,0.8333333333333334,328.8,2.0,0,1,1,1,1,0,0,0,0,0,0,0,0,0,0,1,0,0,0,0,0,0,1,0,0,0,0,0.0,0.0,0.0,0.0,0.0,0.0,7.404887575616125,0.0,0.0,0.0,0.0,0.0,0.0,0.0,0.0,8.909640602443098
3567,506000.0,1027,6.934397209928558,1.054729,1027,6.934397209928558,0,0.0,0,0.0,0.0,0,0.0,0.0,0,14,2.70805020110221,0.196,14.0,2.70805020110221,2,2,0,2.0,1.0,256.75,1.0,1,0,0,0,0,0,0,0,0,0,0,0,0,0,0,0,0,0,0,0,1,0,0,1,0,0,0,0.0,0.0,0.0,0.0,0.0,0.0,0.0,0.0,0.0,0.0,0.0,6.934397209928558,0.0,6.934397209928558,2.70805020110221,0.0
3597,406000.0,2495,7.822044008185619,6.225025,2495,7.822044008185619,0,0.0,1037,6.945051063725834,0.0,4654,8.445697189711167,1.8653306613226452,0,8,2.1972245773362196,0.064,0.0,0.0,3,2,1,2.5,0.8333333333333334,499.0,2.0,0,1,1,1,0,0,0,0,0,0,0,0,0,0,0,0,0,0,0,0,0,0,1,0,0,0,0,0.0,0.0,0.0,0.0,0.0,0.0,0.0,0.0,0.0,0.0,0.0,0.0,0.0,0.0,0.0,8.445697189711167
4119,360000.0,1848,7.521859252201629,3.415104,1848,7.521859252201629,0,0.0,0,0.0,0.0,9100,9.116139576577355,4.924242424242424,921,49,3.912023005428146,2.401,0.0,0.0,4,2,1,2.5,0.625,308.0,1.0,0,1,1,0,0,1,0,0,0,0,0,0,0,1,0,0,0,0,0,0,0,0,0,0,0,1,0,0.0,0.0,0.0,0.0,7.521859252201629,0.0,0.0,0.0,0.0,0.0,0.0,0.0,0.0,0.0,0.0,9.116139576577355
4442,367500.0,1419,7.257707677160043,2.013561,2148,7.672292455628756,729,6.593044534142437,729,6.593044534142437,1.0,13100,9.48044384215367,9.231853417899929,0,51,3.9512437185814275,2.601,51.0,3.9512437185814275,3,2,1,2.5,0.8333333333333334,283.8,1.0,0,0,1,1,1,0,0,0,0,0,0,0,0,0,0,0,1,0,0,0,0,0,0,0,0,0,0,0.0,0.0,0.0,0.0,0.0,0.0,0.0,7.257707677160043,0.0,0.0,0.0,0.0,0.0,0.0,0.0,9.48044384215367
5077,1500000.0,1715,7.44716835960004,2.941225,1715,7.44716835960004,0,0.0,0,0.0,0.0,0,0.0,0.0,0,2,1.0986122886681098,0.004,2.0,1.0986122886681098,2,2,0,2.0,1.0,428.75,1.0,1,0,0,0,0,0,0,0,0,0,0,0,0,0,0,0,0,0,0,0,1,0,0,1,0,0,0,0.0,0.0,0.0,0.0,0.0,0.0,0.0,0.0,0.0,0.0,0.0,7.44716835960004,0.0,7.44716835960004,1.0986122886681098,0.0
5654,198000.0,1550,7.346010209913293,2.4025,1550,7.346010209913293,0,0.0,0,0.0,0.0,0,0.0,0.0,0,50,3.9318256327243257,2.5,0.0,0.0,2,2,0,2.0,1.0,387.5,1.0,1,1,0,0,0,0,0,0,0,0,0,0,0,0,0,0,0,0,0,0,0,1,0,0,1,0,0,0.0,0.0,0.0,0.0,0.0,0.0,0.0,0.0,0.0,0.0,0.0,0.0,7.346010209913293,7.346010209913293,3.9318256327243257,0.0
5717,872500.0,1510,7.31986492980897,2.2801,2546,7.842278779117352,1036,6.9440872082295275,1036,6.9440872082295275,1.0,4170,8.335911094196945,2.76158940397351,0,124,4.8283137373023015,15.376,3.0,1.3862943611198906,3,3,1,3.5,1.1666666666666667,251.66666666666666,1.5,0,1,1,1,1,0,0,1,0,0,0,0,0,0,1,0,0,0,0,0,0,0,0,0,0,0,1,0.0,0.0,0.0,0.0,0.0,7.31986492980897,0.0,0.0,0.0,0.0,0.0,0.0,0.0,0.0,0.0,8.335911094196945
6661,1150000.0,3318,8.10711747075039,11.009124,4402,8.389814262086407,1084,6.98933526597456,1403,7.247080584585756,0.7726300784034212,5000,8.517393171418904,1.506931886678722,0,8,2.1972245773362196,0.064,8.0,2.1972245773362196,4,4,1,4.5,1.125,414.75,2.5,0,0,1,1,1,0,0,0,0,0,1,0,0,0,0,0,0,0,0,0,0,0,0,0,0,0,1,0.0,8.10711747075039,0.0,0.0,0.0,0.0,0.0,0.0,0.0,0.0,0.0,0.0,0.0,0.0,0.0,8.517393171418904
7048,354375.0,1865,7.5310163320779155,3.478225,1865,7.5310163320779155,0,0.0,0,0.0,0.0,2160,7.6783263565068856,1.158176943699732,0,1,0.6931471805599453,0.001,1.0,0.6931471805599453,4,2,1,2.5,0.625,310.8333333333333,2.0,0,0,1,0,0,0,1,0,0,0,0,0,0,0,0,0,0,0,0,0,0,0,0,0,1,0,0,0.0,0.0,0.0,0.0,0.0,0.0,0.0,0.0,0.0,0.0,0.0,0.0,0.0,0.0,0.0,7.6783263565068856
7447,975897.0,3298,8.101071503119543,10.876804,4589,8.431417414394833,1291,7.163946684342547,1632,7.398174092970465,0.7910539215686274,6600,8.79497643168877,2.0012128562765312,0,0,0.0,0.0,0.0,0.0,4,4,1,4.5,1.125,412.25,2.0,0,0,1,1,1,0,1,0,0,0,1,0,0,0,0,0,0,0,0,0,0,0,1,0,0,0,0,0.0,8.101071503119543,0.0,0.0,0.0,0.0,0.0,0.0,0.0,0.0,0.0,0.0,0.0,0.0,0.0,8.79497643168877
7694,1050000.0,2058,7.629489916393995,4.235364,2778,7.9294865233142895,720,6.580639137284949,950,6.85751406254539,0.7578947368421053,4687,8.452761331256848,2.2774538386783285,0,127,4.852030263919617,16.129,1.0,0.6931471805599453,3,4,0,4.0,1.3333333333333333,294.0,2.0,0,1,1,1,1,0,0,1,0,1,0,0,0,0,0,0,0,0,0,0,0,0,0,0,0,0,1,7.629489916393995,0.0,0.0,0.0,0.0,0.0,0.0,0.0,0.0,0.0,0.0,0.0,0.0,0.0,0.0,8.452761331256848
7918,545000.0,1896,7.547501682814967,3.594816,1896,7.547501682814967,0,0.0,888,6.790097235513905,0.0,3600,8.188966863648876,1.8987341772151898,0,2,1.0986122886681098,0.004,2.0,1.0986122886681098,3,2,1,2.5,0.8333333333333334,379.2,2.0,0,0,1,1,0,0,0,0,0,0,1,0,0,0,0,0,0,0,0,0,0,0,1,0,0,0,0,0.0,7.547501682814967,0.0,0.0,0.0,0.0,0.0,0.0,0.0,0.0,0.0,0.0,0.0,0.0,0.0,8.188966863648876
8180,435000.0,1449,7.278628942320682,2.099601,1449,7.278628942320682,0,0.0,0,0.0,0.0,2170,7.682943169878292,1.497584541062802,0,8,2.1972245773362196,0.064,8.0,2.1972245773362196,2,2,1,2.5,1.25,362.25,2.0,0,0,1,0,0,0,0,0,0,0,1,0,0,0,0,0,0,0,0,0,0,0,0,1,0,0,0,0.0,7.278628942320682,0.0,0.0,0.0,0.0,0.0,0.0,0.0,0.0,0.0,0.0,0.0,0.0,0.0,7.682943169878292
8929,1725000.0,3155,8.056743774975313,9.954025,3155,8.056743774975313,0,0.0,0,0.0,0.0,0,0.0,0.0,0,19,2.995732273553991,0.361,19.0,2.995732273553991,2,2,1,2.5,1.25,788.75,1.0,1,1,0,0,0,0,0,0,0,0,0,0,0,0,0,0,0,0,0,0,1,0,0,1,0,0,0,0.0,0.0,0.0,0.0,0.0,0.0,0.0,0.0,0.0,0.0,0.0,8.056743774975313,0.0,8.056743774975313,2.995732273553991,0.0
9595,285000.0,2614,7.868636894184167,6.832996,4750,8.465899897028686,2136,7.667158255319148,2248,7.718240951959316,0.9501779359430605,8250,9.018089684104343,3.1560826319816373,0,20,3.044522437723423,0.4,20.0,3.044522437723423,3,3,1,3.5,1.1666666666666667,435.6666666666667,1.0,0,0,1,1,1,0,0,0,0,0,0,0,0,0,0,1,0,0,0,0,0,0,0,0,0,0,0,0.0,0.0,0.0,0.0,0.0,0.0,7.868636894184167,0.0,0.0,0.0,0.0,0.0,0.0,0.0,0.0,9.018089684104343
9650,128000.0,855,6.75110146893676,0.731025,855,6.75110146893676,0,0.0,0,0.0,0.0,0,0.0,0.0,0,55,4.02535169073515,3.025,55.0,4.02535169073515,1,1,0,1.0,1.0,427.5,1.0,1,0,0,0,0,0,0,0,0,0,0,0,0,0,0,0,0,0,0,0,0,1,0,0,1,0,0,0.0,0.0,0.0,0.0,0.0,0.0,0.0,0.0,0.0,0.0,0.0,0.0,6.75110146893676,6.75110146893676,4.02535169073515,0.0
10401,545000.0,1704,7.440733707389261,2.903616,1704,7.440733707389261,0,0.0,754,6.626717749249025,0.0,3200,8.071218539969863,1.8779342723004695,0,3,1.3862943611198906,0.009,3.0,1.3862943611198906,3,2,1,2.5,0.8333333333333334,340.8,2.0,0,0,1,1,0,0,0,0,0,0,1,0,0,0,0,0,0,0,0,0,0,0,1,0,0,0,0,0.0,7.440733707389261,0.0,0.0,0.0,0.0,0.0,0.0,0.0,0.0,0.0,0.0,0.0,0.0,0.0,8.071218539969863
10464,680000.0,2244,7.716015266642587,5.035536,3251,8.086717920303906,1007,6.915723448631314,1119,7.02108396428914,0.8999106344950849,4039,8.303999970955196,1.799910873440285,0,17,2.8903717578961645,0.289,3.0,1.3862943611198906,4,3,1,3.5,0.875,320.57142857142856,2.0,0,1,1,1,1,0,0,0,0,0,1,0,0,0,0,0,0,0,0,0,0,0,1,0,0,0,0,0.0,7.716015266642587,0.0,0.0,0.0,0.0,0.0,0.0,0.0,0.0,0.0,0.0,0.0,0.0,0.0,8.303999970955196
10647,418250.0,2027,7.614312146452,4.108729,2027,7.614312146452,0,0.0,915,6.82001636467413,0.0,5050,8.527341522468053,2.491366551554021,0,0,0.0,0.0,0.0,0.0,3,2,1,2.5,0.8333333333333334,405.4,2.0,0,0,1,1,0,0,1,0,0,0,0,0,0,0,0,0,0,0,0,0,0,0,1,0,0,0,0,0.0,0.0,0.0,0.0,0.0,0.0,0.0,0.0,0.0,0.0,0.0,0.0,0.0,0.0,0.0,8.527341522468053
11661,466575.0,2279,7.731492029245684,5.193841,2279,7.731492029245684,0,0.0,1052,6.959398512133975,0.0,5312,8.577911926450943,2.330846862659061,0,0,0.0,0.0,0.0,0.0,4,2,1,2.5,0.625,379.8333333333333,2.0,0,0,1,1,0,0,1,0,0,0,0,0,0,0,0,0,0,0,0,0,0,0,1,0,0,0,0,0.0,0.0,0.0,0.0,0.0,0.0,0.0,0.0,0.0,0.0,0.0,0.0,0.0,0.0,0.0,8.577911926450943
12292,150000.0,855,6.75110146893676,0.731025,855,6.75110146893676,0,0.0,0,0.0,0.0,0,0.0,0.0,0,53,3.9889840465642745,2.809,53.0,3.9889840465642745,1,1,0,1.0,1.0,427.5,1.0,1,0,0,0,0,0,0,0,0,0,0,0,0,0,0,0,0,0,0,0,0,1,0,0,1,0,0,0.0,0.0,0.0,0.0,0.0,0.0,0.0,0.0,0.0,0.0,0.0,0.0,6.75110146893676,6.75110146893676,3.9889840465642745,0.0
12484,342000.0,1259,7.138073034044347,1.585081,1259,7.138073034044347,0,0.0,0,0.0,0.0,2509,7.828038032125829,1.9928514694201747,0,37,3.6375861597263857,1.369,0.0,0.0,2,1,1,1.5,0.75,419.6666666666667,2.0,0,1,1,0,0,0,0,0,0,0,0,0,0,0,0,1,0,0,0,0,0,0,0,0,1,0,0,0.0,0.0,0.0,0.0,0.0,0.0,7.138073034044347,0.0,0.0,0.0,0.0,0.0,0.0,0.0,0.0,7.828038032125829
12720,115000.0,1345,7.20414929203594,1.809025,1345,7.20414929203594,0,0.0,0,0.0,0.0,1917,7.559038255443384,1.425278810408922,0,16,2.833213344056216,0.256,16.0,2.833213344056216,2,2,1,2.5,1.25,336.25,2.0,0,0,1,0,0,0,0,0,0,0,0,0,0,0,0,0,1,0,0,0,0,0,0,0,1,0,0,0.0,0.0,0.0,0.0,0.0,0.0,0.0,7.20414929203594,0.0,0.0,0.0,0.0,0.0,0.0,0.0,7.559038255443384
12766,504528.0,1738,7.460490305825338,3.020644,1738,7.460490305825338,0,0.0,719,6.579251212010101,0.0,2633,7.876258882303226,1.5149597238204833,0,0,0.0,0.0,0.0,0.0,3,2,1,2.5,0.8333333333333334,347.6,2.0,0,0,1,1,0,0,1,0,0,0,1,0,0,0,0,0,0,0,0,0,0,0,0,1,0,0,0,0.0,7.460490305825338,0.0,0.0,0.0,0.0,0.0,0.0,0.0,0.0,0.0,0.0,0.0,0.0,0.0,7.876258882303226
12831,395000.0,880,6.779921907472252,0.7744,880,6.779921907472252,0,0.0,0,0.0,0.0,6593,8.793915423631676,7.492045454545455,441,42,3.7612001156935624,1.764,10.0,2.3978952727983707,3,2,0,2.0,0.6666666666666666,176.0,1.0,0,1,1,0,0,1,0,0,0,0,0,0,0,0,0,1,0,0,0,0,0,0,0,0,0,1,0,0.0,0.0,0.0,0.0,0.0,0.0,6.779921907472252,0.0,0.0,0.0,0.0,0.0,0.0,0.0,0.0,8.793915423631676
13296,990000.0,2412,7.788211557847076,5.817744,2412,7.788211557847076,0,0.0,0,0.0,0.0,3125,8.047509510981422,1.2956053067993367,0,0,0.0,0.0,0.0,0.0,3,2,1,2.5,0.8333333333333334,482.4,2.0,0,0,1,0,0,0,1,0,0,0,0,0,0,0,1,0,0,0,0,0,0,0,1,0,0,0,0,0.0,0.0,0.0,0.0,0.0,7.788211557847076,0.0,0.0,0.0,0.0,0.0,0.0,0.0,0.0,0.0,8.047509510981422
13616,152400.0,928,6.833031732786201,0.861184,928,6.833031732786201,0,0.0,0,0.0,0.0,0,0.0,0.0,0,60,4.110873864173311,3.6,0.0,0.0,2,2,0,2.0,1.0,232.0,1.0,1,1,0,0,0,0,0,0,0,0,0,0,0,0,0,0,0,1,0,0,0,0,0,1,0,0,0,0.0,0.0,0.0,0.0,0.0,0.0,0.0,0.0,6.833031732786201,0.0,0.0,0.0,0.0,6.833031732786201,4.110873864173311,0.0
15255,394000.0,1407,7.249215057114389,1.979649,1928,7.564238475170491,521,6.257667587882639,695,6.54534966033442,0.7496402877697842,14200,9.561067663645012,10.092395167022033,675,53,3.9889840465642745,2.809,53.0,3.9889840465642745,4,3,0,3.0,0.75,201.0,1.0,0,0,1,1,1,1,0,0,0,0,0,0,0,0,0,0,1,0,0,0,0,0,0,0,0,1,0,0.0,0.0,0.0,0.0,0.0,0.0,0.0,7.249215057114389,0.0,0.0,0.0,0.0,0.0,0.0,0.0,9.561067663645012
15982,538000.0,2091,7.645397699428633,4.372281,2091,7.645397699428633,0,0.0,0,0.0,0.0,1460,7.2868764117507,0.6982305117168819,0,12,2.5649493574615367,0.144,12.0,2.5649493574615367,2,2,1,2.5,1.25,522.75,3.5,0,0,1,0,0,0,0,0,0,0,1,0,0,0,0,0,0,0,0,0,0,0,0,0,1,0,0,0.0,7.645397699428633,0.0,0.0,0.0,0.0,0.0,0.0,0.0,0.0,0.0,0.0,0.0,0.0,0.0,7.2868764117507
16071,71966.0,1525,7.329749689041512,2.325625,1525,7.329749689041512,0,0.0,0,0.0,0.0,2866,7.96102146588337,1.879344262295082,0,15,2.772588722239781,0.225,15.0,2.772588722239781,3,2,0,2.0,0.6666666666666666,305.0,2.0,0,0,1,0,0,0,0,0,0,0,0,0,0,0,0,0,0,0,0,0,0,0,1,0,0,0,0,0.0,0.0,0.0,0.0,0.0,0.0,0.0,0.0,0.0,0.0,0.0,0.0,0.0,0.0,0.0,7.96102146588337
16514,295500.0,1143,7.04141166379481,1.306449,1143,7.04141166379481,0,0.0,0,0.0,0.0,4690,8.453401058328458,4.103237095363079,0,20,3.044522437723423,0.4,1.0,0.6931471805599453,2,2,1,2.5,1.25,285.75,2.0,0,1,1,0,0,0,0,0,0,0,0,0,0,0,0,0,0,0,0,0,0,0,1,0,0,0,0,0.0,0.0,0.0,0.0,0.0,0.0,0.0,0.0,0.0,0.0,0.0,0.0,0.0,0.0,0.0,8.453401058328458
16817,332000.0,1460,7.286191714702382,2.1316,1460,7.286191714702382,0,0.0,0,0.0,0.0,2950,7.989899374942939,2.0205479452054793,0,3,1.3862943611198906,0.009,3.0,1.3862943611198906,2,2,1,2.5,1.25,365.0,2.0,0,0,1,0,0,0,0,0,0,0,0,0,0,0,0,0,0,0,0,0,0,0,1,0,0,0,0,0.0,0.0,0.0,0.0,0.0,0.0,0.0,0.0,0.0,0.0,0.0,0.0,0.0,0.0,0.0,7.989899374942939
17102,162000.0,945,6.851184927493743,0.893025,945,6.851184927493743,0,0.0,0,0.0,0.0,0,0.0,0.0,0,48,3.8918202981106265,2.304,48.0,3.8918202981106265,2,1,0,1.0,0.5,315.0,1.0,1,0,0,0,0,0,0,0,0,0,0,0,0,0,0,0,0,0,0,0,0,1,0,1,0,0,0,0.0,0.0,0.0,0.0,0.0,0.0,0.0,0.0,0.0,0.0,0.0,0.0,6.851184927493743,6.851184927493743,3.8918202981106265,0.0
17164,330000.0,1242,7.124478262493424,1.542564,1242,7.124478262493424,0,0.0,0,0.0,0.0,5507,8.613956859848546,4.433977455716586,379,22,3.1354942159291497,0.484,22.0,3.1354942159291497,3,2,0,2.0,0.6666666666666666,248.4,1.0,0,0,1,0,0,1,0,0,0,0,0,0,0,0,0,0,1,0,0,0,0,0,0,0,0,1,0,0.0,0.0,0.0,0.0,0.0,0.0,0.0,7.124478262493424,0.0,0.0,0.0,0.0,0.0,0.0,0.0,8.613956859848546
17664,638695.0,3745,8.22817689595132,14.025025,4906,8.498214224818435,1161,7.057897937411856,1312,7.180069874302796,0.8849085365853658,8330,9.027738775974909,2.2242990654205608,0,0,0.0,0.0,0.0,0.0,4,3,1,3.5,0.875,535.0,2.0,0,0,1,1,1,0,1,0,0,0,0,0,0,0,0,0,0,0,0,0,0,0,1,0,0,0,0,0.0,0.0,0.0,0.0,0.0,0.0,0.0,0.0,0.0,0.0,0.0,0.0,0.0,0.0,0.0,9.027738775974909
18573,870000.0,1903,7.551186867296149,3.621409,1903,7.551186867296149,0,0.0,0,0.0,0.0,3120,8.045908742270779,1.6395165528113504,0,128,4.859812404361672,16.384,1.0,0.6931471805599453,3,3,0,3.0,1.0,317.1666666666667,2.0,0,1,1,0,0,0,0,1,0,0,0,0,0,0,1,0,0,0,0,0,0,0,1,0,0,0,0,0.0,0.0,0.0,0.0,0.0,7.551186867296149,0.0,0.0,0.0,0.0,0.0,0.0,0.0,0.0,0.0,8.045908742270779
19129,375000.0,804,6.6895992691789665,0.646416,804,6.6895992691789665,0,0.0,0,0.0,0.0,8490,9.046762057999363,10.559701492537313,421,36,3.6109179126442243,1.296,36.0,3.6109179126442243,3,2,0,2.0,0.6666666666666666,160.8,1.0,0,0,1,0,0,1,0,0,0,0,0,0,0,0,0,1,0,0,0,0,0,0,0,0,0,1,0,0.0,0.0,0.0,0.0,0.0,0.0,6.6895992691789665,0.0,0.0,0.0,0.0,0.0,0.0,0.0,0.0,9.046762057999363
19249,489000.0,920,6.824373670043086,0.8464,1610,7.383989457978509,690,6.53813982376767,920,6.825460036255307,0.75,4576,8.428799040653642,4.973913043478261,0,80,4.394449154672439,6.4,5.0,1.791759469228055,2,2,0,2.0,1.0,230.0,1.0,0,1,1,1,1,0,0,1,0,0,0,0,0,0,0,0,0,1,0,0,0,0,0,1,0,0,0,0.0,0.0,0.0,0.0,0.0,0.0,0.0,0.0,6.824373670043086,0.0,0.0,0.0,0.0,0.0,0.0,8.428799040653642
19377,675000.0,1957,7.579167967396076,3.829849,1957,7.579167967396076,0,0.0,1048,6.955592608396297,0.0,4050,8.30671904320269,2.0694941236586613,0,12,2.5649493574615367,0.144,12.0,2.5649493574615367,3,2,1,2.5,0.8333333333333334,391.4,2.0,0,0,1,1,0,0,0,0,0,0,1,0,0,0,0,0,0,0,0,0,0,0,1,0,0,0,0,0.0,7.579167967396076,0.0,0.0,0.0,0.0,0.0,0.0,0.0,0.0,0.0,0.0,0.0,0.0,0.0,8.30671904320269
19583,270000.0,676,6.516193076042964,0.456976,676,6.516193076042964,0,0.0,0,0.0,0.0,0,0.0,0.0,0,88,4.48863636973214,7.744,19.0,2.995732273553991,1,1,0,1.0,1.0,338.0,1.0,1,1,0,0,0,0,0,1,0,1,0,0,0,0,0,0,0,0,0,0,0,0,0,1,0,0,0,6.516193076042964,0.0,0.0,0.0,0.0,0.0,0.0,0.0,0.0,0.0,0.0,0.0,0.0,6.516193076042964,4.48863636973214,0.0
20139,301200.0,1428,7.2640301428995295,2.039184,1428,7.2640301428995295,0,0.0,0,0.0,0.0,0,0.0,0.0,0,44,3.8066624897703196,1.936,0.0,0.0,2,2,0,2.0,1.0,357.0,1.0,1,1,0,0,0,0,0,0,0,0,0,0,0,0,0,0,0,0,0,0,0,1,0,1,0,0,0,0.0,0.0,0.0,0.0,0.0,0.0,0.0,0.0,0.0,0.0,0.0,0.0,7.2640301428995295,7.2640301428995295,3.8066624897703196,0.0
20208,443590.0,1556,7.349873704738337,2.421136,1556,7.349873704738337,0,0.0,0,0.0,0.0,1006,6.914730892718563,0.6465295629820051,0,1,0.6931471805599453,0.001,1.0,0.6931471805599453,2,2,1,2.5,1.25,389.0,3.0,0,0,1,0,0,0,1,0,0,0,1,0,0,0,0,0,0,0,0,0,0,0,0,0,1,0,0,0.0,7.349873704738337,0.0,0.0,0.0,0.0,0.0,0.0,0.0,0.0,0.0,0.0,0.0,0.0,0.0,6.914730892718563
20229,490000.0,880,6.779921907472252,0.7744,880,6.779921907472252,0,0.0,433,6.073044534100405,0.0,4690,8.453401058328458,5.329545454545454,0,94,4.553876891600541,8.836,0.0,0.0,2,1,0,1.0,0.5,293.3333333333333,1.0,0,1,1,1,0,0,0,1,0,0,0,0,0,0,0,0,0,0,1,0,0,0,0,0,0,0,0,0.0,0.0,0.0,0.0,0.0,0.0,0.0,0.0,0.0,6.779921907472252,0.0,0.0,0.0,0.0,0.0,8.453401058328458
20669,433170.0,1693,7.4342573821331355,2.866249,2432,7.796469243086058,739,6.606650186198215,1693,7.434847875211999,0.4365032486709982,5619,8.634086942887738,3.318960425280567,0,1,0.6931471805599453,0.001,1.0,0.6931471805599453,2,3,0,3.0,1.5,338.6,1.0,0,0,1,1,1,0,1,0,0,0,0,0,0,0,0,0,0,0,0,0,0,0,0,0,0,0,0,0.0,0.0,0.0,0.0,0.0,0.0,0.0,0.0,0.0,0.0,0.0,0.0,0.0,0.0,0.0,8.634086942887738
21007,484000.0,823,6.71295620067707,0.677329,1605,7.380879035564116,782,6.663132695990803,823,6.714170529909472,0.9501822600243013,6110,8.717845704894916,7.424058323207777,0,81,4.406719247264253,6.561,81.0,4.406719247264253,2,2,0,2.0,1.0,205.75,1.0,0,0,1,1,1,0,0,1,0,0,0,0,0,0,0,0,0,0,0,1,0,0,0,0,0,0,0,0.0,0.0,0.0,0.0,0.0,0.0,0.0,0.0,0.0,0.0,6.71295620067707,0.0,0.0,0.0,0.0,8.717845704894916
21434,254160.0,1352,7.20934025660291,1.827904,1352,7.20934025660291,0,0.0,0,0.0,0.0,1381,7.231287004327616,1.0214497041420119,0,1,0.6931471805599453,0.001,1.0,0.6931471805599453,3,2,1,2.5,0.8333333333333334,270.4,2.0,0,0,1,0,0,0,1,0,0,0,1,0,0,0,0,0,0,0,0,0,0,0,0,0,1,0,0,0.0,7.20934025660291,0.0,0.0,0.0,0.0,0.0,0.0,0.0,0.0,0.0,0.0,0.0,0.0,0.0,7.231287004327616
21978,515608.0,1856,7.526178913346146,3.444736,2767,7.925518979786926,911,6.815639990074331,959,6.866933284461882,0.9499478623566214,2250,7.719129840906732,1.2122844827586208,0,0,0.0,0.0,0.0,0.0,3,3,1,3.5,1.1666666666666667,309.3333333333333,2.0,0,0,1,1,1,0,1,0,0,0,1,0,0,0,0,0,0,0,0,0,0,0,0,0,1,0,0,0.0,7.526178913346146,0.0,0.0,0.0,0.0,0.0,0.0,0.0,0.0,0.0,0.0,0.0,0.0,0.0,7.719129840906732
22784,745000.0,1457,7.284134806195205,2.122849,1961,7.581209826196346,504,6.22455842927536,531,6.2766434893416445,0.9491525423728814,1470,7.293697720601438,1.0089224433768016,0,1,0.6931471805599453,0.001,1.0,0.6931471805599453,2,2,1,2.5,1.25,364.25,2.0,0,0,1,1,1,0,1,0,0,0,0,1,0,0,0,0,0,0,0,0,0,0,0,1,0,0,0,0.0,0.0,7.284134806195205,0.0,0.0,0.0,0.0,0.0,0.0,0.0,0.0,0.0,0.0,0.0,0.0,7.293697720601438
23147,388900.0,1450,7.27931883541462,2.1025,1450,7.27931883541462,0,0.0,0,0.0,0.0,1217,7.1049654482698426,0.8393103448275862,0,21,3.091042453358316,0.441,21.0,3.091042453358316,2,2,1,2.5,1.25,362.5,2.0,0,0,1,0,0,0,0,0,0,0,0,0,0,0,0,0,0,0,0,0,0,1,0,0,1,0,0,0.0,0.0,0.0,0.0,0.0,0.0,0.0,0.0,0.0,0.0,0.0,0.0,7.27931883541462,0.0,0.0,7.1049654482698426
23173,420000.0,2466,7.81035268372429,6.081156,2466,7.81035268372429,0,0.0,1073,6.97914527506881,0.0,5952,8.69165057315339,2.413625304136253,0,7,2.0794415416798357,0.049,7.0,2.0794415416798357,3,2,1,2.5,0.8333333333333334,493.2,2.0,0,0,1,1,0,0,0,0,0,0,0,0,0,0,0,0,0,0,0,0,0,0,1,0,0,0,0,0.0,0.0,0.0,0.0,0.0,0.0,0.0,0.0,0.0,0.0,0.0,0.0,0.0,0.0,0.0,8.69165057315339
23287,177500.0,597,6.391917113392602,0.356409,597,6.391917113392602,0,0.0,0,0.0,0.0,0,0.0,0.0,0,47,3.871201010907891,2.209,0.0,0.0,1,1,0,1.0,1.0,298.5,1.0,1,1,0,0,0,0,0,0,0,0,0,0,0,0,0,0,0,1,0,0,0,0,0,1,0,0,0,0.0,0.0,0.0,0.0,0.0,0.0,0.0,0.0,6.391917113392602,0.0,0.0,0.0,0.0,6.391917113392602,3.871201010907891,0.0
23526,352500.0,1026,6.933423025730715,1.052676,1026,6.933423025730715,0,0.0,364,5.8998973535824915,0.0,6008,8.701013624333928,5.855750487329435,360,19,2.995732273553991,0.361,19.0,2.995732273553991,3,2,1,2.5,0.8333333333333334,205.2,1.0,0,1,1,1,0,1,0,0,0,0,0,0,0,0,0,0,0,0,0,0,0,0,0,0,0,1,0,0.0,0.0,0.0,0.0,0.0,0.0,0.0,0.0,0.0,0.0,0.0,0.0,0.0,0.0,0.0,8.701013624333928
24900,345000.0,1247,7.1284959456800365,1.555009,1247,7.1284959456800365,0,0.0,1247,7.129297548929373,0.0,9230,9.130322663990151,7.4017642341619885,0,22,3.1354942159291497,0.484,22.0,3.1354942159291497,3,2,0,2.0,0.6666666666666666,249.4,1.0,0,0,1,1,0,0,0,0,0,0,0,0,0,0,0,0,1,0,0,0,0,0,0,0,0,0,0,0.0,0.0,0.0,0.0,0.0,0.0,0.0,7.1284959456800365,0.0,0.0,0.0,0.0,0.0,0.0,0.0,9.130322663990151
24970,532000.0,1342,7.201916317531627,1.800964,1342,7.201916317531627,0,0.0,231,5.44673737166631,0.0,3875,8.262558973010657,2.8874813710879286,0,111,4.718498871295094,12.321,1.0,0.6931471805599453,3,2,0,2.0,0.6666666666666666,268.4,1.0,0,1,1,1,0,0,0,1,0,0,0,0,0,0,1,0,0,0,0,0,0,0,0,0,0,0,0,0.0,0.0,0.0,0.0,0.0,7.201916317531627,0.0,0.0,0.0,0.0,0.0,0.0,0.0,0.0,0.0,8.262558973010657
25823,234500.0,1243,7.1252830915107115,1.545049,1243,7.1252830915107115,0,0.0,0,0.0,0.0,2850,7.955425088912672,2.2928399034593725,0,15,2.772588722239781,0.225,15.0,2.772588722239781,2,1,0,1.0,0.5,414.3333333333333,2.0,0,0,1,0,0,0,0,0,0,0,0,0,0,0,0,0,0,0,0,0,0,0,1,0,0,0,0,0.0,0.0,0.0,0.0,0.0,0.0,0.0,0.0,0.0,0.0,0.0,0.0,0.0,0.0,0.0,7.955425088912672
25950,995000.0,2938,7.9854843567338225,8.631844,4016,8.298041661371565,1078,6.983789965258135,1164,7.060476365999801,0.9261168384879725,4509,8.414052432496725,1.534717494894486,0,14,2.70805020110221,0.196,14.0,2.70805020110221,4,4,1,4.5,1.125,367.25,2.5,0,1,1,1,1,0,0,0,0,0,1,0,0,0,0,0,0,0,0,0,0,0,0,0,0,0,1,0.0,7.9854843567338225,0.0,0.0,0.0,0.0,0.0,0.0,0.0,0.0,0.0,0.0,0.0,0.0,0.0,8.414052432496725
26662,368620.0,948,6.854354502255021,0.898704,948,6.854354502255021,0,0.0,0,0.0,0.0,0,0.0,0.0,0,16,2.833213344056216,0.256,16.0,2.833213344056216,2,2,0,2.0,1.0,237.0,1.0,1,0,0,0,0,0,0,0,0,0,1,0,0,0,0,0,0,0,0,0,0,0,0,1,0,0,0,0.0,6.854354502255021,0.0,0.0,0.0,0.0,0.0,0.0,0.0,0.0,0.0,0.0,0.0,6.854354502255021,2.833213344056216,0.0
27132,226167.0,1220,7.106606137727303,1.4884,1220,7.106606137727303,0,0.0,0,0.0,0.0,2378,7.774435510302958,1.9491803278688524,0,0,0.0,0.0,0.0,0.0,2,1,1,1.5,0.75,406.6666666666667,2.0,0,0,1,0,0,0,1,0,0,0,1,0,0,0,0,0,0,0,0,0,0,0,0,1,0,0,0,0.0,7.106606137727303,0.0,0.0,0.0,0.0,0.0,0.0,0.0,0.0,0.0,0.0,0.0,0.0,0.0,7.774435510302958
27266,189000.0,1200,7.090076835776092,1.44,1200,7.090076835776092,0,0.0,0,0.0,0.0,0,0.0,0.0,0,52,3.970291913552122,2.704,52.0,3.970291913552122,2,2,0,2.0,1.0,300.0,1.0,1,0,0,0,0,0,0,0,0,0,0,0,0,0,0,0,0,0,0,0,0,1,0,0,1,0,0,0.0,0.0,0.0,0.0,0.0,0.0,0.0,0.0,0.0,0.0,0.0,0.0,7.090076835776092,7.090076835776092,3.970291913552122,0.0
27297,591710.0,1784,7.486613313139955,3.182656,3274,8.09376775793108,1490,7.307202314764738,1568,7.358193752733032,0.9502551020408163,12500,9.433563920090563,7.006726457399103,0,38,3.6635616461296463,1.444,0.0,0.0,3,3,1,3.5,1.1666666666666667,297.3333333333333,1.0,0,1,1,1,1,0,0,0,0,0,0,0,0,0,0,0,0,0,0,0,0,1,0,0,0,0,0,0.0,0.0,0.0,0.0,0.0,0.0,0.0,0.0,0.0,0.0,0.0,0.0,7.486613313139955,0.0,0.0,9.433563920090563
28238,571554.0,1911,7.555381944240273,3.651921,2724,7.909856667269403,813,6.70196036600254,915,6.82001636467413,0.8885245901639345,3133,8.050065422915965,1.6394557823129252,0,0,0.0,0.0,0.0,0.0,3,3,1,3.5,1.1666666666666667,318.5,2.0,0,0,1,1,1,0,1,0,0,0,1,0,0,0,0,0,0,0,0,0,0,0,1,0,0,0,0,0.0,7.555381944240273,0.0,0.0,0.0,0.0,0.0,0.0,0.0,0.0,0.0,0.0,0.0,0.0,0.0,8.050065422915965
28677,325750.0,746,6.61472560020376,0.556516,1422,7.259819610363186,676,6.517671272912275,746,6.616065185132817,0.9061662198391421,6630,8.799510901368867,8.88739946380697,0,67,4.219507705176107,4.489,67.0,4.219507705176107,2,2,0,2.0,1.0,186.5,1.0,0,0,1,1,1,0,0,0,0,0,0,0,0,0,0,0,0,0,1,0,0,0,0,0,0,0,0,0.0,0.0,0.0,0.0,0.0,0.0,0.0,0.0,0.0,6.61472560020376,0.0,0.0,0.0,0.0,0.0,8.799510901368867
29347,583300.0,1462,7.2875606403097235,2.137444,1462,7.2875606403097235,0,0.0,200,5.303304908059076,0.0,4150,8.33110454805304,2.838577291381669,0,118,4.77912349311153,13.924,6.0,1.9459101490553132,1,2,0,2.0,2.0,487.3333333333333,1.0,0,1,1,1,0,0,0,1,0,0,0,0,0,0,1,0,0,0,0,0,0,0,0,0,0,0,0,0.0,0.0,0.0,0.0,0.0,7.2875606403097235,0.0,0.0,0.0,0.0,0.0,0.0,0.0,0.0,0.0,8.33110454805304
29538,325000.0,832,6.723832440821209,0.692224,832,6.723832440821209,0,0.0,0,0.0,0.0,6510,8.781248333236862,7.824519230769231,384,35,3.58351893845611,1.225,0.0,0.0,3,1,1,1.5,0.5,208.0,1.0,0,1,1,0,0,1,0,0,0,0,0,0,0,0,0,0,1,0,0,0,0,0,0,0,0,1,0,0.0,0.0,0.0,0.0,0.0,0.0,0.0,6.723832440821209,0.0,0.0,0.0,0.0,0.0,0.0,0.0,8.781248333236862
30194,300000.0,1311,7.1785454837637,1.718721,1311,7.1785454837637,0,0.0,0,0.0,0.0,1242,7.1252830915107115,0.9473684210526315,0,32,3.4965075614664802,1.024,32.0,3.4965075614664802,2,2,1,2.5,1.25,327.75,2.0,0,0,1,0,0,0,0,0,0,0,0,0,0,0,0,1,0,0,0,0,0,0,0,0,1,0,0,0.0,0.0,0.0,0.0,0.0,0.0,7.1785454837637,0.0,0.0,0.0,0.0,0.0,0.0,0.0,0.0,7.1252830915107115
30195,520000.0,956,6.862757913051401,0.913936,956,6.862757913051401,0,0.0,0,0.0,0.0,850,6.7464121285733745,0.8891213389121339,0,3,1.3862943611198906,0.009,3.0,1.3862943611198906,2,2,0,2.0,1.0,239.0,2.0,0,0,1,0,0,0,0,0,0,0,0,0,0,0,1,0,0,0,0,0,0,0,0,1,0,0,0,0.0,0.0,0.0,0.0,0.0,6.862757913051401,0.0,0.0,0.0,0.0,0.0,0.0,0.0,0.0,0.0,6.7464121285733745
30743,177000.0,1200,7.090076835776092,1.44,1200,7.090076835776092,0,0.0,0,0.0,0.0,0,0.0,0.0,0,55,4.02535169073515,3.025,0.0,0.0,2,2,0,2.0,1.0,300.0,1.0,1,1,0,0,0,0,0,0,0,0,0,0,0,0,0,0,0,0,0,0,0,1,0,0,1,0,0,0.0,0.0,0.0,0.0,0.0,0.0,0.0,0.0,0.0,0.0,0.0,0.0,7.090076835776092,7.090076835776092,4.02535169073515,0.0
31013,251383.0,1295,7.166265974133638,1.677025,1295,7.166265974133638,0,0.0,0,0.0,0.0,2369,7.7706452341291765,1.8293436293436294,0,0,0.0,0.0,0.0,0.0,3,2,1,2.5,0.8333333333333334,259.0,2.0,0,0,1,0,0,0,1,0,0,0,1,0,0,0,0,0,0,0,0,0,0,0,0,1,0,0,0,0.0,7.166265974133638,0.0,0.0,0.0,0.0,0.0,0.0,0.0,0.0,0.0,0.0,0.0,0.0,0.0,7.7706452341291765
32051,609900.0,2029,7.615298339825815,4.116841,2029,7.615298339825815,0,0.0,850,6.7464121285733745,0.0,4320,8.371242135931933,2.129127649088221,0,16,2.833213344056216,0.256,16.0,2.833213344056216,3,2,1,2.5,0.8333333333333334,405.8,1.5,0,1,1,1,0,0,0,0,0,0,1,0,0,0,0,0,0,0,0,0,0,0,0,0,0,0,1,0.0,7.615298339825815,0.0,0.0,0.0,0.0,0.0,0.0,0.0,0.0,0.0,0.0,0.0,0.0,0.0,8.371242135931933
32145,190000.0,1200,7.090076835776092,1.44,1200,7.090076835776092,0,0.0,0,0.0,0.0,0,0.0,0.0,0,46,3.8501476017100584,2.116,0.0,0.0,2,2,0,2.0,1.0,300.0,1.0,1,1,0,0,0,0,0,0,0,0,0,0,1,0,0,0,0,0,0,0,0,0,0,1,0,0,0,0.0,0.0,0.0,7.090076835776092,0.0,0.0,0.0,0.0,0.0,0.0,0.0,0.0,0.0,7.090076835776092,3.8501476017100584,0.0
32540,349000.0,1682,7.427738840532894,2.829124,1682,7.427738840532894,0,0.0,0,0.0,0.0,3424,8.138856750696325,2.0356718192627823,0,1,0.6931471805599453,0.001,1.0,0.6931471805599453,3,2,1,2.5,0.8333333333333334,336.4,2.0,0,0,1,0,0,0,1,0,0,0,0,0,0,0,0,0,0,0,0,0,0,0,1,0,0,0,0,0.0,0.0,0.0,0.0,0.0,0.0,0.0,0.0,0.0,0.0,0.0,0.0,0.0,0.0,0.0,8.138856750696325
32942,195000.0,1008,6.915723448631314,1.016064,1008,6.915723448631314,0,0.0,0,0.0,0.0,0,0.0,0.0,0,57,4.060443010546419,3.249,0.0,0.0,2,2,0,2.0,1.0,252.0,1.0,1,1,0,0,0,0,0,0,0,0,0,0,0,0,0,0,0,1,0,0,0,0,0,1,0,0,0,0.0,0.0,0.0,0.0,0.0,0.0,0.0,0.0,6.915723448631314,0.0,0.0,0.0,0.0,6.915723448631314,4.060443010546419,0.0
33674,342500.0,841,6.734591659972948,0.707281,1571,7.359467638255621,730,6.594413459749778,768,6.645090969505644,0.9505208333333334,4680,8.45126704130007,5.564803804994055,0,35,3.58351893845611,1.225,0.0,0.0,2,2,0,2.0,1.0,210.25,1.0,0,1,1,1,1,0,0,0,0,0,0,0,0,0,0,0,0,0,0,0,0,0,0,0,0,0,0,0.0,0.0,0.0,0.0,0.0,0.0,0.0,0.0,0.0,0.0,0.0,0.0,0.0,0.0,0.0,8.45126704130007
33863,650000.0,889,6.790097235513905,0.790321,889,6.790097235513905,0,0.0,0,0.0,0.0,0,0.0,0.0,0,2,1.0986122886681098,0.004,2.0,1.0986122886681098,1,1,0,1.0,1.0,444.5,1.0,1,0,0,0,0,0,0,0,0,0,0,0,0,0,0,0,0,0,0,0,1,0,0,0,1,0,0,0.0,0.0,0.0,0.0,0.0,0.0,0.0,0.0,0.0,0.0,0.0,6.790097235513905,0.0,6.790097235513905,1.0986122886681098,0.0
35073,340000.0,1807,7.499423290592229,3.265249,2565,7.84971375760487,758,6.63200177739563,846,6.741700694652055,0.8959810874704491,16400,9.70509758756311,9.075816270060875,440,56,4.04305126783455,3.136,0.0,0.0,3,2,1,2.5,0.8333333333333334,361.4,1.0,0,1,1,1,1,1,0,0,0,0,0,0,1,0,0,0,0,0,0,0,0,0,0,0,0,1,0,0.0,0.0,0.0,7.499423290592229,0.0,0.0,0.0,0.0,0.0,0.0,0.0,0.0,0.0,0.0,0.0,9.70509758756311
35176,252500.0,1009,6.9167150203536085,1.018081,1009,6.9167150203536085,0,0.0,0,0.0,0.0,0,0.0,0.0,0,56,4.04305126783455,3.136,0.0,0.0,2,2,0,2.0,1.0,252.25,1.0,1,1,0,0,0,0,0,0,0,0,0,0,0,0,0,0,0,1,0,0,0,0,0,1,0,0,0,0.0,0.0,0.0,0.0,0.0,0.0,0.0,0.0,6.9167150203536085,0.0,0.0,0.0,0.0,6.9167150203536085,4.04305126783455,0.0
35435,420000.0,1206,7.095064377287131,1.454436,1206,7.095064377287131,0,0.0,0,0.0,0.0,0,0.0,0.0,0,18,2.9444389791664403,0.324,18.0,2.9444389791664403,2,2,0,2.0,1.0,301.5,1.0,1,0,0,0,0,0,0,0,0,0,0,0,0,1,0,0,0,0,0,0,0,0,0,1,0,0,0,0.0,0.0,0.0,0.0,7.095064377287131,0.0,0.0,0.0,0.0,0.0,0.0,0.0,0.0,7.095064377287131,2.9444389791664403,0.0
35719,405000.0,2693,7.898411092811599,7.252249,2693,7.898411092811599,0,0.0,0,0.0,0.0,5000,8.517393171418904,1.856665428889714,0,5,1.791759469228055,0.025,5.0,1.791759469228055,3,3,0,3.0,1.0,448.8333333333333,1.5,0,0,1,0,0,0,0,0,0,0,0,0,0,0,0,0,0,0,0,0,0,0,0,0,0,0,1,0.0,0.0,0.0,0.0,0.0,0.0,0.0,0.0,0.0,0.0,0.0,0.0,0.0,0.0,0.0,8.517393171418904
36205,385000.0,2010,7.605890001053122,4.0401,2010,7.605890001053122,0,0.0,369,5.91350300563827,0.0,5549,8.62155320674048,2.7606965174129354,0,6,1.9459101490553132,0.036,6.0,1.9459101490553132,3,2,1,2.5,0.8333333333333334,402.0,2.0,0,0,1,1,0,0,0,0,0,0,0,0,0,0,0,0,0,0,0,0,0,0,1,0,0,0,0,0.0,0.0,0.0,0.0,0.0,0.0,0.0,0.0,0.0,0.0,0.0,0.0,0.0,0.0,0.0,8.62155320674048
36292,207500.0,612,6.416732282512326,0.374544,612,6.416732282512326,0,0.0,0,0.0,0.0,0,0.0,0.0,0,51,3.9512437185814275,2.601,4.0,1.6094379124341003,1,1,0,1.0,1.0,306.0,1.0,1,1,0,0,0,0,0,0,0,1,0,0,0,0,0,0,0,0,0,0,0,0,0,0,1,0,0,6.416732282512326,0.0,0.0,0.0,0.0,0.0,0.0,0.0,0.0,0.0,0.0,0.0,0.0,6.416732282512326,3.9512437185814275,0.0
36420,370000.0,1485,7.3031700512368,2.205225,1485,7.3031700512368,0,0.0,0,0.0,0.0,0,0.0,0.0,0,22,3.1354942159291497,0.484,0.0,0.0,2,2,0,2.0,1.0,371.25,1.0,1,1,0,0,0,0,0,0,0,0,0,0,0,0,0,1,0,0,0,0,0,0,0,1,0,0,0,0.0,0.0,0.0,0.0,0.0,0.0,7.3031700512368,0.0,0.0,0.0,0.0,0.0,0.0,7.3031700512368,3.1354942159291497,0.0
36436,540000.0,3316,8.106514516255185,10.995856,4400,8.389359819906353,1084,6.98933526597456,1264,7.142827401161621,0.8575949367088608,5592,8.629271094821588,1.686369119420989,0,3,1.3862943611198906,0.009,3.0,1.3862943611198906,4,4,0,4.0,1.0,414.5,2.0,0,0,1,1,1,0,0,0,0,0,0,0,0,0,0,0,0,0,0,0,0,0,1,0,0,0,0,0.0,0.0,0.0,0.0,0.0,0.0,0.0,0.0,0.0,0.0,0.0,0.0,0.0,0.0,0.0,8.629271094821588
36776,355000.0,2551,7.844240718141811,6.507601,2551,7.844240718141811,0,0.0,1085,6.990256500493881,0.0,6500,8.77971129020447,2.5480203841630735,0,0,0.0,0.0,0.0,0.0,3,2,2,3.0,1.0,510.2,2.5,0,0,1,1,0,0,1,0,0,0,0,0,0,0,0,0,0,1,0,0,0,0,0,0,0,0,1,0.0,0.0,0.0,0.0,0.0,0.0,0.0,0.0,7.844240718141811,0.0,0.0,0.0,0.0,0.0,0.0,8.77971129020447
36851,685000.0,2291,7.736743682453495,5.248681,4467,8.404472321352118,2176,7.685703061234547,2291,7.73718007783463,0.9498035792230467,3798,8.242493153187626,1.657791357485814,0,44,3.8066624897703196,1.936,13.0,2.6390573296152584,2,3,0,3.0,1.5,458.2,1.0,0,1,1,1,1,0,0,0,0,0,0,0,0,1,0,0,0,0,0,0,0,0,0,1,0,0,0,0.0,0.0,0.0,0.0,7.736743682453495,0.0,0.0,0.0,0.0,0.0,0.0,0.0,0.0,0.0,0.0,8.242493153187626
37047,1127962.0,2628,7.873978379604501,6.906384,3318,8.10711747075039,690,6.53813982376767,1229,7.114769448366463,0.5614320585842149,4800,8.476579508530941,1.82648401826484,0,0,0.0,0.0,0.0,0.0,4,4,1,4.5,1.125,328.5,2.0,0,0,1,1,1,0,1,0,0,0,1,0,0,0,0,0,0,0,0,0,0,0,1,0,0,0,0,0.0,7.873978379604501,0.0,0.0,0.0,0.0,0.0,0.0,0.0,0.0,0.0,0.0,0.0,0.0,0.0,8.476579508530941
37687,1320000.0,3217,8.076204527239026,10.349089,4117,8.322880021769905,900,6.803505257608338,1001,6.90975328164481,0.8991008991008991,6310,8.75004942158424,1.9614547715262667,0,103,4.6443908991413725,10.609,2.0,1.0986122886681098,4,5,0,5.0,1.25,357.44444444444446,2.0,0,1,1,1,1,0,0,1,0,0,0,0,0,0,0,0,0,0,1,0,0,0,1,0,0,0,0,0.0,0.0,0.0,0.0,0.0,0.0,0.0,0.0,0.0,8.076204527239026,0.0,0.0,0.0,0.0,0.0,8.75004942158424
37886,245000.0,1100,7.003065458786462,1.21,1100,7.003065458786462,0,0.0,0,0.0,0.0,0,0.0,0.0,0,54,4.007333185232471,2.916,3.0,1.3862943611198906,2,1,1,1.5,0.75,366.6666666666667,2.0,1,1,0,0,0,0,0,0,0,0,0,0,0,1,0,0,0,0,0,0,0,0,0,0,1,0,0,0.0,0.0,0.0,0.0,7.003065458786462,0.0,0.0,0.0,0.0,0.0,0.0,0.0,0.0,7.003065458786462,4.007333185232471,0.0
38054,533636.0,2022,7.611842399580417,4.088484,2707,7.903596289614301,685,6.530877627725885,781,6.661854740545311,0.8770806658130602,4701,8.455743229100015,2.3249258160237387,0,0,0.0,0.0,0.0,0.0,3,3,1,3.5,1.1666666666666667,337.0,2.0,0,0,1,1,1,0,1,0,0,0,1,0,0,0,0,0,0,0,0,0,0,0,0,1,0,0,0,0.0,7.611842399580417,0.0,0.0,0.0,0.0,0.0,0.0,0.0,0.0,0.0,0.0,0.0,0.0,0.0,8.455743229100015
38377,320125.0,1643,7.404279118037268,2.699449,1643,7.404279118037268,0,0.0,0,0.0,0.0,2160,7.6783263565068856,1.314668289713938,0,1,0.6931471805599453,0.001,1.0,0.6931471805599453,3,2,1,2.5,0.8333333333333334,328.6,2.0,0,0,1,0,0,0,1,0,0,0,0,0,0,0,0,0,0,0,0,0,0,0,0,0,1,0,0,0.0,0.0,0.0,0.0,0.0,0.0,0.0,0.0,0.0,0.0,0.0,0.0,0.0,0.0,0.0,7.6783263565068856
38400,216000.0,1105,7.007600613951853,1.221025,1105,7.007600613951853,0,0.0,0,0.0,0.0,0,0.0,0.0,0,36,3.6109179126442243,1.296,36.0,3.6109179126442243,2,2,0,2.0,1.0,276.25,2.0,1,0,0,0,0,0,0,0,0,0,0,0,0,0,0,1,0,0,0,0,0,0,0,1,0,0,0,0.0,0.0,0.0,0.0,0.0,0.0,7.007600613951853,0.0,0.0,0.0,0.0,0.0,0.0,7.007600613951853,3.6109179126442243,0.0
38571,305000.0,1143,7.04141166379481,1.306449,1143,7.04141166379481,0,0.0,0,0.0,0.0,4902,8.497602541651233,4.288713910761155,0,20,3.044522437723423,0.4,20.0,3.044522437723423,2,2,1,2.5,1.25,285.75,2.0,0,1,1,0,0,0,0,0,0,0,0,0,0,0,0,0,0,0,0,0,0,0,1,0,0,0,0,0.0,0.0,0.0,0.0,0.0,0.0,0.0,0.0,0.0,0.0,0.0,0.0,0.0,0.0,0.0,8.497602541651233
38652,410000.0,3712,8.21932609390609,13.778944,5437,8.600982717145921,1725,7.453561871643373,1907,7.553810852008231,0.9045621394861039,7030,8.858084222199162,1.8938577586206897,0,0,0.0,0.0,0.0,0.0,3,4,1,4.5,1.5,530.2857142857143,2.0,0,0,1,1,1,0,1,0,0,0,0,0,0,0,0,0,0,1,0,0,0,0,1,0,0,0,0,0.0,0.0,0.0,0.0,0.0,0.0,0.0,0.0,8.21932609390609,0.0,0.0,0.0,0.0,0.0,0.0,8.858084222199162
39210,316000.0,848,6.742880635791903,0.719104,1648,7.4073177104694174,800,6.68586094706836,848,6.744059186311348,0.9433962264150944,6930,8.843759381917984,8.172169811320755,0,43,3.784189633918261,1.849,43.0,3.784189633918261,2,2,0,2.0,1.0,212.0,1.0,0,0,1,1,1,0,0,0,0,0,0,0,0,0,0,0,1,0,0,0,0,0,0,0,0,0,0,0.0,0.0,0.0,0.0,0.0,0.0,0.0,6.742880635791903,0.0,0.0,0.0,0.0,0.0,0.0,0.0,8.843759381917984
39562,358650.0,1682,7.427738840532894,2.829124,1682,7.427738840532894,0,0.0,665,6.501289670540389,0.0,3600,8.188966863648876,2.140309155766944,0,1,0.6931471805599453,0.001,1.0,0.6931471805599453,3,2,1,2.5,0.8333333333333334,336.4,2.0,0,0,1,1,0,0,1,0,0,0,0,0,0,0,0,0,0,0,0,0,0,0,1,0,0,0,0,0.0,0.0,0.0,0.0,0.0,0.0,0.0,0.0,0.0,0.0,0.0,0.0,0.0,0.0,0.0,8.188966863648876
39767,640000.0,887,6.787844982309579,0.786769,1687,7.430707082545968,800,6.68586094706836,829,6.721425700790643,0.9650180940892642,5100,8.537191877922927,5.749718151071026,0,79,4.382026634673881,6.241,6.0,1.9459101490553132,2,1,0,1.0,0.5,295.6666666666667,1.0,0,1,1,1,1,0,0,0,0,0,0,0,0,0,0,0,0,0,0,1,0,0,0,0,0,0,0,0.0,0.0,0.0,0.0,0.0,0.0,0.0,0.0,0.0,0.0,6.787844982309579,0.0,0.0,0.0,0.0,8.537191877922927
39854,336000.0,1018,6.925595197110468,1.036324,1018,6.925595197110468,0,0.0,0,0.0,0.0,0,0.0,0.0,0,38,3.6635616461296463,1.444,38.0,3.6635616461296463,2,2,0,2.0,1.0,254.5,1.0,1,0,0,0,0,0,0,0,0,1,0,0,0,0,0,0,0,0,0,0,0,0,0,1,0,0,0,6.925595197110468,0.0,0.0,0.0,0.0,0.0,0.0,0.0,0.0,0.0,0.0,0.0,0.0,6.925595197110468,3.6635616461296463,0.0
40102,502000.0,907,6.810142450115136,0.822649,1732,7.4570320891223805,825,6.716594773520978,907,6.811244378601294,0.9095920617420066,6250,8.740496729931813,6.890848952590959,0,68,4.23410650459726,4.624,0.0,0.0,2,2,0,2.0,1.0,226.75,1.0,0,1,1,1,1,0,0,0,0,0,0,0,0,0,0,0,0,0,1,0,0,0,0,0,0,0,0,0.0,0.0,0.0,0.0,0.0,0.0,0.0,0.0,0.0,6.810142450115136,0.0,0.0,0.0,0.0,0.0,8.740496729931813
40158,982500.0,2517,7.830822995135316,6.335289,2517,7.830822995135316,0,0.0,0,0.0,0.0,2204,7.6984827878809465,0.8756456098529996,0,11,2.4849066497880004,0.121,11.0,2.4849066497880004,3,2,2,3.0,1.0,503.4,3.0,0,0,1,0,0,0,0,0,0,0,0,0,0,0,1,0,0,0,0,0,0,0,0,1,0,0,0,0.0,0.0,0.0,0.0,0.0,7.830822995135316,0.0,0.0,0.0,0.0,0.0,0.0,0.0,0.0,0.0,7.6984827878809465
40182,354900.0,1002,6.90975328164481,1.004004,2004,7.602900462204755,1002,6.910750787961936,1002,6.910750787961936,1.0,7300,8.895766604056085,7.285429141716567,0,49,3.912023005428146,2.401,0.0,0.0,3,2,0,2.0,0.6666666666666666,200.4,1.0,0,1,1,1,1,0,0,0,0,0,0,0,0,0,0,0,1,0,0,0,0,0,0,0,0,0,0,0.0,0.0,0.0,0.0,0.0,0.0,0.0,6.90975328164481,0.0,0.0,0.0,0.0,0.0,0.0,0.0,8.895766604056085
40688,772000.0,1292,7.163946684342547,1.669264,1938,7.569411792450712,646,6.472346294500901,646,6.472346294500901,1.0,5060,8.529319371214077,3.91640866873065,0,20,3.044522437723423,0.4,20.0,3.044522437723423,2,3,0,3.0,1.5,258.4,2.0,0,0,1,1,1,0,0,0,0,0,0,0,0,0,1,0,0,0,0,0,0,0,1,0,0,0,0,0.0,0.0,0.0,0.0,0.0,7.163946684342547,0.0,0.0,0.0,0.0,0.0,0.0,0.0,0.0,0.0,8.529319371214077
40900,415500.0,2027,7.614312146452,4.108729,2027,7.614312146452,0,0.0,915,6.82001636467413,0.0,3424,8.138856750696325,1.689195855944746,0,1,0.6931471805599453,0.001,1.0,0.6931471805599453,3,2,1,2.5,0.8333333333333334,405.4,2.0,0,0,1,1,0,0,1,0,0,0,0,0,0,0,0,0,0,0,0,0,0,0,1,0,0,0,0,0.0,0.0,0.0,0.0,0.0,0.0,0.0,0.0,0.0,0.0,0.0,0.0,0.0,0.0,0.0,8.138856750696325
41310,345800.0,815,6.703188113240863,0.664225,1058,6.964135612418245,243,5.497168225293202,304,5.720311776607412,0.7993421052631579,2800,7.937731775260109,3.4355828220858897,0,109,4.700480365792417,11.881,10.0,2.3978952727983707,2,1,0,1.0,0.5,271.6666666666667,1.0,0,1,1,1,1,0,0,1,0,0,0,0,0,0,0,0,0,0,0,1,0,0,0,1,0,0,0,0.0,0.0,0.0,0.0,0.0,0.0,0.0,0.0,0.0,0.0,6.703188113240863,0.0,0.0,0.0,0.0,7.937731775260109
41360,350000.0,1065,6.970730078143525,1.134225,1065,6.970730078143525,0,0.0,0,0.0,0.0,0,0.0,0.0,0,63,4.1588830833596715,3.969,15.0,2.772588722239781,2,1,0,1.0,0.5,355.0,2.0,1,1,0,0,0,0,0,0,0,0,0,0,0,0,0,0,0,1,0,0,0,0,0,0,1,0,0,0.0,0.0,0.0,0.0,0.0,0.0,0.0,0.0,6.970730078143525,0.0,0.0,0.0,0.0,6.970730078143525,4.1588830833596715,0.0
41723,355000.0,1858,7.527255919373784,3.452164,1858,7.527255919373784,0,0.0,0,0.0,0.0,4680,8.45126704130007,2.5188374596340153,0,17,2.8903717578961645,0.289,17.0,2.8903717578961645,3,2,1,2.5,0.8333333333333334,371.6,2.0,0,0,1,0,0,0,0,0,0,0,0,0,0,0,0,0,0,0,0,0,0,0,1,0,0,0,0,0.0,0.0,0.0,0.0,0.0,0.0,0.0,0.0,0.0,0.0,0.0,0.0,0.0,0.0,0.0,8.45126704130007
41733,372500.0,2056,7.628517626575055,4.227136,2056,7.628517626575055,0,0.0,0,0.0,0.0,4590,8.431853144249223,2.232490272373541,0,4,1.6094379124341003,0.016,4.0,1.6094379124341003,2,2,1,2.5,1.25,514.0,1.5,0,1,1,0,0,0,0,0,0,0,0,0,0,0,0,0,0,0,0,0,0,0,0,0,0,0,1,0.0,0.0,0.0,0.0,0.0,0.0,0.0,0.0,0.0,0.0,0.0,0.0,0.0,0.0,0.0,8.431853144249223
41808,973539.0,3377,8.124743020385568,11.404129,3377,8.124743020385568,0,0.0,953,6.860663671448287,0.0,3600,8.188966863648876,1.0660349422564406,0,0,0.0,0.0,0.0,0.0,4,4,1,4.5,1.125,422.125,2.5,0,0,1,1,0,0,1,0,0,0,1,0,0,0,0,0,0,0,0,0,0,0,0,0,0,0,1,0.0,8.124743020385568,0.0,0.0,0.0,0.0,0.0,0.0,0.0,0.0,0.0,0.0,0.0,0.0,0.0,8.188966863648876
42012,574900.0,1545,7.3427791893318455,2.387025,2214,7.7025561132685825,669,6.507277712385012,704,6.558197802812269,0.9502840909090909,3074,8.031060180240619,1.9896440129449837,0,13,2.6390573296152584,0.169,13.0,2.6390573296152584,3,3,1,3.5,1.1666666666666667,257.5,2.0,0,1,1,1,1,0,0,0,0,0,1,0,0,0,0,0,0,0,0,0,0,0,1,0,0,0,0,0.0,7.3427791893318455,0.0,0.0,0.0,0.0,0.0,0.0,0.0,0.0,0.0,0.0,0.0,0.0,0.0,8.031060180240619
42228,379250.0,1682,7.427738840532894,2.829124,1682,7.427738840532894,0,0.0,665,6.501289670540389,0.0,3760,8.232440158470336,2.235434007134364,0,1,0.6931471805599453,0.001,1.0,0.6931471805599453,3,2,1,2.5,0.8333333333333334,336.4,2.0,0,0,1,1,0,0,1,0,0,0,0,0,0,0,0,0,0,0,0,0,0,0,1,0,0,0,0,0.0,0.0,0.0,0.0,0.0,0.0,0.0,0.0,0.0,0.0,0.0,0.0,0.0,0.0,0.0,8.232440158470336
42255,695000.0,1029,6.9363427358340495,1.058841,2006,7.603897968521881,977,6.885509670034818,1029,6.937314081223682,0.9494655004859086,6590,8.79346036105272,6.404275996112731,0,67,4.219507705176107,4.489,15.0,2.772588722239781,2,2,0,2.0,1.0,257.25,1.0,0,1,1,1,1,0,0,0,0,0,0,0,0,0,0,0,0,0,0,1,0,0,0,0,0,0,0,0.0,0.0,0.0,0.0,0.0,0.0,0.0,0.0,0.0,0.0,6.9363427358340495,0.0,0.0,0.0,0.0,8.79346036105272
43369,190000.0,801,6.68586094706836,0.641601,801,6.68586094706836,0,0.0,0,0.0,0.0,0,0.0,0.0,0,45,3.828641396489095,2.025,4.0,1.6094379124341003,1,1,0,1.0,1.0,400.5,1.0,1,1,0,0,0,0,0,0,0,0,0,0,1,0,0,0,0,0,0,0,0,0,0,0,1,0,0,0.0,0.0,0.0,6.68586094706836,0.0,0.0,0.0,0.0,0.0,0.0,0.0,0.0,0.0,6.68586094706836,3.828641396489095,0.0
43693,615000.0,1452,7.280697195384741,2.108304,2563,7.848933726364071,1111,7.013915474810528,1452,7.2813856635702825,0.7651515151515151,3864,8.259716961021523,2.6611570247933884,0,5,1.791759469228055,0.025,5.0,1.791759469228055,2,3,0,3.0,1.5,290.4,1.0,0,0,1,1,1,0,0,0,0,0,1,0,0,0,0,0,0,0,0,0,0,0,0,0,0,0,0,0.0,7.280697195384741,0.0,0.0,0.0,0.0,0.0,0.0,0.0,0.0,0.0,0.0,0.0,0.0,0.0,8.259716961021523
45609,344000.0,1534,7.335633981927201,2.353156,1534,7.335633981927201,0,0.0,0,0.0,0.0,2524,7.83399634170946,1.6453715775749673,0,17,2.8903717578961645,0.289,0.0,0.0,3,2,1,2.5,0.8333333333333334,306.8,2.0,0,1,1,0,0,0,0,0,0,0,0,0,0,0,0,0,0,0,0,0,0,0,0,0,1,0,0,0.0,0.0,0.0,0.0,0.0,0.0,0.0,0.0,0.0,0.0,0.0,0.0,0.0,0.0,0.0,7.83399634170946
45615,204158.0,1509,7.319202458767849,2.277081,1509,7.319202458767849,0,0.0,0,0.0,0.0,4699,8.45531778769815,3.1139827700463885,0,14,2.70805020110221,0.196,14.0,2.70805020110221,3,2,1,2.5,0.8333333333333334,301.8,2.0,0,0,1,0,0,0,0,0,0,0,0,0,0,0,0,0,0,0,0,0,0,0,1,0,0,0,0,0.0,0.0,0.0,0.0,0.0,0.0,0.0,0.0,0.0,0.0,0.0,0.0,0.0,0.0,0.0,8.45531778769815
45731,128798.0,817,6.705639094860003,0.667489,817,6.705639094860003,0,0.0,0,0.0,0.0,0,0.0,0.0,0,14,2.70805020110221,0.196,14.0,2.70805020110221,2,1,0,1.0,0.5,272.3333333333333,1.0,1,0,0,0,0,0,0,0,0,0,1,0,0,0,0,0,0,0,0,0,0,0,0,1,0,0,0,0.0,6.705639094860003,0.0,0.0,0.0,0.0,0.0,0.0,0.0,0.0,0.0,0.0,0.0,6.705639094860003,2.70805020110221,0.0
46215,510000.0,1498,7.311886164077165,2.244004,1498,7.311886164077165,0,0.0,0,0.0,0.0,1565,7.356279876550748,1.0447263017356476,0,40,3.713572066704308,1.6,0.0,0.0,3,2,1,2.5,0.8333333333333334,299.6,2.0,0,1,1,0,0,0,0,0,0,0,0,0,0,0,0,0,0,1,0,0,0,0,1,0,0,0,0,0.0,0.0,0.0,0.0,0.0,0.0,0.0,0.0,7.311886164077165,0.0,0.0,0.0,0.0,0.0,0.0,7.356279876550748
46380,465000.0,3298,8.101071503119543,10.876804,4898,8.496582237512113,1600,7.3783837129967145,1730,7.456454555176209,0.9248554913294798,5950,8.691314551644853,1.8041237113402062,0,0,0.0,0.0,0.0,0.0,3,4,1,4.5,1.5,471.14285714285717,2.0,0,0,1,1,1,0,1,0,0,0,0,0,0,0,0,0,0,0,1,0,0,0,1,0,0,0,0,0.0,0.0,0.0,0.0,0.0,0.0,0.0,0.0,0.0,8.101071503119543,0.0,0.0,0.0,0.0,0.0,8.691314551644853
46538,396000.0,795,6.678342114654332,0.632025,795,6.678342114654332,0,0.0,0,0.0,0.0,0,0.0,0.0,0,14,2.70805020110221,0.196,14.0,2.70805020110221,1,1,1,1.5,1.5,397.5,1.0,1,0,0,0,0,0,0,0,0,0,0,1,0,0,0,0,0,0,0,0,0,0,0,1,0,0,0,0.0,0.0,6.678342114654332,0.0,0.0,0.0,0.0,0.0,0.0,0.0,0.0,0.0,0.0,6.678342114654332,2.70805020110221,0.0
46645,470000.0,1551,7.346655163176539,2.405601,1551,7.346655163176539,0,0.0,0,0.0,0.0,0,0.0,0.0,0,18,2.9444389791664403,0.324,18.0,2.9444389791664403,2,2,0,2.0,1.0,387.75,1.0,1,0,0,0,0,0,0,0,0,0,0,0,0,1,0,0,0,0,0,0,0,0,0,0,1,0,0,0.0,0.0,0.0,0.0,7.346655163176539,0.0,0.0,0.0,0.0,0.0,0.0,0.0,0.0,7.346655163176539,2.9444389791664403,0.0
46840,1005000.0,1345,7.20414929203594,1.809025,1345,7.20414929203594,0,0.0,0,0.0,0.0,0,0.0,0.0,0,2,1.0986122886681098,0.004,2.0,1.0986122886681098,2,2,0,2.0,1.0,336.25,1.0,1,0,0,0,0,0,0,0,0,0,0,0,0,0,0,0,0,0,0,0,1,0,0,1,0,0,0,0.0,0.0,0.0,0.0,0.0,0.0,0.0,0.0,0.0,0.0,0.0,7.20414929203594,0.0,7.20414929203594,1.0986122886681098,0.0
47481,1293768.0,3080,8.03268487596762,9.4864,3080,8.03268487596762,0,0.0,1442,7.274479558773871,0.0,5115,8.540128162698734,1.6607142857142858,0,0,0.0,0.0,0.0,0.0,5,4,0,4.0,0.8,342.22222222222223,2.0,0,0,1,1,0,0,1,0,0,0,1,0,0,0,0,0,0,0,0,0,0,0,1,0,0,0,0,0.0,8.03268487596762,0.0,0.0,0.0,0.0,0.0,0.0,0.0,0.0,0.0,0.0,0.0,0.0,0.0,8.540128162698734
48204,665393.0,1962,7.581719640125308,3.849444,2851,7.955425088912672,889,6.7912214627261855,948,6.855408798609928,0.9377637130801688,4427,8.395703293828527,2.2563710499490317,0,0,0.0,0.0,0.0,0.0,3,3,1,3.5,1.1666666666666667,327.0,2.0,0,0,1,1,1,0,1,0,0,0,1,0,0,0,0,0,0,0,0,0,0,0,1,0,0,0,0,0.0,7.581719640125308,0.0,0.0,0.0,0.0,0.0,0.0,0.0,0.0,0.0,0.0,0.0,0.0,0.0,8.395703293828527
49145,351000.0,1168,7.0630481633881725,1.364224,1168,7.0630481633881725,0,0.0,0,0.0,0.0,9740,9.184099060770956,8.33904109589041,0,69,4.248495242049359,4.761,8.0,2.1972245773362196,2,1,0,1.0,0.5,389.3333333333333,1.0,0,1,1,0,0,0,0,0,0,0,0,0,0,0,0,0,0,1,0,0,0,0,0,0,0,0,0,0.0,0.0,0.0,0.0,0.0,0.0,0.0,0.0,7.0630481633881725,0.0,0.0,0.0,0.0,0.0,0.0,9.184099060770956
49248,194500.0,945,6.851184927493743,0.893025,945,6.851184927493743,0,0.0,0,0.0,0.0,0,0.0,0.0,0,55,4.02535169073515,3.025,55.0,4.02535169073515,2,1,0,1.0,0.5,315.0,1.0,1,0,0,0,0,0,0,0,0,0,0,0,0,0,0,0,0,0,0,0,0,1,0,1,0,0,0,0.0,0.0,0.0,0.0,0.0,0.0,0.0,0.0,0.0,0.0,0.0,0.0,6.851184927493743,6.851184927493743,4.02535169073515,0.0
49652,845090.0,1627,7.394493107219038,2.647129,2296,7.738923757439457,669,6.507277712385012,806,6.693323668269949,0.8300248138957816,2577,7.8547691834991324,1.5838967424708053,0,0,0.0,0.0,0.0,0.0,2,3,1,3.5,1.75,325.4,2.0,0,0,1,1,1,0,1,0,0,0,1,0,0,0,0,0,0,0,0,0,0,0,0,1,0,0,0,0.0,7.394493107219038,0.0,0.0,0.0,0.0,0.0,0.0,0.0,0.0,0.0,0.0,0.0,0.0,0.0,7.8547691834991324
50329,725307.0,2310,7.745002803515839,5.3361,3120,8.045588280803528,810,6.698268054115413,1215,7.103322062526113,0.6666666666666666,4500,8.412054873292933,1.948051948051948,0,0,0.0,0.0,0.0,0.0,4,4,1,4.5,1.125,288.75,2.0,0,0,1,1,1,0,1,0,0,0,1,0,0,0,0,0,0,0,0,0,0,0,1,0,0,0,0,0.0,7.745002803515839,0.0,0.0,0.0,0.0,0.0,0.0,0.0,0.0,0.0,0.0,0.0,0.0,0.0,8.412054873292933
50507,232000.0,1200,7.090076835776092,1.44,1200,7.090076835776092,0,0.0,0,0.0,0.0,0,0.0,0.0,0,56,4.04305126783455,3.136,0.0,0.0,2,2,0,2.0,1.0,300.0,1.0,1,1,0,0,0,0,0,0,0,0,0,0,0,0,0,0,0,0,0,0,0,1,0,0,1,0,0,0.0,0.0,0.0,0.0,0.0,0.0,0.0,0.0,0.0,0.0,0.0,0.0,7.090076835776092,7.090076835776092,4.04305126783455,0.0
50535,270000.0,955,6.86171134048073,0.912025,955,6.86171134048073,0,0.0,0,0.0,0.0,0,0.0,0.0,0,21,3.091042453358316,0.441,0.0,0.0,2,2,0,2.0,1.0,238.75,1.0,1,1,0,0,0,0,0,0,0,0,0,0,0,0,0,1,0,0,0,0,0,0,0,1,0,0,0,0.0,0.0,0.0,0.0,0.0,0.0,6.86171134048073,0.0,0.0,0.0,0.0,0.0,0.0,6.86171134048073,3.091042453358316,0.0
50752,608000.0,3745,8.22817689595132,14.025025,3745,8.22817689595132,0,0.0,1312,7.180069874302796,0.0,6600,8.79497643168877,1.7623497997329773,0,1,0.6931471805599453,0.001,1.0,0.6931471805599453,4,2,1,2.5,0.625,624.1666666666666,2.0,0,0,1,1,0,0,1,0,0,0,0,0,0,0,0,0,0,0,0,0,0,0,1,0,0,0,0,0.0,0.0,0.0,0.0,0.0,0.0,0.0,0.0,0.0,0.0,0.0,0.0,0.0,0.0,0.0,8.79497643168877
51846,1550000.0,3392,8.129174996911793,11.505664,3392,8.129174996911793,0,0.0,0,0.0,0.0,0,0.0,0.0,0,99,4.605170185988092,9.801,17.0,2.8903717578961645,3,3,0,3.0,1.0,565.3333333333334,2.5,1,1,0,0,0,0,0,1,0,0,0,1,0,0,0,0,0,0,0,0,0,0,0,1,0,0,0,0.0,0.0,8.129174996911793,0.0,0.0,0.0,0.0,0.0,0.0,0.0,0.0,0.0,0.0,8.129174996911793,4.605170185988092,0.0
52084,537500.0,1290,7.162397497355718,1.6641,1890,7.5443321080536885,600,6.398594934535208,645,6.470799503782602,0.9302325581395349,1937,7.569411792450712,1.5015503875968992,0,125,4.836281906951478,15.625,3.0,1.3862943611198906,2,2,0,2.0,1.0,322.5,2.0,0,1,1,1,1,0,0,1,0,0,0,1,0,0,0,0,0,0,0,0,0,0,0,1,0,0,0,0.0,0.0,7.162397497355718,0.0,0.0,0.0,0.0,0.0,0.0,0.0,0.0,0.0,0.0,0.0,0.0,7.569411792450712
52183,269000.0,1398,7.242797922793756,1.954404,1398,7.242797922793756,0,0.0,0,0.0,0.0,2285,7.734558844354756,1.63447782546495,0,16,2.833213344056216,0.256,9.0,2.302585092994046,3,2,1,2.5,0.8333333333333334,279.6,2.0,0,1,1,0,0,0,0,0,0,0,0,0,0,0,0,0,1,0,0,0,0,0,0,1,0,0,0,0.0,0.0,0.0,0.0,0.0,0.0,0.0,7.242797922793756,0.0,0.0,0.0,0.0,0.0,0.0,0.0,7.734558844354756
52309,475000.0,2699,7.900636613018005,7.284601,2699,7.900636613018005,0,0.0,918,6.823286122355687,0.0,7717,8.951310542097564,2.859207113745832,0,3,1.3862943611198906,0.009,3.0,1.3862943611198906,4,3,1,3.5,0.875,385.57142857142856,2.0,0,0,1,1,0,0,0,0,0,0,0,0,0,0,0,0,0,0,0,0,0,0,1,0,0,0,0,0.0,0.0,0.0,0.0,0.0,0.0,0.0,0.0,0.0,0.0,0.0,0.0,0.0,0.0,0.0,8.951310542097564
52396,325000.0,1283,7.1569563646156364,1.646089,1283,7.1569563646156364,0,0.0,580,6.364750756851911,0.0,5040,8.525359754082631,3.9282930631332813,0,33,3.5263605246161616,1.089,33.0,3.5263605246161616,3,2,0,2.0,0.6666666666666666,256.6,2.0,0,0,1,1,0,0,0,0,0,0,0,0,0,0,0,0,1,0,0,0,0,0,1,0,0,0,0,0.0,0.0,0.0,0.0,0.0,0.0,0.0,7.1569563646156364,0.0,0.0,0.0,0.0,0.0,0.0,0.0,8.525359754082631
52554,465000.0,840,6.733401891837359,0.7056,840,6.733401891837359,0,0.0,0,0.0,0.0,0,0.0,0.0,0,1,0.6931471805599453,0.001,1.0,0.6931471805599453,1,1,0,1.0,1.0,420.0,1.0,1,0,0,0,0,0,1,0,0,0,0,1,0,0,0,0,0,0,0,0,0,0,0,0,1,0,0,0.0,0.0,6.733401891837359,0.0,0.0,0.0,0.0,0.0,0.0,0.0,0.0,0.0,0.0,6.733401891837359,0.6931471805599453,0.0
53907,800000.0,2650,7.882314918980268,7.0225,3619,8.193953023563742,969,6.877296071497429,1020,6.928537818164665,0.95,3832,8.251403065380556,1.4460377358490566,0,24,3.2188758248682006,0.576,0.0,0.0,3,4,1,4.5,1.5,378.57142857142856,3.0,0,1,1,1,1,0,0,0,0,1,0,0,0,0,0,0,0,0,0,0,0,0,0,1,0,0,0,7.882314918980268,0.0,0.0,0.0,0.0,0.0,0.0,0.0,0.0,0.0,0.0,0.0,0.0,0.0,0.0,8.251403065380556
53935,330000.0,1236,7.119635638017636,1.527696,1236,7.119635638017636,0,0.0,0,0.0,0.0,6760,8.818926087090677,5.46925566343042,0,33,3.5263605246161616,1.089,5.0,1.791759469228055,3,2,0,2.0,0.6666666666666666,247.2,2.0,0,1,1,0,0,0,0,0,0,0,0,0,0,0,0,0,0,0,0,0,0,0,1,0,0,0,0,0.0,0.0,0.0,0.0,0.0,0.0,0.0,0.0,0.0,0.0,0.0,0.0,0.0,0.0,0.0,8.818926087090677
54281,223800.0,1039,6.946013991099227,1.079521,1984,7.592870287844818,945,6.852242569051878,1039,6.946975992135418,0.9095283926852743,7500,8.922791623969637,7.218479307025986,0,49,3.912023005428146,2.401,49.0,3.912023005428146,3,3,0,3.0,1.0,173.16666666666666,1.0,0,0,1,1,1,0,0,0,0,0,0,0,0,0,0,0,1,0,0,0,0,0,0,0,0,0,0,0.0,0.0,0.0,0.0,0.0,0.0,0.0,6.946013991099227,0.0,0.0,0.0,0.0,0.0,0.0,0.0,8.922791623969637
54293,226900.0,900,6.802394763324311,0.81,900,6.802394763324311,0,0.0,0,0.0,0.0,470,6.154858094016418,0.5222222222222223,0,46,3.8501476017100584,2.116,1.0,0.6931471805599453,2,1,1,1.5,0.75,300.0,2.0,0,1,1,0,0,0,0,0,0,0,0,0,0,1,0,0,0,0,0,0,0,0,0,0,1,0,0,0.0,0.0,0.0,0.0,6.802394763324311,0.0,0.0,0.0,0.0,0.0,0.0,0.0,0.0,0.0,0.0,6.154858094016418
54849,248959.0,1361,7.215975002651466,1.852321,1361,7.215975002651466,0,0.0,0,0.0,0.0,694,6.543911845564792,0.5099191770756797,0,2,1.0986122886681098,0.004,2.0,1.0986122886681098,3,2,1,2.5,0.8333333333333334,272.2,3.0,0,0,1,0,0,0,0,0,0,0,0,1,0,0,0,0,0,0,0,0,0,0,0,0,1,0,0,0.0,0.0,7.215975002651466,0.0,0.0,0.0,0.0,0.0,0.0,0.0,0.0,0.0,0.0,0.0,0.0,6.543911845564792
55084,644500.0,1317,7.183111701743281,1.734489,2122,7.660114319173928,805,6.692083742506628,894,6.796823718274855,0.9004474272930649,6110,8.717845704894916,4.639331814730448,0,73,4.30406509320417,5.329,2.0,1.0986122886681098,2,3,0,3.0,1.5,263.4,1.0,0,1,1,1,1,0,0,0,0,0,0,0,0,0,0,0,0,1,0,0,0,0,0,0,0,0,0,0.0,0.0,0.0,0.0,0.0,0.0,0.0,0.0,7.183111701743281,0.0,0.0,0.0,0.0,0.0,0.0,8.717845704894916
56195,350000.0,1000,6.907755278982137,1.0,1344,7.203405521083095,344,5.84354441703136,444,6.09807428216624,0.7747747747747747,4125,8.325063693631197,4.125,516,29,3.4011973816621555,0.841,0.0,0.0,3,2,0,2.0,0.6666666666666666,200.0,1.0,0,1,1,1,1,1,0,0,0,0,0,0,0,0,0,0,0,0,0,0,0,0,0,0,0,1,0,0.0,0.0,0.0,0.0,0.0,0.0,0.0,0.0,0.0,0.0,0.0,0.0,0.0,0.0,0.0,8.325063693631197
57176,557500.0,1668,7.419380582918692,2.782224,2179,7.68662133494462,511,6.238324625039508,568,6.343880434126331,0.8996478873239436,12294,9.416947954650293,7.370503597122302,840,50,3.9318256327243257,2.5,0.0,0.0,3,3,1,3.5,1.1666666666666667,278.0,1.0,0,1,1,1,1,1,0,0,0,0,0,0,0,1,0,0,0,0,0,0,0,0,0,0,0,1,0,0.0,0.0,0.0,0.0,7.419380582918692,0.0,0.0,0.0,0.0,0.0,0.0,0.0,0.0,0.0,0.0,9.416947954650293
57195,255000.0,1240,7.122866658599083,1.5376,1240,7.122866658599083,0,0.0,0,0.0,0.0,0,0.0,0.0,0,17,2.8903717578961645,0.289,17.0,2.8903717578961645,3,2,0,2.0,0.6666666666666666,248.0,1.0,1,0,0,0,0,0,0,0,0,0,0,0,0,0,0,1,0,0,0,0,0,0,0,1,0,0,0,0.0,0.0,0.0,0.0,0.0,0.0,7.122866658599083,0.0,0.0,0.0,0.0,0.0,0.0,7.122866658599083,2.8903717578961645,0.0
57534,182500.0,687,6.532334292222349,0.471969,687,6.532334292222349,0,0.0,0,0.0,0.0,0,0.0,0.0,0,57,4.060443010546419,3.249,57.0,4.060443010546419,1,1,0,1.0,1.0,343.5,1.0,1,0,0,0,0,0,0,0,0,0,0,0,0,0,0,0,0,1,0,0,0,0,0,0,1,0,0,0.0,0.0,0.0,0.0,0.0,0.0,0.0,0.0,6.532334292222349,0.0,0.0,0.0,0.0,6.532334292222349,4.060443010546419,0.0
57672,435000.0,1067,6.9726062513017535,1.138489,1067,6.9726062513017535,0,0.0,217,5.384495062789089,0.0,1167,7.0630481633881725,1.0937207122774133,0,129,4.867534450455582,16.641,17.0,2.8903717578961645,2,2,0,2.0,1.0,266.75,2.0,0,1,1,1,0,0,0,1,0,0,0,0,0,0,1,0,0,0,0,0,0,0,0,0,1,0,0,0.0,0.0,0.0,0.0,0.0,6.9726062513017535,0.0,0.0,0.0,0.0,0.0,0.0,0.0,0.0,0.0,7.0630481633881725
58123,335000.0,1122,7.022868086082641,1.258884,1122,7.022868086082641,0,0.0,0,0.0,0.0,1066,6.9726062513017535,0.9500891265597148,0,14,2.70805020110221,0.196,14.0,2.70805020110221,2,1,1,1.5,0.75,374.0,2.0,0,0,1,0,0,0,0,0,0,0,1,0,0,0,0,0,0,0,0,0,0,0,0,1,0,0,0,0.0,7.022868086082641,0.0,0.0,0.0,0.0,0.0,0.0,0.0,0.0,0.0,0.0,0.0,0.0,0.0,6.9726062513017535
58359,515500.0,1614,7.3864708488298945,2.604996,2054,7.627544390488503,440,6.089044875446846,467,6.148468295917647,0.9421841541755889,5754,8.657824321155983,3.5650557620817844,0,22,3.1354942159291497,0.484,0.0,0.0,3,2,1,2.5,0.8333333333333334,322.8,2.0,0,1,1,1,1,0,0,0,0,0,0,0,0,0,0,1,0,0,0,0,0,0,1,0,0,0,0,0.0,0.0,0.0,0.0,0.0,0.0,7.3864708488298945,0.0,0.0,0.0,0.0,0.0,0.0,0.0,0.0,8.657824321155983
58671,197000.0,1019,6.926577033222725,1.038361,1019,6.926577033222725,0,0.0,0,0.0,0.0,0,0.0,0.0,0,37,3.6375861597263857,1.369,37.0,3.6375861597263857,2,2,0,2.0,1.0,254.75,1.0,1,0,0,0,0,0,0,0,0,0,0,0,0,0,0,0,0,0,0,0,0,1,0,1,0,0,0,0.0,0.0,0.0,0.0,0.0,0.0,0.0,0.0,0.0,0.0,0.0,0.0,6.926577033222725,6.926577033222725,3.6375861597263857,0.0
58786,235000.0,1056,6.962243464266207,1.115136,1056,6.962243464266207,0,0.0,0,0.0,0.0,0,0.0,0.0,0,18,2.9444389791664403,0.324,2.0,1.0986122886681098,1,2,0,2.0,2.0,352.0,1.0,1,1,0,0,0,0,0,0,0,0,0,0,0,0,0,0,0,0,0,0,0,0,0,0,1,0,0,0.0,0.0,0.0,0.0,0.0,0.0,0.0,0.0,0.0,0.0,0.0,0.0,0.0,6.962243464266207,2.9444389791664403,0.0
58829,365000.0,1345,7.20414929203594,1.809025,2132,7.664815785285735,787,6.669498089857879,828,6.720220155135295,0.9504830917874396,0,0.0,0.0,0,45,3.828641396489095,2.025,45.0,3.828641396489095,3,2,1,2.5,0.8333333333333334,269.0,1.0,1,0,0,1,1,0,0,0,0,0,0,0,0,0,0,1,0,0,0,0,0,0,0,1,0,0,0,0.0,0.0,0.0,0.0,0.0,0.0,7.20414929203594,0.0,0.0,0.0,0.0,0.0,0.0,7.20414929203594,3.828641396489095,0.0
59244,922878.0,1966,7.583756300707112,3.865156,1966,7.583756300707112,0,0.0,1021,6.92951677076365,0.0,3150,8.055475141757274,1.602238046795524,0,0,0.0,0.0,0.0,0.0,3,2,1,2.5,0.8333333333333334,393.2,2.0,0,0,1,1,0,0,1,0,0,0,1,0,0,0,0,0,0,0,0,0,0,0,1,0,0,0,0,0.0,7.583756300707112,0.0,0.0,0.0,0.0,0.0,0.0,0.0,0.0,0.0,0.0,0.0,0.0,0.0,8.055475141757274
59267,168500.0,1035,6.942156705699469,1.071225,1035,6.942156705699469,0,0.0,0,0.0,0.0,0,0.0,0.0,0,49,3.912023005428146,2.401,49.0,3.912023005428146,2,2,0,2.0,1.0,258.75,1.0,1,0,0,0,0,0,0,0,0,0,0,0,1,0,0,0,0,0,0,0,0,0,0,0,1,0,0,0.0,0.0,0.0,6.942156705699469,0.0,0.0,0.0,0.0,0.0,0.0,0.0,0.0,0.0,6.942156705699469,3.912023005428146,0.0
59672,349525.0,1866,7.531552381407289,3.481956,1866,7.531552381407289,0,0.0,0,0.0,0.0,2160,7.6783263565068856,1.157556270096463,0,1,0.6931471805599453,0.001,1.0,0.6931471805599453,4,2,1,2.5,0.625,311.0,2.0,0,0,1,0,0,0,1,0,0,0,0,0,0,0,0,0,0,0,0,0,0,0,0,0,1,0,0,0.0,0.0,0.0,0.0,0.0,0.0,0.0,0.0,0.0,0.0,0.0,0.0,0.0,0.0,0.0,7.6783263565068856
60184,469900.0,1324,7.188412736496954,1.752976,1937,7.5688956634069955,613,6.419994928147142,613,6.419994928147142,1.0,9370,9.145375093123823,7.077039274924472,414,54,4.007333185232471,2.916,0.0,0.0,3,3,0,3.0,1.0,220.66666666666666,1.0,0,1,1,1,1,1,0,0,0,0,0,0,1,0,0,0,0,0,0,0,0,0,0,0,0,1,0,0.0,0.0,0.0,7.188412736496954,0.0,0.0,0.0,0.0,0.0,0.0,0.0,0.0,0.0,0.0,0.0,9.145375093123823
60756,209000.0,706,6.559615237493242,0.498436,706,6.559615237493242,0,0.0,0,0.0,0.0,0,0.0,0.0,0,37,3.6375861597263857,1.369,11.0,2.4849066497880004,2,1,0,1.0,0.5,235.33333333333334,1.0,1,1,0,0,0,0,0,0,0,0,0,0,0,0,0,1,0,0,0,0,0,0,0,1,0,0,0,0.0,0.0,0.0,0.0,0.0,0.0,6.559615237493242,0.0,0.0,0.0,0.0,0.0,0.0,6.559615237493242,3.6375861597263857,0.0
61065,325000.0,1400,7.24422751560335,1.96,1400,7.24422751560335,0,0.0,0,0.0,0.0,4137,8.327967858305488,2.955,0,19,2.995732273553991,0.361,19.0,2.995732273553991,3,2,1,2.5,0.8333333333333334,280.0,2.0,0,0,1,0,0,0,0,0,0,0,0,0,0,0,0,0,0,0,0,0,0,0,1,0,0,0,0,0.0,0.0,0.0,0.0,0.0,0.0,0.0,0.0,0.0,0.0,0.0,0.0,0.0,0.0,0.0,8.327967858305488
61215,324375.0,1643,7.404279118037268,2.699449,1643,7.404279118037268,0,0.0,0,0.0,0.0,1775,7.4821189235521155,1.080340839926963,0,1,0.6931471805599453,0.001,1.0,0.6931471805599453,3,2,1,2.5,0.8333333333333334,328.6,2.0,0,0,1,0,0,0,1,0,0,0,0,0,0,0,0,0,0,0,0,0,0,0,0,1,0,0,0,0.0,0.0,0.0,0.0,0.0,0.0,0.0,0.0,0.0,0.0,0.0,0.0,0.0,0.0,0.0,7.4821189235521155
61491,489595.0,2275,7.729735331385051,5.175625,2275,7.729735331385051,0,0.0,1437,7.271008538280992,0.0,6615,8.797246236703527,2.9076923076923076,0,1,0.6931471805599453,0.001,1.0,0.6931471805599453,3,2,1,2.5,0.8333333333333334,455.0,1.0,0,0,1,1,0,0,1,0,0,0,0,0,0,0,0,0,0,0,0,0,0,0,0,0,0,0,0,0.0,0.0,0.0,0.0,0.0,0.0,0.0,0.0,0.0,0.0,0.0,0.0,0.0,0.0,0.0,8.797246236703527
62544,499900.0,2239,7.713784616598755,5.013121,2519,7.831617276352611,280,5.638354669333745,1125,7.026426808699636,0.24888888888888888,6790,8.823353485113792,3.0326038410004466,0,30,3.4339872044851463,0.9,30.0,3.4339872044851463,3,2,1,2.5,0.8333333333333334,447.8,2.0,0,0,1,1,1,0,0,0,0,0,0,0,1,0,0,0,0,0,0,0,0,0,1,0,0,0,0,0.0,0.0,0.0,7.713784616598755,0.0,0.0,0.0,0.0,0.0,0.0,0.0,0.0,0.0,0.0,0.0,8.823353485113792
62563,675000.0,1199,7.089243155027514,1.437601,1199,7.089243155027514,0,0.0,0,0.0,0.0,0,0.0,0.0,0,14,2.70805020110221,0.196,14.0,2.70805020110221,2,2,0,2.0,1.0,299.75,1.0,1,0,0,0,0,0,0,0,0,0,0,0,0,0,0,0,0,0,0,0,1,0,0,1,0,0,0,0.0,0.0,0.0,0.0,0.0,0.0,0.0,0.0,0.0,0.0,0.0,7.089243155027514,0.0,7.089243155027514,2.70805020110221,0.0
62728,618000.0,1614,7.3864708488298945,2.604996,1614,7.3864708488298945,0,0.0,165,5.111987788356544,0.0,5460,8.605387202152153,3.382899628252788,0,114,4.74493212836325,12.996,0.0,0.0,3,2,0,2.0,0.6666666666666666,322.8,1.0,0,1,1,1,0,0,0,1,0,0,0,0,0,0,0,0,0,0,0,1,0,0,0,0,0,0,0,0.0,0.0,0.0,0.0,0.0,0.0,0.0,0.0,0.0,0.0,7.3864708488298945,0.0,0.0,0.0,0.0,8.605387202152153
62845,533614.0,1609,7.3833681469923835,2.588881,2278,7.731053144007127,669,6.507277712385012,797,6.682108597449809,0.8393977415307403,2475,7.814399633804487,1.5382224984462398,0,0,0.0,0.0,0.0,0.0,2,3,1,3.5,1.75,321.8,2.0,0,0,1,1,1,0,1,0,0,0,1,0,0,0,0,0,0,0,0,0,0,0,0,1,0,0,0,0.0,7.3833681469923835,0.0,0.0,0.0,0.0,0.0,0.0,0.0,0.0,0.0,0.0,0.0,0.0,0.0,7.814399633804487
62920,441700.0,1334,7.195937226475569,1.779556,1334,7.195937226475569,0,0.0,0,0.0,0.0,2112,7.655864017616056,1.583208395802099,0,12,2.5649493574615367,0.144,12.0,2.5649493574615367,3,2,1,2.5,0.8333333333333334,266.8,2.0,0,0,1,0,0,0,0,0,0,0,1,0,0,0,0,0,0,0,0,0,0,0,1,0,0,0,0,0.0,7.195937226475569,0.0,0.0,0.0,0.0,0.0,0.0,0.0,0.0,0.0,0.0,0.0,0.0,0.0,7.655864017616056
63107,475000.0,3948,8.280964400553373,15.586704,3948,8.280964400553373,0,0.0,1664,7.417580402414544,0.0,8768,9.078978053779355,2.220871327254306,0,16,2.833213344056216,0.256,16.0,2.833213344056216,5,2,1,2.5,0.5,564.0,2.5,0,1,1,1,0,0,0,0,0,0,0,0,0,0,0,0,0,0,0,0,0,0,0,0,0,0,1,0.0,0.0,0.0,0.0,0.0,0.0,0.0,0.0,0.0,0.0,0.0,0.0,0.0,0.0,0.0,9.078978053779355
63325,512000.0,1722,7.451241684987676,2.965284,1722,7.451241684987676,0,0.0,653,6.483107351457199,0.0,1931,7.566311014772463,1.12137049941928,0,7,2.0794415416798357,0.049,7.0,2.0794415416798357,3,2,1,2.5,0.8333333333333334,344.4,2.0,0,0,1,1,0,0,0,0,0,0,1,0,0,0,0,0,0,0,0,0,0,0,0,1,0,0,0,0.0,7.451241684987676,0.0,0.0,0.0,0.0,0.0,0.0,0.0,0.0,0.0,0.0,0.0,0.0,0.0,7.566311014772463
63498,185000.0,341,5.831882477283517,0.116281,341,5.831882477283517,0,0.0,0,0.0,0.0,0,0.0,0.0,0,53,3.9889840465642745,2.809,0.0,0.0,0,1,0,1.0,1.0,341.0,1.0,1,1,0,0,0,0,0,0,1,1,0,0,0,0,0,0,0,0,0,0,0,0,0,0,1,0,0,5.831882477283517,0.0,0.0,0.0,0.0,0.0,0.0,0.0,0.0,0.0,0.0,0.0,0.0,5.831882477283517,3.9889840465642745,0.0
63789,433500.0,1285,7.158513997329321,1.651225,1285,7.158513997329321,0,0.0,0,0.0,0.0,6016,8.702344075220351,4.68171206225681,425,42,3.7612001156935624,1.764,0.0,0.0,3,3,0,3.0,1.0,214.16666666666666,1.0,0,1,1,0,0,1,0,0,0,0,0,0,0,0,0,1,0,0,0,0,0,0,0,0,0,1,0,0.0,0.0,0.0,0.0,0.0,0.0,7.158513997329321,0.0,0.0,0.0,0.0,0.0,0.0,0.0,0.0,8.702344075220351
63822,363000.0,995,6.902742737158593,0.990025,995,6.902742737158593,0,0.0,0,0.0,0.0,0,0.0,0.0,0,18,2.9444389791664403,0.324,18.0,2.9444389791664403,2,1,0,1.0,0.5,331.6666666666667,1.0,1,1,0,0,0,0,0,0,0,0,0,1,0,0,0,0,0,0,0,0,0,0,0,0,1,0,0,0.0,0.0,6.902742737158593,0.0,0.0,0.0,0.0,0.0,0.0,0.0,0.0,0.0,0.0,6.902742737158593,2.9444389791664403,0.0
63877,799408.0,1569,7.358193752733032,2.461761,2825,7.946263643580541,1256,7.136483208590247,1569,7.358830898342354,0.8005098789037604,3870,8.261268150577648,2.4665391969407264,0,0,0.0,0.0,0.0,0.0,2,3,0,3.0,1.5,313.8,1.0,0,0,1,1,1,0,1,0,0,0,1,0,0,0,0,0,0,0,0,0,0,0,0,0,0,0,0,0.0,7.358193752733032,0.0,0.0,0.0,0.0,0.0,0.0,0.0,0.0,0.0,0.0,0.0,0.0,0.0,8.261268150577648
64257,407711.0,1693,7.4342573821331355,2.866249,2431,7.796057974316123,738,6.6052979209482015,1693,7.434847875211999,0.43591258121677495,5741,8.655562860681009,3.3910218546958064,0,0,0.0,0.0,0.0,0.0,2,2,0,2.0,1.0,423.25,1.0,0,0,1,1,1,0,1,0,0,0,0,0,0,0,0,0,0,0,0,0,0,0,0,0,0,0,0,0.0,0.0,0.0,0.0,0.0,0.0,0.0,0.0,0.0,0.0,0.0,0.0,0.0,0.0,0.0,8.655562860681009
64920,1075000.0,3698,8.21554741194707,13.675204,3698,8.21554741194707,0,0.0,1695,7.4360278163518485,0.0,8125,9.002824076547672,2.197133585722012,0,128,4.859812404361672,16.384,20.0,3.044522437723423,4,2,1,2.5,0.625,616.3333333333334,2.0,0,1,1,1,0,0,0,1,0,0,0,0,0,0,0,0,0,1,0,0,0,0,1,0,0,0,0,0.0,0.0,0.0,0.0,0.0,0.0,0.0,0.0,8.21554741194707,0.0,0.0,0.0,0.0,0.0,0.0,9.002824076547672
64991,345825.0,1682,7.427738840532894,2.829124,1682,7.427738840532894,0,0.0,0,0.0,0.0,4244,8.353497098745448,2.5231866825208087,0,1,0.6931471805599453,0.001,1.0,0.6931471805599453,3,2,1,2.5,0.8333333333333334,336.4,2.0,0,0,1,0,0,0,1,0,0,0,0,0,0,0,0,0,0,0,0,0,0,0,1,0,0,0,0,0.0,0.0,0.0,0.0,0.0,0.0,0.0,0.0,0.0,0.0,0.0,0.0,0.0,0.0,0.0,8.353497098745448
65070,565000.0,2067,7.633853559681768,4.272489,3366,8.121480374750751,1299,7.170119543449628,1367,7.221105098182496,0.950256035113387,2759,7.9229859587111955,1.3347847121432026,0,41,3.7376696182833684,1.681,0.0,0.0,2,3,0,3.0,1.5,413.4,2.0,0,1,1,1,1,0,0,0,0,0,0,0,0,1,0,0,0,0,0,0,0,0,0,1,0,0,0,0.0,0.0,0.0,0.0,7.633853559681768,0.0,0.0,0.0,0.0,0.0,0.0,0.0,0.0,0.0,0.0,7.9229859587111955
65331,875000.0,2340,7.757906208351747,5.4756,2340,7.757906208351747,0,0.0,0,0.0,0.0,0,0.0,0.0,0,13,2.6390573296152584,0.169,13.0,2.6390573296152584,3,3,1,3.5,1.1666666666666667,390.0,3.0,1,0,0,0,0,0,0,0,0,0,0,1,0,0,0,0,0,0,0,0,0,0,0,1,0,0,0,0.0,0.0,7.757906208351747,0.0,0.0,0.0,0.0,0.0,0.0,0.0,0.0,0.0,0.0,7.757906208351747,2.6390573296152584,0.0
65418,762500.0,2270,7.727535110475448,5.1529,2270,7.727535110475448,0,0.0,0,0.0,0.0,959,6.866933284461882,0.4224669603524229,0,6,1.9459101490553132,0.036,6.0,1.9459101490553132,3,3,1,3.5,1.1666666666666667,378.3333333333333,4.0,0,0,1,0,0,0,0,0,0,0,0,0,0,0,0,0,0,0,0,1,0,0,0,0,1,0,0,0.0,0.0,0.0,0.0,0.0,0.0,0.0,0.0,0.0,0.0,7.727535110475448,0.0,0.0,0.0,0.0,6.866933284461882
65898,246900.0,1247,7.1284959456800365,1.555009,1247,7.1284959456800365,0,0.0,0,0.0,0.0,0,0.0,0.0,0,41,3.7376696182833684,1.681,41.0,3.7376696182833684,2,2,0,2.0,1.0,311.75,1.0,1,0,0,0,0,0,0,0,0,0,0,0,1,0,0,0,0,0,0,0,0,0,0,1,0,0,0,0.0,0.0,0.0,7.1284959456800365,0.0,0.0,0.0,0.0,0.0,0.0,0.0,0.0,0.0,7.1284959456800365,3.7376696182833684,0.0
66194,906500.0,2977,7.998671361015776,8.862529,3862,8.258940462988459,885,6.786716950605081,1461,7.2875606403097235,0.6057494866529775,4500,8.412054873292933,1.5115888478333894,0,9,2.302585092994046,0.081,9.0,2.302585092994046,4,4,1,4.5,1.125,372.125,2.0,0,0,1,1,1,0,0,0,0,0,1,0,0,0,0,0,0,0,0,0,0,0,1,0,0,0,0,0.0,7.998671361015776,0.0,0.0,0.0,0.0,0.0,0.0,0.0,0.0,0.0,0.0,0.0,0.0,0.0,8.412054873292933
66838,484406.0,2022,7.611842399580417,4.088484,2022,7.611842399580417,0,0.0,781,6.661854740545311,0.0,2600,7.8636512654486515,1.2858555885262117,0,0,0.0,0.0,0.0,0.0,3,2,1,2.5,0.8333333333333334,404.4,2.0,0,0,1,1,0,0,1,0,0,0,1,0,0,0,0,0,0,0,0,0,0,0,0,1,0,0,0,0.0,7.611842399580417,0.0,0.0,0.0,0.0,0.0,0.0,0.0,0.0,0.0,0.0,0.0,0.0,0.0,7.8636512654486515
68054,328400.0,832,6.723832440821209,0.692224,1624,7.392647520721623,792,6.675823221634848,832,6.725033642166843,0.9519230769230769,6800,8.824824939175638,8.173076923076923,0,69,4.248495242049359,4.761,0.0,0.0,2,2,0,2.0,1.0,208.0,1.0,0,1,1,1,1,0,0,0,0,0,0,0,0,0,0,0,0,0,1,0,0,0,0,0,0,0,0,0.0,0.0,0.0,0.0,0.0,0.0,0.0,0.0,0.0,6.723832440821209,0.0,0.0,0.0,0.0,0.0,8.824824939175638
68061,195000.0,945,6.851184927493743,0.893025,945,6.851184927493743,0,0.0,0,0.0,0.0,0,0.0,0.0,0,50,3.9318256327243257,2.5,0.0,0.0,2,1,0,1.0,0.5,315.0,1.0,1,1,0,0,0,0,0,0,0,0,0,0,0,0,0,0,0,0,0,0,0,1,0,1,0,0,0,0.0,0.0,0.0,0.0,0.0,0.0,0.0,0.0,0.0,0.0,0.0,0.0,6.851184927493743,6.851184927493743,3.9318256327243257,0.0
69794,715000.0,1528,7.331714969726466,2.334784,2253,7.720017940432244,725,6.587550014824796,764,6.639875833826536,0.9489528795811518,1879,7.539027055823995,1.2297120418848169,0,14,2.70805020110221,0.196,14.0,2.70805020110221,3,3,1,3.5,1.1666666666666667,254.66666666666666,2.0,0,0,1,1,1,0,0,0,0,0,0,0,0,0,1,0,0,0,0,0,0,0,0,1,0,0,0,0.0,0.0,0.0,0.0,0.0,7.331714969726466,0.0,0.0,0.0,0.0,0.0,0.0,0.0,0.0,0.0,7.539027055823995
70873,253000.0,1630,7.396335293800808,2.6569,1630,7.396335293800808,0,0.0,535,6.284134161070802,0.0,5000,8.517393171418904,3.067484662576687,431,19,2.995732273553991,0.361,19.0,2.995732273553991,4,2,1,2.5,0.625,271.6666666666667,1.0,0,1,1,1,0,1,0,0,0,0,0,0,0,0,0,0,1,0,0,0,0,0,0,0,0,1,0,0.0,0.0,0.0,0.0,0.0,0.0,0.0,7.396335293800808,0.0,0.0,0.0,0.0,0.0,0.0,0.0,8.517393171418904
71310,490000.0,1038,6.945051063725834,1.077444,2076,7.638198244285779,1038,6.946013991099227,1038,6.946013991099227,1.0,4690,8.453401058328458,4.518304431599229,0,89,4.499809670330265,7.921,89.0,4.499809670330265,1,2,0,2.0,2.0,346.0,1.0,0,0,1,1,1,0,0,1,0,0,0,0,0,0,1,0,0,0,0,0,0,0,0,0,0,0,0,0.0,0.0,0.0,0.0,0.0,6.945051063725834,0.0,0.0,0.0,0.0,0.0,0.0,0.0,0.0,0.0,8.453401058328458
71692,630000.0,1393,7.239214973779806,1.940449,1393,7.239214973779806,0,0.0,0,0.0,0.0,0,0.0,0.0,0,19,2.995732273553991,0.361,19.0,2.995732273553991,2,2,0,2.0,1.0,348.25,1.0,1,1,0,0,0,0,0,0,0,0,0,0,0,0,0,0,0,0,0,0,1,0,0,1,0,0,0,0.0,0.0,0.0,0.0,0.0,0.0,0.0,0.0,0.0,0.0,0.0,7.239214973779806,0.0,7.239214973779806,2.995732273553991,0.0
71823,260600.0,1024,6.931471805599453,1.048576,1024,6.931471805599453,0,0.0,0,0.0,0.0,512,6.240275845170769,0.5,0,73,4.30406509320417,5.329,18.0,2.9444389791664403,2,1,0,1.0,0.5,341.3333333333333,2.0,0,1,1,0,0,0,0,0,0,0,0,0,0,0,0,0,0,0,1,0,0,0,0,0,1,0,0,0.0,0.0,0.0,0.0,0.0,0.0,0.0,0.0,0.0,6.931471805599453,0.0,0.0,0.0,0.0,0.0,6.240275845170769
71891,334010.0,1642,7.403670290012373,2.696164,1642,7.403670290012373,0,0.0,646,6.472346294500901,0.0,1259,7.138866999945524,0.7667478684531059,0,1,0.6931471805599453,0.001,1.0,0.6931471805599453,3,2,1,2.5,0.8333333333333334,328.4,2.0,0,0,1,1,0,0,1,0,0,0,0,0,0,0,0,0,0,0,0,0,0,0,0,0,1,0,0,0.0,0.0,0.0,0.0,0.0,0.0,0.0,0.0,0.0,0.0,0.0,0.0,0.0,0.0,0.0,7.138866999945524
72280,477930.0,2022,7.611842399580417,4.088484,2022,7.611842399580417,0,0.0,781,6.661854740545311,0.0,2790,7.934155233536322,1.3798219584569733,0,1,0.6931471805599453,0.001,1.0,0.6931471805599453,3,2,1,2.5,0.8333333333333334,404.4,2.0,0,0,1,1,0,0,1,0,0,0,1,0,0,0,0,0,0,0,0,0,0,0,0,1,0,0,0,0.0,7.611842399580417,0.0,0.0,0.0,0.0,0.0,0.0,0.0,0.0,0.0,0.0,0.0,0.0,0.0,7.934155233536322
72759,390000.0,1734,7.458186157340487,3.006756,2304,7.742402021815782,570,6.3473892096560105,633,6.452048954437226,0.9004739336492891,6700,8.81001204797317,3.8638985005767013,0,54,4.007333185232471,2.916,54.0,4.007333185232471,3,2,1,2.5,0.8333333333333334,346.8,2.0,0,0,1,1,1,0,0,0,0,0,0,0,1,0,0,0,0,0,0,0,0,0,1,0,0,0,0,0.0,0.0,0.0,7.458186157340487,0.0,0.0,0.0,0.0,0.0,0.0,0.0,0.0,0.0,0.0,0.0,8.81001204797317
73088,505000.0,1035,6.942156705699469,1.071225,1966,7.583756300707112,931,6.837332814685591,1035,6.943122422819428,0.8995169082125604,5750,8.657129031713755,5.555555555555555,0,95,4.564348191467836,9.025,22.0,3.1354942159291497,1,2,0,2.0,2.0,345.0,1.0,0,1,1,1,1,0,0,1,0,0,0,0,0,0,0,0,0,1,0,0,0,0,0,0,0,0,0,0.0,0.0,0.0,0.0,0.0,0.0,0.0,0.0,6.942156705699469,0.0,0.0,0.0,0.0,0.0,0.0,8.657129031713755
73551,325000.0,1316,7.182352111885263,1.731856,1579,7.364547014255642,263,5.575949103146316,329,5.799092654460526,0.7993920972644377,9010,9.106201332235038,6.8465045592705165,0,35,3.58351893845611,1.225,35.0,3.58351893845611,3,3,0,3.0,1.0,219.33333333333334,2.0,0,0,1,1,1,0,0,0,0,0,0,0,0,0,0,0,0,0,0,0,0,0,1,0,0,0,0,0.0,0.0,0.0,0.0,0.0,0.0,0.0,0.0,0.0,0.0,0.0,0.0,0.0,0.0,0.0,9.106201332235038
73666,365000.0,1666,7.418180822726788,2.775556,2200,7.696212639346407,534,6.282266746896006,736,6.602587892189336,0.7255434782608695,5713,8.65067458279072,3.429171668667467,0,20,3.044522437723423,0.4,20.0,3.044522437723423,3,2,0,2.0,0.6666666666666666,333.2,1.0,0,1,1,1,1,0,0,0,0,0,0,0,0,0,0,0,1,0,0,0,0,0,0,0,0,0,0,0.0,0.0,0.0,0.0,0.0,0.0,0.0,7.418180822726788,0.0,0.0,0.0,0.0,0.0,0.0,0.0,8.65067458279072
73697,935000.0,2946,7.988203597022576,8.678916,4206,8.344267356262645,1260,7.13966033596492,1400,7.244941546337007,0.9,6922,8.842604480678025,2.3496266123557366,0,8,2.1972245773362196,0.064,8.0,2.1972245773362196,4,4,1,4.5,1.125,368.25,2.0,0,0,1,1,1,0,0,0,0,0,1,0,0,0,0,0,0,0,0,0,0,0,1,0,0,0,0,0.0,7.988203597022576,0.0,0.0,0.0,0.0,0.0,0.0,0.0,0.0,0.0,0.0,0.0,0.0,0.0,8.842604480678025
73894,493560.0,1264,7.142036574706803,1.597696,1894,7.546446273746024,630,6.447305862541213,1264,7.142827401161621,0.49841772151898733,9010,9.106201332235038,7.128164556962025,0,53,3.9889840465642745,2.809,53.0,3.9889840465642745,3,2,0,2.0,0.6666666666666666,252.8,1.0,0,0,1,1,1,0,0,0,0,0,0,0,1,0,0,0,0,0,0,0,0,0,0,0,0,0,0,0.0,0.0,0.0,7.142036574706803,0.0,0.0,0.0,0.0,0.0,0.0,0.0,0.0,0.0,0.0,0.0,9.106201332235038
74012,645000.0,2245,7.716460800176355,5.040025,2245,7.716460800176355,0,0.0,1132,7.0326242610280065,0.0,3640,8.200013648175434,1.621380846325167,0,4,1.6094379124341003,0.016,4.0,1.6094379124341003,3,2,1,2.5,0.8333333333333334,449.0,2.0,0,0,1,1,0,0,0,0,0,0,1,0,0,0,0,0,0,0,0,0,0,0,1,0,0,0,0,0.0,7.716460800176355,0.0,0.0,0.0,0.0,0.0,0.0,0.0,0.0,0.0,0.0,0.0,0.0,0.0,8.200013648175434
74278,405000.0,1087,6.99117688712121,1.181569,1087,6.99117688712121,0,0.0,0,0.0,0.0,0,0.0,0.0,0,49,3.912023005428146,2.401,14.0,2.70805020110221,2,2,0,2.0,1.0,271.75,1.0,1,1,0,0,0,0,0,0,0,1,0,0,0,0,0,0,0,0,0,0,0,0,0,1,0,0,0,6.99117688712121,0.0,0.0,0.0,0.0,0.0,0.0,0.0,0.0,0.0,0.0,0.0,0.0,6.99117688712121,3.912023005428146,0.0
74697,515000.0,2393,7.780303087908373,5.726449,3343,8.114623886420098,950,6.85751406254539,1011,6.919683849847411,0.9396636993076162,2888,7.968665700466235,1.20685332218972,0,39,3.6888794541139363,1.521,0.0,0.0,2,3,1,3.5,1.75,478.6,2.0,0,1,1,1,1,0,0,0,0,0,0,0,0,1,0,0,0,0,0,0,0,0,0,0,1,0,0,0.0,0.0,0.0,0.0,7.780303087908373,0.0,0.0,0.0,0.0,0.0,0.0,0.0,0.0,0.0,0.0,7.968665700466235
74946,285936.0,675,6.51471269087253,0.455625,675,6.51471269087253,0,0.0,0,0.0,0.0,0,0.0,0.0,0,2,1.0986122886681098,0.004,2.0,1.0986122886681098,2,1,0,1.0,0.5,225.0,1.0,1,0,0,0,0,0,0,0,0,0,0,0,0,0,0,0,0,0,0,0,1,0,0,0,1,0,0,0.0,0.0,0.0,0.0,0.0,0.0,0.0,0.0,0.0,0.0,0.0,6.51471269087253,0.0,6.51471269087253,1.0986122886681098,0.0
75759,262500.0,587,6.375024819828097,0.344569,587,6.375024819828097,0,0.0,0,0.0,0.0,0,0.0,0.0,0,54,4.007333185232471,2.916,18.0,2.9444389791664403,1,1,0,1.0,1.0,293.5,1.0,1,1,0,0,0,0,0,0,0,1,0,0,0,0,0,0,0,0,0,0,0,0,0,0,1,0,0,6.375024819828097,0.0,0.0,0.0,0.0,0.0,0.0,0.0,0.0,0.0,0.0,0.0,0.0,6.375024819828097,4.007333185232471,0.0
75766,184748.0,1182,7.074963197966044,1.397124,1182,7.074963197966044,0,0.0,0,0.0,0.0,1065,6.97166860472579,0.9010152284263959,0,2,1.0986122886681098,0.004,2.0,1.0986122886681098,2,2,1,2.5,1.25,295.5,2.0,0,0,1,0,0,0,0,0,0,0,1,0,0,0,0,0,0,0,0,0,0,0,0,0,1,0,0,0.0,7.074963197966044,0.0,0.0,0.0,0.0,0.0,0.0,0.0,0.0,0.0,0.0,0.0,0.0,0.0,6.97166860472579
76013,338000.0,1009,6.9167150203536085,1.018081,1968,7.584773077612199,959,6.866933284461882,1009,6.917705609835305,0.9504459861248761,6680,8.807022955925477,6.620416253716551,0,50,3.9318256327243257,2.5,50.0,3.9318256327243257,3,2,0,2.0,0.6666666666666666,201.8,1.0,0,0,1,1,1,0,0,0,0,0,0,0,0,0,0,0,1,0,0,0,0,0,0,0,0,0,0,0.0,0.0,0.0,0.0,0.0,0.0,0.0,6.9167150203536085,0.0,0.0,0.0,0.0,0.0,0.0,0.0,8.807022955925477
76411,405000.0,2693,7.898411092811599,7.252249,2693,7.898411092811599,0,0.0,0,0.0,0.0,5671,8.643297068211963,2.1058299294467138,0,6,1.9459101490553132,0.036,6.0,1.9459101490553132,3,3,0,3.0,1.0,448.8333333333333,1.5,0,0,1,0,0,0,0,0,0,0,0,0,0,0,0,0,0,0,0,0,0,0,0,0,0,0,1,0.0,0.0,0.0,0.0,0.0,0.0,0.0,0.0,0.0,0.0,0.0,0.0,0.0,0.0,0.0,8.643297068211963
76503,303000.0,840,6.733401891837359,0.7056,1680,7.426549072397305,840,6.734591659972948,840,6.734591659972948,1.0,7470,8.918784137975802,8.892857142857142,0,48,3.8918202981106265,2.304,48.0,3.8918202981106265,2,2,0,2.0,1.0,210.0,1.0,0,0,1,1,1,0,0,0,0,0,0,0,0,0,0,0,1,0,0,0,0,0,0,0,0,0,0,0.0,0.0,0.0,0.0,0.0,0.0,0.0,6.733401891837359,0.0,0.0,0.0,0.0,0.0,0.0,0.0,8.918784137975802
77266,625000.0,1997,7.599401333415815,3.988009,2783,7.931284761525891,786,6.668228248417403,827,6.71901315438526,0.9504232164449818,3600,8.188966863648876,1.802704056084126,0,5,1.791759469228055,0.025,5.0,1.791759469228055,3,3,1,3.5,1.1666666666666667,332.8333333333333,2.0,0,0,1,1,1,0,0,0,0,0,1,0,0,0,0,0,0,0,0,0,0,0,1,0,0,0,0,0.0,7.599401333415815,0.0,0.0,0.0,0.0,0.0,0.0,0.0,0.0,0.0,0.0,0.0,0.0,0.0,8.188966863648876
77271,950000.0,2538,7.839131648274333,6.441444,2538,7.839131648274333,0,0.0,1047,6.954638864880987,0.0,9380,9.14644164612595,3.6958234830575254,0,133,4.897839799950911,17.689,19.0,2.995732273553991,4,2,0,2.0,0.5,423.0,2.0,0,1,1,1,0,0,0,1,0,0,0,1,0,0,0,0,0,0,0,0,0,0,1,0,0,0,0,0.0,0.0,7.839131648274333,0.0,0.0,0.0,0.0,0.0,0.0,0.0,0.0,0.0,0.0,0.0,0.0,9.14644164612595
77690,219000.0,1029,6.9363427358340495,1.058841,1029,6.9363427358340495,0,0.0,0,0.0,0.0,0,0.0,0.0,0,49,3.912023005428146,2.401,1.0,0.6931471805599453,2,2,0,2.0,1.0,257.25,1.0,1,1,0,0,0,0,0,0,0,0,0,0,1,0,0,0,0,0,0,0,0,0,0,0,1,0,0,0.0,0.0,0.0,6.9363427358340495,0.0,0.0,0.0,0.0,0.0,0.0,0.0,0.0,0.0,6.9363427358340495,3.912023005428146,0.0
77814,205000.0,1000,6.907755278982137,1.0,1000,6.907755278982137,0,0.0,0,0.0,0.0,0,0.0,0.0,0,44,3.8066624897703196,1.936,44.0,3.8066624897703196,2,1,0,1.0,0.5,333.3333333333333,1.0,1,0,0,0,0,0,0,0,0,0,0,0,1,0,0,0,0,0,0,0,0,0,0,1,0,0,0,0.0,0.0,0.0,6.907755278982137,0.0,0.0,0.0,0.0,0.0,0.0,0.0,0.0,0.0,6.907755278982137,3.8066624897703196,0.0
78144,186944.0,1182,7.074963197966044,1.397124,1182,7.074963197966044,0,0.0,0,0.0,0.0,1563,7.355001921105257,1.3223350253807107,0,2,1.0986122886681098,0.004,2.0,1.0986122886681098,2,2,1,2.5,1.25,295.5,2.0,0,0,1,0,0,0,0,0,0,0,1,0,0,0,0,0,0,0,0,0,0,0,0,1,0,0,0,0.0,7.074963197966044,0.0,0.0,0.0,0.0,0.0,0.0,0.0,0.0,0.0,0.0,0.0,0.0,0.0,7.355001921105257
78261,630000.0,1354,7.21081845347222,1.833316,2454,7.805474625270857,1100,7.00397413672268,1125,7.026426808699636,0.9777777777777777,5950,8.691314551644853,4.394387001477105,0,91,4.5217885770490405,8.281,5.0,1.791759469228055,2,2,0,2.0,1.0,338.5,1.0,0,1,1,1,1,0,0,1,0,0,0,0,0,0,0,0,0,0,1,0,0,0,0,0,0,0,0,0.0,0.0,0.0,0.0,0.0,0.0,0.0,0.0,0.0,7.21081845347222,0.0,0.0,0.0,0.0,0.0,8.691314551644853
78617,410000.0,2047,7.624130585661289,4.190209,2373,7.771910256435763,326,5.7899601708972535,384,5.953243334287785,0.8489583333333334,5035,8.524367395164237,2.4596971177332683,0,20,3.044522437723423,0.4,20.0,3.044522437723423,4,3,1,3.5,0.875,292.42857142857144,2.0,0,0,1,1,1,0,0,0,0,0,0,0,0,0,0,0,0,0,0,0,0,0,1,0,0,0,0,0.0,0.0,0.0,0.0,0.0,0.0,0.0,0.0,0.0,0.0,0.0,0.0,0.0,0.0,0.0,8.524367395164237
79125,335000.0,1406,7.2485040723706105,1.976836,1826,7.509883061154913,420,6.042632833682381,420,6.042632833682381,1.0,4976,8.512582578858554,3.539118065433855,0,26,3.295836866004329,0.676,26.0,3.295836866004329,3,2,1,2.5,0.8333333333333334,281.2,2.0,0,0,1,1,1,0,0,0,0,0,0,0,0,0,0,0,0,0,0,0,0,0,0,0,0,1,0,0.0,0.0,0.0,0.0,0.0,0.0,0.0,0.0,0.0,0.0,0.0,0.0,0.0,0.0,0.0,8.512582578858554
80072,485000.0,3185,8.066207568006265,10.144225,4655,8.445697189711167,1470,7.293697720601438,1609,7.383989457978509,0.9136109384711001,6250,8.740496729931813,1.9623233908948194,0,0,0.0,0.0,0.0,0.0,5,4,1,4.5,0.9,353.8888888888889,2.0,0,0,1,1,1,0,1,0,0,0,0,0,0,0,0,0,0,1,0,0,0,0,1,0,0,0,0,0.0,0.0,0.0,0.0,0.0,0.0,0.0,0.0,8.066207568006265,0.0,0.0,0.0,0.0,0.0,0.0,8.740496729931813
80732,229900.0,1100,7.003065458786462,1.21,1100,7.003065458786462,0,0.0,0,0.0,0.0,0,0.0,0.0,0,54,4.007333185232471,2.916,54.0,4.007333185232471,2,1,1,1.5,0.75,366.6666666666667,2.0,1,0,0,0,0,0,0,0,0,0,0,0,0,1,0,0,0,0,0,0,0,0,0,0,1,0,0,0.0,0.0,0.0,0.0,7.003065458786462,0.0,0.0,0.0,0.0,0.0,0.0,0.0,0.0,7.003065458786462,4.007333185232471,0.0
80749,327075.0,1643,7.404279118037268,2.699449,1643,7.404279118037268,0,0.0,0,0.0,0.0,2812,7.9420068084898565,1.711503347534997,0,0,0.0,0.0,0.0,0.0,3,2,1,2.5,0.8333333333333334,328.6,2.0,0,0,1,0,0,0,1,0,0,0,0,0,0,0,0,0,0,0,0,0,0,0,0,1,0,0,0,0.0,0.0,0.0,0.0,0.0,0.0,0.0,0.0,0.0,0.0,0.0,0.0,0.0,0.0,0.0,7.9420068084898565
81112,400000.0,2212,7.701652362642226,4.892944,2212,7.701652362642226,0,0.0,660,6.493753839851686,0.0,0,0.0,0.0,0,51,3.9512437185814275,2.601,1.0,0.6931471805599453,2,3,0,3.0,1.5,442.4,2.0,1,1,0,1,0,0,0,0,0,0,0,0,1,0,0,0,0,0,0,0,0,0,0,1,0,0,0,0.0,0.0,0.0,7.701652362642226,0.0,0.0,0.0,0.0,0.0,0.0,0.0,0.0,0.0,7.701652362642226,3.9512437185814275,0.0
81145,485030.0,1751,7.467942332285852,3.066001,2429,7.795234929002173,678,6.520621127558696,720,6.580639137284949,0.9416666666666667,3309,8.104703468371108,1.8897772701313535,0,4,1.6094379124341003,0.016,4.0,1.6094379124341003,3,3,1,3.5,1.1666666666666667,291.8333333333333,2.0,0,0,1,1,1,0,0,0,0,0,1,0,0,0,0,0,0,0,0,0,0,0,0,1,0,0,0,0.0,7.467942332285852,0.0,0.0,0.0,0.0,0.0,0.0,0.0,0.0,0.0,0.0,0.0,0.0,0.0,8.104703468371108
82326,445000.0,1270,7.146772179452637,1.6129,1270,7.146772179452637,0,0.0,0,0.0,0.0,6350,8.756367559802975,5.0,0,78,4.3694478524670215,6.084,0.0,0.0,3,1,0,1.0,0.3333333333333333,317.5,1.0,0,1,1,0,0,0,0,0,0,0,0,0,0,0,0,0,0,0,0,1,0,0,0,0,0,0,0,0.0,0.0,0.0,0.0,0.0,0.0,0.0,0.0,0.0,0.0,7.146772179452637,0.0,0.0,0.0,0.0,8.756367559802975
84141,315000.0,1400,7.24422751560335,1.96,1400,7.24422751560335,0,0.0,0,0.0,0.0,6860,8.833608482690892,4.9,0,19,2.995732273553991,0.361,19.0,2.995732273553991,3,2,1,2.5,0.8333333333333334,280.0,2.0,0,0,1,0,0,0,0,0,0,0,0,0,0,0,0,0,0,0,0,0,0,0,1,0,0,0,0,0.0,0.0,0.0,0.0,0.0,0.0,0.0,0.0,0.0,0.0,0.0,0.0,0.0,0.0,0.0,8.833608482690892
84180,618500.0,1060,6.966024187106113,1.1236,2007,7.604396348796338,947,6.854354502255021,997,6.905753276311464,0.9498495486459378,5950,8.691314551644853,5.613207547169812,0,79,4.382026634673881,6.241,0.0,0.0,2,2,0,2.0,1.0,265.0,1.0,0,1,1,1,1,0,0,0,0,0,0,0,0,0,0,0,0,0,1,0,0,0,0,0,0,0,0,0.0,0.0,0.0,0.0,0.0,0.0,0.0,0.0,0.0,6.966024187106113,0.0,0.0,0.0,0.0,0.0,8.691314551644853
84336,314500.0,746,6.61472560020376,0.556516,1422,7.259819610363186,676,6.517671272912275,746,6.616065185132817,0.9061662198391421,6630,8.799510901368867,8.88739946380697,0,67,4.219507705176107,4.489,67.0,4.219507705176107,2,2,0,2.0,1.0,186.5,1.0,0,0,1,1,1,0,0,0,0,0,0,0,0,0,0,0,0,0,1,0,0,0,0,0,0,0,0,0.0,0.0,0.0,0.0,0.0,0.0,0.0,0.0,0.0,6.61472560020376,0.0,0.0,0.0,0.0,0.0,8.799510901368867
84589,650000.0,2203,7.697575346802343,4.853209,2203,7.697575346802343,0,0.0,300,5.707110264748875,0.0,5240,8.564267598802166,2.3785746709033138,0,119,4.787491742782046,14.161,1.0,0.6931471805599453,3,3,0,3.0,1.0,367.1666666666667,2.5,0,1,1,1,0,0,0,1,0,0,0,0,0,0,1,0,0,0,0,0,0,0,0,0,0,0,1,0.0,0.0,0.0,0.0,0.0,7.697575346802343,0.0,0.0,0.0,0.0,0.0,0.0,0.0,0.0,0.0,8.564267598802166
85164,330000.0,1041,6.947937068614969,1.083681,1978,7.589841512182657,937,6.843749949006225,1041,6.948897222313312,0.9000960614793467,7990,8.986071187374463,7.675312199807877,0,50,3.9318256327243257,2.5,7.0,2.0794415416798357,3,3,0,3.0,1.0,173.5,1.0,0,1,1,1,1,0,0,0,0,0,0,0,0,0,0,0,1,0,0,0,0,0,0,0,0,0,0,0.0,0.0,0.0,0.0,0.0,0.0,0.0,6.947937068614969,0.0,0.0,0.0,0.0,0.0,0.0,0.0,8.986071187374463
85286,630341.0,2118,7.658227526161352,4.485924,3084,8.03398273468322,966,6.874198495453294,1036,6.9440872082295275,0.9324324324324325,4050,8.30671904320269,1.9121813031161472,0,0,0.0,0.0,0.0,0.0,2,3,1,3.5,1.75,423.6,2.0,0,0,1,1,1,0,1,0,0,0,1,0,0,0,0,0,0,0,0,0,0,0,0,1,0,0,0,0.0,7.658227526161352,0.0,0.0,0.0,0.0,0.0,0.0,0.0,0.0,0.0,0.0,0.0,0.0,0.0,8.30671904320269
86506,525000.0,680,6.522092798170152,0.4624,680,6.522092798170152,0,0.0,0,0.0,0.0,0,0.0,0.0,0,2,1.0986122886681098,0.004,2.0,1.0986122886681098,1,1,0,1.0,1.0,340.0,1.0,1,0,0,0,0,0,0,0,0,0,0,0,0,0,0,0,0,0,0,0,1,0,0,0,1,0,0,0.0,0.0,0.0,0.0,0.0,0.0,0.0,0.0,0.0,0.0,0.0,6.522092798170152,0.0,6.522092798170152,1.0986122886681098,0.0
86781,860000.0,1461,7.2868764117507,2.134521,2216,7.703459047867175,755,6.628041376179533,944,6.851184927493743,0.7997881355932204,6320,8.751632702472298,4.32580424366872,0,79,4.382026634673881,6.241,2.0,1.0986122886681098,2,3,0,3.0,1.5,292.2,1.0,0,1,1,1,1,0,0,0,0,0,0,0,0,0,0,0,0,1,0,0,0,0,0,0,0,0,0,0.0,0.0,0.0,0.0,0.0,0.0,0.0,0.0,7.2868764117507,0.0,0.0,0.0,0.0,0.0,0.0,8.751632702472298
86804,175940.0,1087,6.99117688712121,1.181569,1087,6.99117688712121,0,0.0,0,0.0,0.0,1064,6.970730078143525,0.9788408463661453,0,2,1.0986122886681098,0.004,2.0,1.0986122886681098,2,1,1,1.5,0.75,362.3333333333333,2.0,0,0,1,0,0,0,0,0,0,0,1,0,0,0,0,0,0,0,0,0,0,0,0,0,1,0,0,0.0,6.99117688712121,0.0,0.0,0.0,0.0,0.0,0.0,0.0,0.0,0.0,0.0,0.0,0.0,0.0,6.970730078143525
86904,192500.0,959,6.8658910748834385,0.919681,959,6.8658910748834385,0,0.0,0,0.0,0.0,0,0.0,0.0,0,47,3.871201010907891,2.209,0.0,0.0,2,1,0,1.0,0.5,319.6666666666667,1.0,1,1,0,0,0,0,0,0,0,0,0,0,0,1,0,0,0,0,0,0,0,0,0,1,0,0,0,0.0,0.0,0.0,0.0,6.8658910748834385,0.0,0.0,0.0,0.0,0.0,0.0,0.0,0.0,6.8658910748834385,3.871201010907891,0.0
87481,505000.0,2828,7.947325027016463,7.997584,3243,8.084254106307318,415,6.030685260261263,1001,6.90975328164481,0.4145854145854146,6250,8.740496729931813,2.21004243281471,0,87,4.477336814478207,7.569,87.0,4.477336814478207,4,3,1,3.5,0.875,404.0,2.0,0,0,1,1,1,0,0,1,0,0,0,0,0,0,0,0,0,1,0,0,0,0,0,0,0,0,0,0.0,0.0,0.0,0.0,0.0,0.0,0.0,0.0,7.947325027016463,0.0,0.0,0.0,0.0,0.0,0.0,8.740496729931813
87859,273000.0,1372,7.22402480828583,1.882384,2022,7.611842399580417,650,6.478509642208569,686,6.532334292222349,0.9475218658892128,7850,8.968396191198256,5.721574344023324,0,38,3.6635616461296463,1.444,0.0,0.0,3,2,1,2.5,0.8333333333333334,274.4,2.0,0,1,1,1,1,0,0,0,0,0,0,0,0,0,0,0,1,0,0,0,0,0,1,0,0,0,0,0.0,0.0,0.0,0.0,0.0,0.0,0.0,7.22402480828583,0.0,0.0,0.0,0.0,0.0,0.0,0.0,8.968396191198256
88288,328000.0,875,6.774223886357614,0.765625,875,6.774223886357614,0,0.0,0,0.0,0.0,7980,8.984818995876008,9.12,828,35,3.58351893845611,1.225,35.0,3.58351893845611,2,2,0,2.0,1.0,218.75,1.0,0,0,1,0,0,1,0,0,0,0,0,0,0,0,0,0,1,0,0,0,0,0,0,0,0,1,0,0.0,0.0,0.0,0.0,0.0,0.0,0.0,6.774223886357614,0.0,0.0,0.0,0.0,0.0,0.0,0.0,8.984818995876008
89114,490000.0,1342,7.201916317531627,1.800964,1342,7.201916317531627,0,0.0,0,0.0,0.0,0,0.0,0.0,0,13,2.6390573296152584,0.169,13.0,2.6390573296152584,2,2,0,2.0,1.0,335.5,1.0,1,1,0,0,0,0,0,0,0,1,0,0,0,0,0,0,0,0,0,0,0,0,0,0,1,0,0,7.201916317531627,0.0,0.0,0.0,0.0,0.0,0.0,0.0,0.0,0.0,0.0,0.0,0.0,7.201916317531627,2.6390573296152584,0.0
89118,785012.0,2628,7.873978379604501,6.906384,3318,8.10711747075039,690,6.53813982376767,1229,7.114769448366463,0.5614320585842149,4285,8.363109176033522,1.6305175038051751,0,1,0.6931471805599453,0.001,1.0,0.6931471805599453,4,4,1,4.5,1.125,328.5,2.0,0,0,1,1,1,0,1,0,0,0,1,0,0,0,0,0,0,0,0,0,0,0,1,0,0,0,0,0.0,7.873978379604501,0.0,0.0,0.0,0.0,0.0,0.0,0.0,0.0,0.0,0.0,0.0,0.0,0.0,8.363109176033522
89338,505467.0,2896,7.971085753505607,8.386816,3700,8.216088098632316,804,6.690842277418564,1260,7.13966033596492,0.638095238095238,6837,8.830250570199247,2.360842541436464,0,1,0.6931471805599453,0.001,1.0,0.6931471805599453,4,3,1,3.5,0.875,413.7142857142857,2.0,0,0,1,1,1,0,1,0,0,0,0,0,0,0,0,0,0,0,0,0,0,0,1,0,0,0,0,0.0,0.0,0.0,0.0,0.0,0.0,0.0,0.0,0.0,0.0,0.0,0.0,0.0,0.0,0.0,8.830250570199247
89350,135000.0,855,6.75110146893676,0.731025,855,6.75110146893676,0,0.0,0,0.0,0.0,0,0.0,0.0,0,50,3.9318256327243257,2.5,50.0,3.9318256327243257,1,1,0,1.0,1.0,427.5,1.0,1,0,0,0,0,0,0,0,0,0,0,0,0,0,0,0,0,0,0,0,0,1,0,0,1,0,0,0.0,0.0,0.0,0.0,0.0,0.0,0.0,0.0,0.0,0.0,0.0,0.0,6.75110146893676,6.75110146893676,3.9318256327243257,0.0
89934,320000.0,1219,7.105786129481271,1.485961,1219,7.105786129481271,0,0.0,0,0.0,0.0,0,0.0,0.0,0,21,3.091042453358316,0.441,21.0,3.091042453358316,3,2,0,2.0,0.6666666666666666,243.8,1.0,1,0,0,0,0,0,0,0,0,0,0,0,0,0,0,1,0,0,0,0,0,0,0,1,0,0,0,0.0,0.0,0.0,0.0,0.0,0.0,7.105786129481271,0.0,0.0,0.0,0.0,0.0,0.0,7.105786129481271,3.091042453358316,0.0
90148,514496.0,1321,7.186144304522325,1.745041,1321,7.186144304522325,0,0.0,0,0.0,0.0,875,6.775366090936392,0.6623769871309614,0,2,1.0986122886681098,0.004,2.0,1.0986122886681098,2,2,1,2.5,1.25,330.25,3.0,0,0,1,0,0,0,0,0,0,0,0,1,0,0,0,0,0,0,0,0,0,0,0,0,1,0,0,0.0,0.0,7.186144304522325,0.0,0.0,0.0,0.0,0.0,0.0,0.0,0.0,0.0,0.0,0.0,0.0,6.775366090936392
90746,850000.0,2879,7.965198290612176,8.288641,4023,8.299783171949787,1144,7.0431599159883405,1244,7.126890808898808,0.9196141479099679,6250,8.740496729931813,2.1708926710663423,0,115,4.7535901911063645,13.225,13.0,2.6390573296152584,5,3,1,3.5,0.7,359.875,2.5,0,1,1,1,1,0,0,1,0,1,0,0,0,0,0,0,0,0,0,0,0,0,0,0,0,0,1,7.965198290612176,0.0,0.0,0.0,0.0,0.0,0.0,0.0,0.0,0.0,0.0,0.0,0.0,0.0,0.0,8.740496729931813
90758,595000.0,1795,7.492760300922379,3.222025,2445,7.801800401908973,650,6.478509642208569,872,6.771935555839602,0.7454128440366973,3150,8.055475141757274,1.7548746518105849,0,13,2.6390573296152584,0.169,13.0,2.6390573296152584,3,3,1,3.5,1.1666666666666667,299.1666666666667,2.0,0,1,1,1,1,0,0,0,0,0,1,0,0,0,0,0,0,0,0,0,0,0,1,0,0,0,0,0.0,7.492760300922379,0.0,0.0,0.0,0.0,0.0,0.0,0.0,0.0,0.0,0.0,0.0,0.0,0.0,8.055475141757274
91367,550000.0,971,6.878326468291325,0.942841,1845,7.520234556474628,874,6.774223886357614,971,6.879355804460439,0.9001029866117405,5850,8.674367865788236,6.024716786817714,0,87,4.477336814478207,7.569,33.0,3.5263605246161616,2,2,0,2.0,1.0,242.75,1.0,0,1,1,1,1,0,0,1,0,0,0,0,0,0,0,0,0,1,0,0,0,0,0,0,0,0,0,0.0,0.0,0.0,0.0,0.0,0.0,0.0,0.0,6.878326468291325,0.0,0.0,0.0,0.0,0.0,0.0,8.674367865788236
91533,342485.0,1534,7.335633981927201,2.353156,1534,7.335633981927201,0,0.0,600,6.398594934535208,0.0,2021,7.611842399580417,1.3174706649282921,0,1,0.6931471805599453,0.001,1.0,0.6931471805599453,3,2,1,2.5,0.8333333333333334,306.8,2.0,0,0,1,1,0,0,1,0,0,0,0,0,0,0,0,0,0,0,0,0,0,0,0,1,0,0,0,0.0,0.0,0.0,0.0,0.0,0.0,0.0,0.0,0.0,0.0,0.0,0.0,0.0,0.0,0.0,7.611842399580417
92430,599900.0,2380,7.77485576666552,5.6644,2680,7.893572073504902,300,5.707110264748875,426,6.056784013228625,0.704225352112676,13400,9.503084610020228,5.630252100840337,0,41,3.7376696182833684,1.681,1.0,0.6931471805599453,4,2,1,2.5,0.625,396.6666666666667,2.0,0,1,1,1,1,0,0,0,0,0,0,0,1,0,0,0,0,0,0,0,0,0,1,0,0,0,0,0.0,0.0,0.0,7.77485576666552,0.0,0.0,0.0,0.0,0.0,0.0,0.0,0.0,0.0,0.0,0.0,9.503084610020228
92474,712000.0,1912,7.555905093611346,3.655744,2560,7.847762537473608,648,6.47543271670409,864,6.762729506931879,0.75,3856,8.257644958208228,2.01673640167364,0,0,0.0,0.0,0.0,0.0,3,3,1,3.5,1.1666666666666667,318.6666666666667,2.0,0,0,1,1,1,0,1,0,0,0,1,0,0,0,0,0,0,0,0,0,0,0,1,0,0,0,0,0.0,7.555905093611346,0.0,0.0,0.0,0.0,0.0,0.0,0.0,0.0,0.0,0.0,0.0,0.0,0.0,8.257644958208228
92532,299000.0,1454,7.282073658093465,2.114116,1454,7.282073658093465,0,0.0,0,0.0,0.0,1400,7.244941546337007,0.9628610729023384,0,1,0.6931471805599453,0.001,1.0,0.6931471805599453,3,2,1,2.5,0.8333333333333334,290.8,2.0,0,0,1,0,0,0,1,0,0,0,0,0,0,0,0,0,0,0,0,0,0,0,0,0,1,0,0,0.0,0.0,0.0,0.0,0.0,0.0,0.0,0.0,0.0,0.0,0.0,0.0,0.0,0.0,0.0,7.244941546337007
92587,350000.0,944,6.8501261661455,0.891136,944,6.8501261661455,0,0.0,311,5.7430031878094825,0.0,0,0.0,0.0,0,112,4.727387818712341,12.544,112.0,4.727387818712341,2,1,0,1.0,0.5,314.6666666666667,2.0,1,0,0,1,0,0,0,1,0,1,0,0,0,0,0,0,0,0,0,0,0,0,0,0,1,0,0,6.8501261661455,0.0,0.0,0.0,0.0,0.0,0.0,0.0,0.0,0.0,0.0,0.0,0.0,6.8501261661455,4.727387818712341,0.0
92763,810000.0,1390,7.237059026124737,1.9321,1390,7.237059026124737,0,0.0,0,0.0,0.0,0,0.0,0.0,0,18,2.9444389791664403,0.324,6.0,1.9459101490553132,2,2,0,2.0,1.0,347.5,1.0,1,1,0,0,0,0,0,0,0,0,0,0,0,0,1,0,0,0,0,0,0,0,0,1,0,0,0,0.0,0.0,0.0,0.0,0.0,7.237059026124737,0.0,0.0,0.0,0.0,0.0,0.0,0.0,7.237059026124737,2.9444389791664403,0.0
93444,450000.0,817,6.705639094860003,0.667489,1634,7.3987862754199485,817,6.706862336602747,817,6.706862336602747,1.0,5950,8.691314551644853,7.282741738066095,0,73,4.30406509320417,5.329,10.0,2.3978952727983707,2,1,1,1.5,0.75,272.3333333333333,1.0,0,1,1,1,1,0,0,0,0,0,0,0,0,0,0,0,0,0,1,0,0,0,0,0,0,0,0,0.0,0.0,0.0,0.0,0.0,0.0,0.0,0.0,0.0,6.705639094860003,0.0,0.0,0.0,0.0,0.0,8.691314551644853
93561,302500.0,1116,7.017506142941256,1.245456,1116,7.017506142941256,0,0.0,0,0.0,0.0,0,0.0,0.0,0,61,4.127134385045092,3.721,61.0,4.127134385045092,2,2,0,2.0,1.0,279.0,1.0,1,0,0,0,0,0,0,0,0,1,0,0,0,0,0,0,0,0,0,0,0,0,0,1,0,0,0,7.017506142941256,0.0,0.0,0.0,0.0,0.0,0.0,0.0,0.0,0.0,0.0,0.0,0.0,7.017506142941256,4.127134385045092,0.0
94062,500000.0,1450,7.27931883541462,2.1025,1450,7.27931883541462,0,0.0,676,6.517671272912275,0.0,7700,8.94910546953925,5.310344827586207,114,50,3.9318256327243257,2.5,50.0,3.9318256327243257,3,2,1,2.5,0.8333333333333334,290.0,1.0,0,0,1,1,0,1,0,0,0,0,0,0,0,1,0,0,0,0,0,0,0,0,0,0,0,1,0,0.0,0.0,0.0,0.0,7.27931883541462,0.0,0.0,0.0,0.0,0.0,0.0,0.0,0.0,0.0,0.0,8.94910546953925
94522,1200000.0,1331,7.193685818395112,1.771561,1331,7.193685818395112,0,0.0,0,0.0,0.0,0,0.0,0.0,0,2,1.0986122886681098,0.004,2.0,1.0986122886681098,2,2,0,2.0,1.0,332.75,1.0,1,0,0,0,0,0,0,0,0,0,0,0,0,0,0,0,0,0,0,0,1,0,0,1,0,0,0,0.0,0.0,0.0,0.0,0.0,0.0,0.0,0.0,0.0,0.0,0.0,7.193685818395112,0.0,7.193685818395112,1.0986122886681098,0.0
94607,402500.0,2332,7.754481547470383,5.438224,2332,7.754481547470383,0,0.0,0,0.0,0.0,3087,8.035278911144667,1.3237564322469983,0,2,1.0986122886681098,0.004,2.0,1.0986122886681098,3,3,1,3.5,1.1666666666666667,388.6666666666667,3.0,0,0,1,0,0,0,0,0,0,0,0,0,0,0,0,0,0,0,0,0,0,0,0,0,0,0,1,0.0,0.0,0.0,0.0,0.0,0.0,0.0,0.0,0.0,0.0,0.0,0.0,0.0,0.0,0.0,8.035278911144667
94770,515000.0,1641,7.403061091090091,2.692881,2310,7.745002803515839,669,6.507277712385012,761,6.635946555686647,0.8791064388961892,2533,7.837554360881084,1.5435709932967703,0,5,1.791759469228055,0.025,5.0,1.791759469228055,3,3,1,3.5,1.1666666666666667,273.5,2.0,0,0,1,1,1,0,0,0,0,0,1,0,0,0,0,0,0,0,0,0,0,0,0,1,0,0,0,0.0,7.403061091090091,0.0,0.0,0.0,0.0,0.0,0.0,0.0,0.0,0.0,0.0,0.0,0.0,0.0,7.837554360881084
95306,809000.0,2382,7.775695749915245,5.673924,2382,7.775695749915245,0,0.0,360,5.8888779583328805,0.0,4687,8.452761331256848,1.9676742233417297,0,135,4.912654885736052,18.225,0.0,0.0,4,3,0,3.0,0.75,340.2857142857143,2.0,0,1,1,1,0,0,0,1,0,0,0,1,0,0,0,0,0,0,0,0,0,0,0,0,0,0,1,0.0,0.0,7.775695749915245,0.0,0.0,0.0,0.0,0.0,0.0,0.0,0.0,0.0,0.0,0.0,0.0,8.452761331256848
96674,373800.0,804,6.6895992691789665,0.646416,804,6.6895992691789665,0,0.0,0,0.0,0.0,8400,9.036106025364846,10.447761194029852,421,36,3.6109179126442243,1.296,17.0,2.8903717578961645,3,2,0,2.0,0.6666666666666666,160.8,1.0,0,1,1,0,0,1,0,0,0,0,0,0,0,0,0,1,0,0,0,0,0,0,0,0,0,1,0,0.0,0.0,0.0,0.0,0.0,0.0,6.6895992691789665,0.0,0.0,0.0,0.0,0.0,0.0,0.0,0.0,9.036106025364846
97686,380000.0,2010,7.605890001053122,4.0401,2838,7.950854857719988,828,6.720220155135295,828,6.720220155135295,1.0,4500,8.412054873292933,2.2388059701492535,0,3,1.3862943611198906,0.009,3.0,1.3862943611198906,4,3,1,3.5,0.875,287.14285714285717,2.0,0,0,1,1,1,0,0,0,0,0,0,0,0,0,0,0,0,0,0,0,0,0,1,0,0,0,0,0.0,0.0,0.0,0.0,0.0,0.0,0.0,0.0,0.0,0.0,0.0,0.0,0.0,0.0,0.0,8.412054873292933
98659,359900.0,1698,7.437206366871292,2.883204,1698,7.437206366871292,0,0.0,582,6.368187186350492,0.0,4450,8.400884069015854,2.6207302709069493,0,33,3.5263605246161616,1.089,33.0,3.5263605246161616,3,2,1,2.5,0.8333333333333334,339.6,2.0,0,0,1,1,0,0,0,0,0,0,0,0,0,0,0,0,0,0,0,0,0,0,0,0,0,1,0,0.0,0.0,0.0,0.0,0.0,0.0,0.0,0.0,0.0,0.0,0.0,0.0,0.0,0.0,0.0,8.400884069015854
99159,430000.0,1505,7.316548177182976,2.265025,2092,7.645875825184813,587,6.376726947898627,653,6.483107351457199,0.8989280245022971,8500,9.04793908261736,5.647840531561462,437,50,3.9318256327243257,2.5,0.0,0.0,3,2,1,2.5,0.8333333333333334,301.0,1.0,0,1,1,1,1,1,0,0,0,0,0,0,0,1,0,0,0,0,0,0,0,0,0,0,0,1,0,0.0,0.0,0.0,0.0,7.316548177182976,0.0,0.0,0.0,0.0,0.0,0.0,0.0,0.0,0.0,0.0,9.04793908261736
99526,733536.0,1983,7.592366128519796,3.932289,2865,7.9603236291488395,882,6.78332520060396,934,6.840546529288687,0.9443254817987152,3960,8.284251797621916,1.9969742813918305,0,0,0.0,0.0,0.0,0.0,3,3,1,3.5,1.1666666666666667,330.5,2.0,0,0,1,1,1,0,1,0,0,0,1,0,0,0,0,0,0,0,0,0,0,0,1,0,0,0,0,0.0,7.592366128519796,0.0,0.0,0.0,0.0,0.0,0.0,0.0,0.0,0.0,0.0,0.0,0.0,0.0,8.284251797621916
99842,195000.0,503,6.220590170099739,0.253009,503,6.220590170099739,0,0.0,0,0.0,0.0,1497,7.311886164077165,2.9761431411530817,0,73,4.30406509320417,5.329,0.0,0.0,1,1,0,1.0,1.0,251.5,1.0,0,1,1,0,0,0,0,0,0,0,0,0,0,0,0,0,0,1,0,0,0,0,0,1,0,0,0,0.0,0.0,0.0,0.0,0.0,0.0,0.0,0.0,6.220590170099739,0.0,0.0,0.0,0.0,0.0,0.0,7.311886164077165
99985,232167.0,1232,7.116394144093465,1.517824,1232,7.116394144093465,0,0.0,0,0.0,0.0,2516,7.830822995135316,2.042207792207792,0,1,0.6931471805599453,0.001,1.0,0.6931471805599453,2,1,1,1.5,0.75,410.6666666666667,2.0,0,0,1,0,0,0,1,0,0,0,1,0,0,0,0,0,0,0,0,0,0,0,0,1,0,0,0,0.0,7.116394144093465,0.0,0.0,0.0,0.0,0.0,0.0,0.0,0.0,0.0,0.0,0.0,0.0,0.0,7.830822995135316
100211,261043.0,1519,7.325807502595773,2.307361,1519,7.325807502595773,0,0.0,0,0.0,0.0,2888,7.968665700466235,1.901250822909809,0,16,2.833213344056216,0.256,16.0,2.833213344056216,3,2,0,2.0,0.6666666666666666,303.8,2.0,0,1,1,0,0,0,0,0,0,0,0,0,0,0,0,0,0,0,0,0,0,0,1,0,0,0,0,0.0,0.0,0.0,0.0,0.0,0.0,0.0,0.0,0.0,0.0,0.0,0.0,0.0,0.0,0.0,7.968665700466235
100617,170000.0,1200,7.090076835776092,1.44,1200,7.090076835776092,0,0.0,0,0.0,0.0,0,0.0,0.0,0,56,4.04305126783455,3.136,56.0,4.04305126783455,2,2,0,2.0,1.0,300.0,1.0,1,0,0,0,0,0,0,0,0,0,0,0,0,0,0,0,0,0,0,0,0,1,0,0,1,0,0,0.0,0.0,0.0,0.0,0.0,0.0,0.0,0.0,0.0,0.0,0.0,0.0,7.090076835776092,7.090076835776092,4.04305126783455,0.0
101097,599900.0,1524,7.329093736246592,2.322576,1524,7.329093736246592,0,0.0,0,0.0,0.0,2778,7.929846429742503,1.8228346456692914,0,126,4.844187086458591,15.876,2.0,1.0986122886681098,3,2,1,2.5,0.8333333333333334,304.8,2.0,0,1,1,0,0,0,0,1,0,0,0,0,0,0,0,0,0,0,0,1,0,0,0,0,1,0,0,0.0,0.0,0.0,0.0,0.0,0.0,0.0,0.0,0.0,0.0,7.329093736246592,0.0,0.0,0.0,0.0,7.929846429742503
101519,585000.0,1795,7.492760300922379,3.222025,2580,7.855544677915663,785,6.666956792429207,872,6.771935555839602,0.9002293577981652,4050,8.30671904320269,2.256267409470752,0,14,2.70805020110221,0.196,4.0,1.6094379124341003,3,2,1,2.5,0.8333333333333334,359.0,2.0,0,1,1,1,1,0,0,0,0,0,1,0,0,0,0,0,0,0,0,0,0,0,1,0,0,0,0,0.0,7.492760300922379,0.0,0.0,0.0,0.0,0.0,0.0,0.0,0.0,0.0,0.0,0.0,0.0,0.0,8.30671904320269
101628,350000.0,1107,7.009408932708637,1.225449,1107,7.009408932708637,0,0.0,0,0.0,0.0,4960,8.509362612301048,4.480578139114725,697,11,2.4849066497880004,0.121,11.0,2.4849066497880004,3,2,1,2.5,0.8333333333333334,221.4,1.0,0,0,1,0,0,1,0,0,0,0,0,0,0,0,0,0,0,0,0,0,0,0,0,0,0,1,0,0.0,0.0,0.0,0.0,0.0,0.0,0.0,0.0,0.0,0.0,0.0,0.0,0.0,0.0,0.0,8.509362612301048
101674,409375.0,2027,7.614312146452,4.108729,2027,7.614312146452,0,0.0,915,6.82001636467413,0.0,3596,8.187855443695623,1.7740503206709424,0,1,0.6931471805599453,0.001,1.0,0.6931471805599453,3,2,1,2.5,0.8333333333333334,405.4,2.0,0,0,1,1,0,0,1,0,0,0,0,0,0,0,0,0,0,0,0,0,0,0,1,0,0,0,0,0.0,0.0,0.0,0.0,0.0,0.0,0.0,0.0,0.0,0.0,0.0,0.0,0.0,0.0,0.0,8.187855443695623
102054,170500.0,701,6.55250788703459,0.491401,701,6.55250788703459,0,0.0,0,0.0,0.0,0,0.0,0.0,0,36,3.6109179126442243,1.296,36.0,3.6109179126442243,1,1,0,1.0,1.0,350.5,1.0,1,0,0,0,0,0,0,0,0,0,0,0,0,0,0,0,0,0,0,0,0,1,0,1,0,0,0,0.0,0.0,0.0,0.0,0.0,0.0,0.0,0.0,0.0,0.0,0.0,0.0,6.55250788703459,6.55250788703459,3.6109179126442243,0.0
102120,410420.0,2255,7.720905251936779,5.085025,3113,8.043342170441608,858,6.755768921984255,920,6.825460036255307,0.9326086956521739,4950,8.507344855361422,2.1951219512195124,0,1,0.6931471805599453,0.001,1.0,0.6931471805599453,4,3,1,3.5,0.875,322.14285714285717,2.0,0,0,1,1,1,0,1,0,0,0,0,0,0,0,0,0,0,0,0,0,0,0,1,0,0,0,0,0.0,0.0,0.0,0.0,0.0,0.0,0.0,0.0,0.0,0.0,0.0,0.0,0.0,0.0,0.0,8.507344855361422
102538,301825.0,1454,7.282073658093465,2.114116,1454,7.282073658093465,0,0.0,0,0.0,0.0,1500,7.313886831633462,1.031636863823934,0,1,0.6931471805599453,0.001,1.0,0.6931471805599453,3,2,1,2.5,0.8333333333333334,290.8,2.0,0,0,1,0,0,0,1,0,0,0,0,0,0,0,0,0,0,0,0,0,0,0,0,0,1,0,0,0.0,0.0,0.0,0.0,0.0,0.0,0.0,0.0,0.0,0.0,0.0,0.0,0.0,0.0,0.0,7.313886831633462
103981,624500.0,1618,7.388946097618437,2.617924,2368,7.769800996003896,750,6.621405651764134,801,6.687108607866515,0.9363295880149812,3373,8.123854263105914,2.084672435105068,0,14,2.70805020110221,0.196,14.0,2.70805020110221,3,3,1,3.5,1.1666666666666667,269.6666666666667,2.0,0,1,1,1,1,0,0,0,0,0,1,0,0,0,0,0,0,0,0,0,0,0,1,0,0,0,0,0.0,7.388946097618437,0.0,0.0,0.0,0.0,0.0,0.0,0.0,0.0,0.0,0.0,0.0,0.0,0.0,8.123854263105914
103995,262500.0,760,6.633318433280377,0.5776,760,6.633318433280377,0,0.0,0,0.0,0.0,0,0.0,0.0,0,35,3.58351893845611,1.225,0.0,0.0,2,2,0,2.0,1.0,190.0,1.0,1,1,0,0,0,0,0,0,0,0,0,0,0,1,0,0,0,0,0,0,0,0,0,1,0,0,0,0.0,0.0,0.0,0.0,6.633318433280377,0.0,0.0,0.0,0.0,0.0,0.0,0.0,0.0,6.633318433280377,3.58351893845611,0.0
104593,512000.0,833,6.725033642166843,0.693889,1249,7.130098510125578,416,6.0330862217988015,833,6.726233402358747,0.49939975990396157,4690,8.453401058328458,5.630252100840337,0,93,4.543294782270004,8.649,93.0,4.543294782270004,2,1,1,1.5,0.75,277.6666666666667,1.0,0,0,1,1,1,0,0,1,0,0,0,0,0,0,0,0,0,0,1,0,0,0,0,0,0,0,0,0.0,0.0,0.0,0.0,0.0,0.0,0.0,0.0,0.0,6.725033642166843,0.0,0.0,0.0,0.0,0.0,8.453401058328458
104679,225000.0,706,6.559615237493242,0.498436,706,6.559615237493242,0,0.0,0,0.0,0.0,0,0.0,0.0,0,36,3.6109179126442243,1.296,2.0,1.0986122886681098,2,1,0,1.0,0.5,235.33333333333334,1.0,1,1,0,0,0,0,0,0,0,0,0,0,0,0,0,1,0,0,0,0,0,0,0,1,0,0,0,0.0,0.0,0.0,0.0,0.0,0.0,6.559615237493242,0.0,0.0,0.0,0.0,0.0,0.0,6.559615237493242,3.6109179126442243,0.0
104849,620000.0,1726,7.453561871643373,2.979076,2738,7.914983005848394,1012,6.920671504248683,1124,7.025538314638521,0.900355871886121,5202,8.556990661290303,3.013904982618772,0,14,2.70805020110221,0.196,8.0,2.1972245773362196,3,3,1,3.5,1.1666666666666667,287.6666666666667,1.5,0,1,1,1,1,0,0,0,0,0,1,0,0,0,0,0,0,0,0,0,0,0,0,0,0,0,1,0.0,7.453561871643373,0.0,0.0,0.0,0.0,0.0,0.0,0.0,0.0,0.0,0.0,0.0,0.0,0.0,8.556990661290303
104951,879000.0,2738,7.914983005848394,7.496644,3911,8.271548374755515,1173,7.068172000388042,1303,7.1731917424865985,0.9002302379125096,6027,8.704170559746386,2.2012417823228634,0,6,1.9459101490553132,0.036,6.0,1.9459101490553132,4,3,1,3.5,0.875,391.14285714285717,2.0,0,0,1,1,1,0,0,0,0,0,1,0,0,0,0,0,0,0,0,0,0,0,1,0,0,0,0,0.0,7.914983005848394,0.0,0.0,0.0,0.0,0.0,0.0,0.0,0.0,0.0,0.0,0.0,0.0,0.0,8.704170559746386
106028,425000.0,1622,7.3914152346753585,2.630884,1622,7.3914152346753585,0,0.0,0,0.0,0.0,0,0.0,0.0,0,46,3.8501476017100584,2.116,1.0,0.6931471805599453,2,2,0,2.0,1.0,405.5,2.0,1,1,0,0,0,0,0,0,0,0,0,0,1,0,0,0,0,0,0,0,0,0,0,0,1,0,0,0.0,0.0,0.0,7.3914152346753585,0.0,0.0,0.0,0.0,0.0,0.0,0.0,0.0,0.0,7.3914152346753585,3.8501476017100584,0.0
106773,345000.0,675,6.51471269087253,0.455625,675,6.51471269087253,0,0.0,0,0.0,0.0,572,6.35088571671474,0.8474074074074074,0,1,0.6931471805599453,0.001,1.0,0.6931471805599453,1,1,1,1.5,1.5,337.5,2.0,0,0,1,0,0,0,1,0,0,0,0,0,0,0,0,0,0,0,0,1,0,0,0,1,0,0,0,0.0,0.0,0.0,0.0,0.0,0.0,0.0,0.0,0.0,0.0,6.51471269087253,0.0,0.0,0.0,0.0,6.35088571671474
107657,760000.0,1838,7.516433302915632,3.378244,1838,7.516433302915632,0,0.0,0,0.0,0.0,1159,7.05617528410041,0.6305767138193689,0,6,1.9459101490553132,0.036,6.0,1.9459101490553132,3,3,0,3.0,1.0,306.3333333333333,4.0,0,0,1,0,0,0,0,0,0,0,0,0,0,0,1,0,0,0,0,0,0,0,0,1,0,0,0,0.0,0.0,0.0,0.0,0.0,7.516433302915632,0.0,0.0,0.0,0.0,0.0,0.0,0.0,0.0,0.0,7.05617528410041
108294,1050000.0,1182,7.074963197966044,1.397124,1182,7.074963197966044,0,0.0,0,0.0,0.0,0,0.0,0.0,0,2,1.0986122886681098,0.004,2.0,1.0986122886681098,2,2,0,2.0,1.0,295.5,1.0,1,0,0,0,0,0,0,0,0,0,0,0,0,0,0,0,0,0,0,0,1,0,0,1,0,0,0,0.0,0.0,0.0,0.0,0.0,0.0,0.0,0.0,0.0,0.0,0.0,7.074963197966044,0.0,7.074963197966044,1.0986122886681098,0.0
109424,801900.0,2196,7.694392802629421,4.822416,3156,8.057060681965766,960,6.8679744089702925,969,6.877296071497429,0.9907120743034056,7810,8.963288275610298,3.5564663023679417,0,107,4.68213122712422,11.449,0.0,0.0,3,3,1,3.5,1.1666666666666667,366.0,2.0,0,1,1,1,1,0,0,1,0,0,0,0,0,0,0,0,0,0,1,0,0,0,1,0,0,0,0,0.0,0.0,0.0,0.0,0.0,0.0,0.0,0.0,0.0,7.694392802629421,0.0,0.0,0.0,0.0,0.0,8.963288275610298
109750,292000.0,745,6.61338421837956,0.555025,745,6.61338421837956,0,0.0,0,0.0,0.0,1508,7.319202458767849,2.0241610738255034,0,73,4.30406509320417,5.329,1.0,0.6931471805599453,2,1,0,1.0,0.5,248.33333333333334,1.0,0,1,1,0,0,0,0,0,0,0,0,0,0,0,0,0,0,1,0,0,0,0,0,0,1,0,0,0.0,0.0,0.0,0.0,0.0,0.0,0.0,0.0,6.61338421837956,0.0,0.0,0.0,0.0,0.0,0.0,7.319202458767849
110876,1270000.0,3120,8.045588280803528,9.7344,3575,8.181720455128108,455,6.1224928095143865,479,6.173786103901937,0.9498956158663883,969,6.877296071497429,0.3105769230769231,0,10,2.3978952727983707,0.1,10.0,2.3978952727983707,3,3,1,3.5,1.1666666666666667,520.0,4.0,0,0,1,1,1,0,0,0,0,0,0,0,0,0,1,0,0,0,0,0,0,0,0,1,0,0,0,0.0,0.0,0.0,0.0,0.0,8.045588280803528,0.0,0.0,0.0,0.0,0.0,0.0,0.0,0.0,0.0,6.877296071497429
110938,345000.0,840,6.733401891837359,0.7056,1680,7.426549072397305,840,6.734591659972948,840,6.734591659972948,1.0,6500,8.77971129020447,7.738095238095238,0,48,3.8918202981106265,2.304,0.0,0.0,2,2,0,2.0,1.0,210.0,1.0,0,1,1,1,1,0,0,0,0,0,0,0,0,0,0,0,1,0,0,0,0,0,0,0,0,0,0,0.0,0.0,0.0,0.0,0.0,0.0,0.0,6.733401891837359,0.0,0.0,0.0,0.0,0.0,0.0,0.0,8.77971129020447
112357,180000.0,1050,6.956545443151569,1.1025,1050,6.956545443151569,0,0.0,0,0.0,0.0,0,0.0,0.0,0,45,3.828641396489095,2.025,45.0,3.828641396489095,2,2,0,2.0,1.0,262.5,1.0,1,0,0,0,0,0,0,0,0,0,0,0,1,0,0,0,0,0,0,0,0,0,0,1,0,0,0,0.0,0.0,0.0,6.956545443151569,0.0,0.0,0.0,0.0,0.0,0.0,0.0,0.0,0.0,6.956545443151569,3.828641396489095,0.0
112416,500000.0,1080,6.984716320118266,1.1664,1945,7.573017256052546,865,6.763884908562435,865,6.763884908562435,1.0,6360,8.757940876678804,5.888888888888889,0,71,4.276666119016055,5.041,12.0,2.5649493574615367,2,2,0,2.0,1.0,270.0,1.0,0,1,1,1,1,0,0,0,0,0,0,0,0,0,0,0,0,0,1,0,0,0,0,0,0,0,0,0.0,0.0,0.0,0.0,0.0,0.0,0.0,0.0,0.0,6.984716320118266,0.0,0.0,0.0,0.0,0.0,8.757940876678804
112461,410000.0,2788,7.933079771880415,7.772944,3830,8.250620082174692,1042,6.949856455000773,1555,7.349873704738337,0.670096463022508,11900,9.38437770918244,4.2682926829268295,0,50,3.9318256327243257,2.5,50.0,3.9318256327243257,4,3,1,3.5,0.875,398.2857142857143,2.0,0,0,1,1,1,0,0,0,0,0,0,0,0,0,0,0,0,0,0,0,0,1,1,0,0,0,0,0.0,0.0,0.0,0.0,0.0,0.0,0.0,0.0,0.0,0.0,0.0,0.0,7.933079771880415,0.0,0.0,9.38437770918244
113325,359600.0,1436,7.269616749608169,2.062096,1436,7.269616749608169,0,0.0,0,0.0,0.0,1108,7.011213987350367,0.7715877437325905,0,21,3.091042453358316,0.441,0.0,0.0,2,2,1,2.5,1.25,359.0,2.0,0,1,1,0,0,0,0,0,0,0,0,0,0,0,0,0,0,0,0,0,0,1,0,0,1,0,0,0.0,0.0,0.0,0.0,0.0,0.0,0.0,0.0,0.0,0.0,0.0,0.0,7.269616749608169,0.0,0.0,7.011213987350367
115565,330000.0,1279,7.153833801578843,1.635841,1279,7.153833801578843,0,0.0,0,0.0,0.0,7603,8.93642970360832,5.944487881157154,0,13,2.6390573296152584,0.169,13.0,2.6390573296152584,3,2,0,2.0,0.6666666666666666,255.8,1.0,0,0,1,0,0,0,0,0,0,0,0,0,0,0,0,0,0,0,0,0,0,0,0,0,0,0,0,0.0,0.0,0.0,0.0,0.0,0.0,0.0,0.0,0.0,0.0,0.0,0.0,0.0,0.0,0.0,8.93642970360832
115848,230000.0,1019,6.926577033222725,1.038361,1019,6.926577033222725,0,0.0,0,0.0,0.0,0,0.0,0.0,0,37,3.6375861597263857,1.369,37.0,3.6375861597263857,2,2,0,2.0,1.0,254.75,1.0,1,0,0,0,0,0,0,0,0,0,0,0,0,0,0,0,0,0,0,0,0,1,0,1,0,0,0,0.0,0.0,0.0,0.0,0.0,0.0,0.0,0.0,0.0,0.0,0.0,0.0,6.926577033222725,6.926577033222725,3.6375861597263857,0.0
116952,533500.0,886,6.786716950605081,0.784996,1648,7.4073177104694174,762,6.637258031284457,886,6.787844982309579,0.8600451467268623,4000,8.294299608857235,4.514672686230249,0,61,4.127134385045092,3.721,61.0,4.127134385045092,1,2,0,2.0,2.0,295.3333333333333,1.0,0,0,1,1,1,0,0,0,0,0,0,0,0,0,0,0,0,0,0,1,0,0,0,0,0,0,0,0.0,0.0,0.0,0.0,0.0,0.0,0.0,0.0,0.0,0.0,6.786716950605081,0.0,0.0,0.0,0.0,8.294299608857235
117664,184000.0,952,6.858565034791365,0.906304,952,6.858565034791365,0,0.0,0,0.0,0.0,0,0.0,0.0,0,48,3.8918202981106265,2.304,1.0,0.6931471805599453,2,1,1,1.5,0.75,317.3333333333333,1.0,1,1,0,0,0,0,0,0,0,0,0,0,0,1,0,0,0,0,0,0,0,0,0,1,0,0,0,0.0,0.0,0.0,0.0,6.858565034791365,0.0,0.0,0.0,0.0,0.0,0.0,0.0,0.0,6.858565034791365,3.8918202981106265,0.0
117941,412500.0,2938,7.9854843567338225,8.631844,3892,8.266678443305896,954,6.86171134048073,1060,6.966967138613983,0.9,6000,8.699681400989514,2.0422055820285907,0,21,3.091042453358316,0.441,21.0,3.091042453358316,3,2,1,2.5,0.8333333333333334,587.6,2.0,0,0,1,1,1,0,0,0,0,0,0,0,0,0,0,0,0,0,0,0,0,0,1,0,0,0,0,0.0,0.0,0.0,0.0,0.0,0.0,0.0,0.0,0.0,0.0,0.0,0.0,0.0,0.0,0.0,8.699681400989514
119322,700000.0,936,6.841615476477592,0.876096,1629,7.395721608602045,693,6.542471960506805,936,6.842683282238422,0.7403846153846154,6120,8.71948076085107,6.538461538461538,0,66,4.204692619390966,4.356,66.0,4.204692619390966,3,1,0,1.0,0.3333333333333333,234.0,1.0,0,0,1,1,1,0,0,0,0,0,0,0,0,0,1,0,0,0,0,0,0,0,0,0,0,0,0,0.0,0.0,0.0,0.0,0.0,6.841615476477592,0.0,0.0,0.0,0.0,0.0,0.0,0.0,0.0,0.0,8.71948076085107
119748,306000.0,1147,7.044905117129371,1.315609,2004,7.602900462204755,857,6.754604099487962,857,6.754604099487962,1.0,6700,8.81001204797317,5.841325196163906,0,46,3.8501476017100584,2.116,9.0,2.302585092994046,3,2,0,2.0,0.6666666666666666,229.4,1.0,0,1,1,1,1,0,0,0,0,0,0,0,0,0,0,0,1,0,0,0,0,0,0,0,0,0,0,0.0,0.0,0.0,0.0,0.0,0.0,0.0,7.044905117129371,0.0,0.0,0.0,0.0,0.0,0.0,0.0,8.81001204797317
120406,350000.0,488,6.1903154058531475,0.238144,488,6.1903154058531475,0,0.0,0,0.0,0.0,0,0.0,0.0,0,2,1.0986122886681098,0.004,2.0,1.0986122886681098,0,1,0,1.0,1.0,488.0,1.0,1,0,0,0,0,0,0,0,1,0,0,0,0,0,0,0,0,0,0,0,1,0,0,0,1,0,0,0.0,0.0,0.0,0.0,0.0,0.0,0.0,0.0,0.0,0.0,0.0,6.1903154058531475,0.0,6.1903154058531475,1.0986122886681098,0.0
120543,250000.0,586,6.373319789577012,0.343396,586,6.373319789577012,0,0.0,0,0.0,0.0,0,0.0,0.0,0,91,4.5217885770490405,8.281,14.0,2.70805020110221,1,1,0,1.0,1.0,293.0,1.0,1,1,0,0,0,0,0,1,0,1,0,0,0,0,0,0,0,0,0,0,0,0,0,1,0,0,0,6.373319789577012,0.0,0.0,0.0,0.0,0.0,0.0,0.0,0.0,0.0,0.0,0.0,0.0,6.373319789577012,4.5217885770490405,0.0
122293,750000.0,1812,7.502186486602924,3.283344,1812,7.502186486602924,0,0.0,0,0.0,0.0,1080,6.985641817639208,0.5960264900662252,0,1,0.6931471805599453,0.001,1.0,0.6931471805599453,2,2,1,2.5,1.25,453.0,3.0,0,0,1,0,0,0,1,0,0,0,0,0,0,0,1,0,0,0,0,0,0,0,0,0,1,0,0,0.0,0.0,0.0,0.0,0.0,7.502186486602924,0.0,0.0,0.0,0.0,0.0,0.0,0.0,0.0,0.0,6.985641817639208
122621,615000.0,1510,7.31986492980897,2.2801,1510,7.31986492980897,0,0.0,0,0.0,0.0,0,0.0,0.0,0,109,4.700480365792417,11.881,13.0,2.6390573296152584,2,2,0,2.0,1.0,377.5,1.5,1,1,0,0,0,0,0,1,0,0,0,1,0,0,0,0,0,0,0,0,0,0,0,0,1,0,0,0.0,0.0,7.31986492980897,0.0,0.0,0.0,0.0,0.0,0.0,0.0,0.0,0.0,0.0,7.31986492980897,4.700480365792417,0.0
122728,281500.0,1408,7.249925536717988,1.982464,1408,7.249925536717988,0,0.0,0,0.0,0.0,0,0.0,0.0,0,54,4.007333185232471,2.916,54.0,4.007333185232471,3,2,1,2.5,0.8333333333333334,281.6,2.0,1,0,0,0,0,0,0,0,0,0,0,0,0,1,0,0,0,0,0,0,0,0,0,1,0,0,0,0.0,0.0,0.0,0.0,7.249925536717988,0.0,0.0,0.0,0.0,0.0,0.0,0.0,0.0,7.249925536717988,4.007333185232471,0.0
124488,595000.0,1653,7.410347097821024,2.732409,1653,7.410347097821024,0,0.0,0,0.0,0.0,1615,7.38770923908104,0.9770114942528736,0,4,1.6094379124341003,0.016,4.0,1.6094379124341003,2,2,1,2.5,1.25,413.25,3.0,0,0,1,0,0,0,0,0,0,0,0,1,0,0,0,0,0,0,0,0,0,0,0,1,0,0,0,0.0,0.0,7.410347097821024,0.0,0.0,0.0,0.0,0.0,0.0,0.0,0.0,0.0,0.0,0.0,0.0,7.38770923908104
124859,359000.0,1948,7.5745584842024805,3.794704,1948,7.5745584842024805,0,0.0,0,0.0,0.0,3585,8.184792654165078,1.8403490759753593,0,4,1.6094379124341003,0.016,4.0,1.6094379124341003,3,2,1,2.5,0.8333333333333334,389.6,2.5,0,0,1,0,0,0,0,0,0,0,0,0,0,0,0,0,0,0,0,0,0,0,0,0,0,0,1,0.0,0.0,0.0,0.0,0.0,0.0,0.0,0.0,0.0,0.0,0.0,0.0,0.0,0.0,0.0,8.184792654165078
125243,482500.0,992,6.899723107284872,0.984064,992,6.899723107284872,0,0.0,0,0.0,0.0,0,0.0,0.0,0,22,3.1354942159291497,0.484,22.0,3.1354942159291497,1,1,0,1.0,1.0,496.0,1.0,1,0,0,0,0,0,0,0,0,0,0,0,0,0,0,0,0,0,0,0,1,0,0,0,1,0,0,0.0,0.0,0.0,0.0,0.0,0.0,0.0,0.0,0.0,0.0,0.0,6.899723107284872,0.0,6.899723107284872,3.1354942159291497,0.0
125353,371400.0,1804,7.4977617006225685,3.254416,1804,7.4977617006225685,0,0.0,912,6.816735880594968,0.0,5448,8.603187384583098,3.0199556541019956,0,17,2.8903717578961645,0.289,17.0,2.8903717578961645,4,2,1,2.5,0.625,300.6666666666667,2.0,0,0,1,1,0,0,0,0,0,0,0,0,0,0,0,0,0,0,0,0,0,0,1,0,0,0,0,0.0,0.0,0.0,0.0,0.0,0.0,0.0,0.0,0.0,0.0,0.0,0.0,0.0,0.0,0.0,8.603187384583098
125783,690000.0,1377,7.227662498728654,1.896129,1377,7.227662498728654,0,0.0,0,0.0,0.0,1185,7.078341579557671,0.8605664488017429,0,4,1.6094379124341003,0.016,4.0,1.6094379124341003,2,2,2,3.0,1.5,344.25,3.0,0,0,1,0,0,0,0,0,0,0,0,0,0,0,1,0,0,0,0,0,0,0,0,1,0,0,0,0.0,0.0,0.0,0.0,0.0,7.227662498728654,0.0,0.0,0.0,0.0,0.0,0.0,0.0,0.0,0.0,7.078341579557671
126031,497000.0,2566,7.850103545175582,6.584356,3866,8.259975659768276,1300,7.170888478512505,1493,7.309212365692763,0.87073007367716,8512,9.049349685884057,3.317225253312549,0,6,1.9459101490553132,0.036,6.0,1.9459101490553132,4,4,0,4.0,1.0,320.75,1.5,0,0,1,1,1,0,0,0,0,0,0,0,0,0,0,0,0,0,0,0,0,0,0,0,0,0,1,0.0,0.0,0.0,0.0,0.0,0.0,0.0,0.0,0.0,0.0,0.0,0.0,0.0,0.0,0.0,9.049349685884057
126059,224383.0,1147,7.044905117129371,1.315609,1147,7.044905117129371,0,0.0,0,0.0,0.0,1594,7.374629015218945,1.3897122929380994,0,0,0.0,0.0,0.0,0.0,2,1,1,1.5,0.75,382.3333333333333,2.0,0,0,1,0,0,0,1,0,0,0,1,0,0,0,0,0,0,0,0,0,0,0,0,0,1,0,0,0.0,7.044905117129371,0.0,0.0,0.0,0.0,0.0,0.0,0.0,0.0,0.0,0.0,0.0,0.0,0.0,7.374629015218945
127846,511250.0,834,6.726233402358747,0.695556,1407,7.249215057114389,573,6.352629396319567,609,6.413458957167357,0.9408866995073891,5950,8.691314551644853,7.134292565947242,0,95,4.564348191467836,9.025,9.0,2.302585092994046,2,2,0,2.0,1.0,208.5,1.0,0,1,1,1,1,0,0,1,0,0,0,0,0,0,0,0,0,0,1,0,0,0,0,0,0,0,0,0.0,0.0,0.0,0.0,0.0,0.0,0.0,0.0,0.0,6.726233402358747,0.0,0.0,0.0,0.0,0.0,8.691314551644853
128046,330000.0,1858,7.527255919373784,3.452164,1858,7.527255919373784,0,0.0,0,0.0,0.0,4138,8.328209491748732,2.227125941872982,0,15,2.772588722239781,0.225,15.0,2.772588722239781,3,2,1,2.5,0.8333333333333334,371.6,2.0,0,0,1,0,0,0,0,0,0,0,0,0,0,0,0,0,0,0,0,0,0,0,1,0,0,0,0,0.0,0.0,0.0,0.0,0.0,0.0,0.0,0.0,0.0,0.0,0.0,0.0,0.0,0.0,0.0,8.328209491748732
128117,167000.0,692,6.539585955617669,0.478864,692,6.539585955617669,0,0.0,0,0.0,0.0,0,0.0,0.0,0,41,3.7376696182833684,1.681,41.0,3.7376696182833684,1,1,0,1.0,1.0,346.0,1.0,1,0,0,0,0,0,0,0,0,0,0,0,0,1,0,0,0,0,0,0,0,0,0,1,0,0,0,0.0,0.0,0.0,0.0,6.539585955617669,0.0,0.0,0.0,0.0,0.0,0.0,0.0,0.0,6.539585955617669,3.7376696182833684,0.0
128209,1250000.0,3574,8.181440695719374,12.773476,5303,8.57602797713713,1729,7.455876687491824,1820,7.507141079727608,0.95,17215,9.75359446296151,4.816731952993845,0,20,3.044522437723423,0.4,20.0,3.044522437723423,4,3,2,4.0,1.0,510.57142857142856,2.0,0,0,1,1,1,0,0,0,0,0,0,0,0,0,0,1,0,0,0,0,0,0,1,0,0,0,0,0.0,0.0,0.0,0.0,0.0,0.0,8.181440695719374,0.0,0.0,0.0,0.0,0.0,0.0,0.0,0.0,9.75359446296151
128472,138500.0,654,6.483107351457199,0.427716,654,6.483107351457199,0,0.0,0,0.0,0.0,0,0.0,0.0,0,39,3.6888794541139363,1.521,39.0,3.6888794541139363,1,1,0,1.0,1.0,327.0,1.0,1,0,0,0,0,0,0,0,0,0,0,0,0,0,0,0,0,0,0,0,0,1,0,1,0,0,0,0.0,0.0,0.0,0.0,0.0,0.0,0.0,0.0,0.0,0.0,0.0,0.0,6.483107351457199,6.483107351457199,3.6888794541139363,0.0
128552,314720.0,1642,7.403670290012373,2.696164,2210,7.700747794511798,568,6.343880434126331,646,6.472346294500901,0.8792569659442725,1259,7.138866999945524,0.7667478684531059,0,1,0.6931471805599453,0.001,1.0,0.6931471805599453,3,3,1,3.5,1.1666666666666667,273.6666666666667,2.0,0,0,1,1,1,0,1,0,0,0,0,0,0,0,0,0,0,0,0,0,0,0,0,0,1,0,0,0.0,0.0,0.0,0.0,0.0,0.0,0.0,0.0,0.0,0.0,0.0,0.0,0.0,0.0,0.0,7.138866999945524
129579,335000.0,1522,7.3277805384216315,2.316484,1522,7.3277805384216315,0,0.0,0,0.0,0.0,2442,7.8009820712577405,1.6044678055190538,0,16,2.833213344056216,0.256,16.0,2.833213344056216,2,2,1,2.5,1.25,380.5,2.0,0,0,1,0,0,0,0,0,0,0,0,0,0,0,0,0,0,0,0,0,0,0,1,0,0,0,0,0.0,0.0,0.0,0.0,0.0,0.0,0.0,0.0,0.0,0.0,0.0,0.0,0.0,0.0,0.0,7.8009820712577405
129824,234755.0,1463,7.288244401020124,2.140369,1463,7.288244401020124,0,0.0,0,0.0,0.0,1421,7.259819610363186,0.9712918660287081,0,10,2.3978952727983707,0.1,10.0,2.3978952727983707,3,2,1,2.5,0.8333333333333334,292.6,3.0,0,0,1,0,0,0,0,0,0,0,1,0,0,0,0,0,0,0,0,0,0,0,0,1,0,0,0,0.0,7.288244401020124,0.0,0.0,0.0,0.0,0.0,0.0,0.0,0.0,0.0,0.0,0.0,0.0,0.0,7.259819610363186
130629,550000.0,874,6.773080375655535,0.763876,874,6.773080375655535,0,0.0,0,0.0,0.0,5620,8.634264863002075,6.4302059496567505,0,78,4.3694478524670215,6.084,78.0,4.3694478524670215,2,1,0,1.0,0.5,291.3333333333333,1.0,0,0,1,0,0,0,0,0,0,0,0,0,0,0,0,0,0,0,0,1,0,0,0,0,0,0,0,0.0,0.0,0.0,0.0,0.0,0.0,0.0,0.0,0.0,0.0,6.773080375655535,0.0,0.0,0.0,0.0,8.634264863002075
131358,554813.0,1948,7.5745584842024805,3.794704,2654,7.8838232148921525,706,6.561030665896573,870,6.769641976852503,0.8114942528735632,4226,8.34924780056679,2.1694045174537986,0,0,0.0,0.0,0.0,0.0,3,3,1,3.5,1.1666666666666667,324.6666666666667,2.0,0,0,1,1,1,0,1,0,0,0,1,0,0,0,0,0,0,0,0,0,0,0,1,0,0,0,0,0.0,7.5745584842024805,0.0,0.0,0.0,0.0,0.0,0.0,0.0,0.0,0.0,0.0,0.0,0.0,0.0,8.34924780056679
131392,435000.0,1499,7.312553498102598,2.247001,1499,7.312553498102598,0,0.0,0,0.0,0.0,9630,9.172742341560864,6.424282855236824,854,51,3.9512437185814275,2.601,51.0,3.9512437185814275,4,2,1,2.5,0.625,249.83333333333334,1.0,0,0,1,0,0,1,0,0,0,0,0,0,1,0,0,0,0,0,0,0,0,0,0,0,0,1,0,0.0,0.0,0.0,7.312553498102598,0.0,0.0,0.0,0.0,0.0,0.0,0.0,0.0,0.0,0.0,0.0,9.172742341560864
131569,550000.0,2506,7.826443135456014,6.280036,3326,8.109525659752872,820,6.710523109452428,861,6.759255270663693,0.9523809523809523,11225,9.325987795502144,4.479249800478851,0,48,3.8918202981106265,2.304,48.0,3.8918202981106265,3,2,2,3.0,1.0,501.2,1.0,0,0,1,1,1,0,0,0,0,0,0,0,1,0,0,0,0,0,0,0,0,0,0,0,0,0,0,0.0,0.0,0.0,7.826443135456014,0.0,0.0,0.0,0.0,0.0,0.0,0.0,0.0,0.0,0.0,0.0,9.325987795502144
131754,542000.0,1012,6.919683849847411,1.024144,2024,7.6128310304073565,1012,6.920671504248683,1012,6.920671504248683,1.0,5820,8.669227347271736,5.75098814229249,0,70,4.2626798770413155,4.9,70.0,4.2626798770413155,2,2,0,2.0,1.0,253.0,1.0,0,0,1,1,1,0,0,0,0,0,0,0,0,0,0,0,0,1,0,0,0,0,0,0,0,0,0,0.0,0.0,0.0,0.0,0.0,0.0,0.0,0.0,6.919683849847411,0.0,0.0,0.0,0.0,0.0,0.0,8.669227347271736
132245,568400.0,1451,7.280008252884188,2.105401,2051,7.62608275807238,600,6.398594934535208,660,6.493753839851686,0.9090909090909091,2794,7.9355873855892,1.9255685733976569,0,12,2.5649493574615367,0.144,12.0,2.5649493574615367,3,3,1,3.5,1.1666666666666667,241.83333333333334,2.0,0,0,1,1,1,0,0,0,0,0,1,0,0,0,0,0,0,0,0,0,0,0,1,0,0,0,0,0.0,7.280008252884188,0.0,0.0,0.0,0.0,0.0,0.0,0.0,0.0,0.0,0.0,0.0,0.0,0.0,7.9355873855892
133090,330000.0,1574,7.3613754289773485,2.477476,1574,7.3613754289773485,0,0.0,0,0.0,0.0,4275,8.360773272144936,2.716010165184244,0,14,2.70805020110221,0.196,14.0,2.70805020110221,3,2,1,2.5,0.8333333333333334,314.8,2.0,0,0,1,0,0,0,0,0,0,0,0,0,0,0,0,0,0,0,0,0,0,0,1,0,0,0,0,0.0,0.0,0.0,0.0,0.0,0.0,0.0,0.0,0.0,0.0,0.0,0.0,0.0,0.0,0.0,8.360773272144936
133265,472133.0,2022,7.611842399580417,4.088484,2022,7.611842399580417,0,0.0,0,0.0,0.0,3002,8.00736706798333,1.4846686449060336,0,0,0.0,0.0,0.0,0.0,3,2,1,2.5,0.8333333333333334,404.4,2.0,0,0,1,0,0,0,1,0,0,0,1,0,0,0,0,0,0,0,0,0,0,0,0,1,0,0,0,0.0,7.611842399580417,0.0,0.0,0.0,0.0,0.0,0.0,0.0,0.0,0.0,0.0,0.0,0.0,0.0,8.00736706798333
133310,347000.0,1460,7.286191714702382,2.1316,1460,7.286191714702382,0,0.0,0,0.0,0.0,3079,8.03268487596762,2.1089041095890413,0,5,1.791759469228055,0.025,5.0,1.791759469228055,3,2,1,2.5,0.8333333333333334,292.0,2.0,0,0,1,0,0,0,0,0,0,0,0,0,0,0,0,0,0,0,0,0,0,0,1,0,0,0,0,0.0,0.0,0.0,0.0,0.0,0.0,0.0,0.0,0.0,0.0,0.0,0.0,0.0,0.0,0.0,8.03268487596762
133668,315815.0,1534,7.335633981927201,2.353156,1534,7.335633981927201,0,0.0,600,6.398594934535208,0.0,1978,7.590346945602565,1.2894393741851369,0,1,0.6931471805599453,0.001,1.0,0.6931471805599453,3,2,1,2.5,0.8333333333333334,306.8,2.0,0,0,1,1,0,0,1,0,0,0,0,0,0,0,0,0,0,0,0,0,0,0,0,1,0,0,0,0.0,0.0,0.0,0.0,0.0,0.0,0.0,0.0,0.0,0.0,0.0,0.0,0.0,0.0,0.0,7.590346945602565
134277,255166.0,1466,7.290292882446597,2.149156,1466,7.290292882446597,0,0.0,0,0.0,0.0,2294,7.738488122494646,1.5648021828103684,0,1,0.6931471805599453,0.001,1.0,0.6931471805599453,3,2,0,2.0,0.6666666666666666,293.2,2.5,0,0,1,0,0,0,1,0,0,0,0,0,0,0,0,0,0,0,0,0,0,0,0,0,0,0,1,0.0,0.0,0.0,0.0,0.0,0.0,0.0,0.0,0.0,0.0,0.0,0.0,0.0,0.0,0.0,7.738488122494646
134405,540000.0,1122,7.022868086082641,1.258884,1122,7.022868086082641,0,0.0,0,0.0,0.0,0,0.0,0.0,0,22,3.1354942159291497,0.484,22.0,3.1354942159291497,1,1,0,1.0,1.0,561.0,1.0,1,0,0,0,0,0,0,0,0,0,0,0,0,0,0,0,0,0,0,0,1,0,0,0,1,0,0,0.0,0.0,0.0,0.0,0.0,0.0,0.0,0.0,0.0,0.0,0.0,7.022868086082641,0.0,7.022868086082641,3.1354942159291497,0.0
134449,575000.0,1532,7.3343293503005365,2.347024,2128,7.662937850461535,596,6.391917113392602,627,6.4425401664681985,0.9505582137161085,1899,7.549609165154532,1.239556135770235,0,14,2.70805020110221,0.196,14.0,2.70805020110221,2,3,1,3.5,1.75,306.4,2.0,0,0,1,1,1,0,0,0,0,0,0,0,0,0,0,0,0,1,0,0,0,0,0,1,0,0,0,0.0,0.0,0.0,0.0,0.0,0.0,0.0,0.0,7.3343293503005365,0.0,0.0,0.0,0.0,0.0,0.0,7.549609165154532
134490,1400000.0,3078,8.032035314398824,9.474084,3575,8.181720455128108,497,6.210600077024653,696,6.546785410760524,0.7140804597701149,6870,8.835064935031076,2.2319688109161793,0,81,4.406719247264253,6.561,14.0,2.70805020110221,4,4,0,4.0,1.0,384.75,2.0,0,1,1,1,1,0,0,1,0,0,0,0,0,0,0,0,0,1,0,0,0,0,1,0,0,0,0,0.0,0.0,0.0,0.0,0.0,0.0,0.0,0.0,8.032035314398824,0.0,0.0,0.0,0.0,0.0,0.0,8.835064935031076
134612,342500.0,974,6.881411303642535,0.948676,974,6.881411303642535,0,0.0,0,0.0,0.0,0,0.0,0.0,0,129,4.867534450455582,16.641,19.0,2.995732273553991,2,2,0,2.0,1.0,243.5,2.0,1,1,0,0,0,0,0,1,0,0,0,1,0,0,0,0,0,0,0,0,0,0,0,1,0,0,0,0.0,0.0,6.881411303642535,0.0,0.0,0.0,0.0,0.0,0.0,0.0,0.0,0.0,0.0,6.881411303642535,4.867534450455582,0.0
134781,493679.0,1355,7.2115567333138015,1.836025,2115,7.656810091480378,760,6.634633357861686,909,6.813444599510896,0.8360836083608361,3964,8.285261134068948,2.925461254612546,0,0,0.0,0.0,0.0,0.0,2,3,0,3.0,1.5,271.0,1.0,0,0,1,1,1,0,1,0,0,0,1,0,0,0,0,0,0,0,0,0,0,0,0,1,0,0,0,0.0,7.2115567333138015,0.0,0.0,0.0,0.0,0.0,0.0,0.0,0.0,0.0,0.0,0.0,0.0,0.0,8.285261134068948
134835,240000.0,863,6.760414691083428,0.744769,1726,7.453561871643373,863,6.761572768804055,863,6.761572768804055,1.0,6600,8.79497643168877,7.6477404403244496,0,49,3.912023005428146,2.401,0.0,0.0,2,2,0,2.0,1.0,215.75,1.0,0,1,1,1,1,0,0,0,0,0,0,0,0,0,0,0,1,0,0,0,0,0,0,0,0,0,0,0.0,0.0,0.0,0.0,0.0,0.0,0.0,6.760414691083428,0.0,0.0,0.0,0.0,0.0,0.0,0.0,8.79497643168877
134957,299000.0,1297,7.167809184316444,1.682209,1297,7.167809184316444,0,0.0,0,0.0,0.0,0,0.0,0.0,0,16,2.833213344056216,0.256,16.0,2.833213344056216,3,2,0,2.0,0.6666666666666666,259.4,1.0,1,0,0,0,0,0,0,0,0,0,0,0,0,0,0,1,0,0,0,0,0,0,0,1,0,0,0,0.0,0.0,0.0,0.0,0.0,0.0,7.167809184316444,0.0,0.0,0.0,0.0,0.0,0.0,7.167809184316444,2.833213344056216,0.0
135343,308425.0,1454,7.282073658093465,2.114116,1454,7.282073658093465,0,0.0,0,0.0,0.0,1500,7.313886831633462,1.031636863823934,0,1,0.6931471805599453,0.001,1.0,0.6931471805599453,3,2,1,2.5,0.8333333333333334,290.8,2.0,0,0,1,0,0,0,1,0,0,0,0,0,0,0,0,0,0,0,0,0,0,0,0,0,1,0,0,0.0,0.0,0.0,0.0,0.0,0.0,0.0,0.0,0.0,0.0,0.0,0.0,0.0,0.0,0.0,7.313886831633462
135536,277280.0,1715,7.44716835960004,2.941225,1715,7.44716835960004,0,0.0,0,0.0,0.0,2232,7.711101251840158,1.301457725947522,0,1,0.6931471805599453,0.001,1.0,0.6931471805599453,3,3,0,3.0,1.0,285.8333333333333,2.5,0,0,1,0,0,0,1,0,0,0,0,0,0,0,0,0,0,0,0,0,0,0,0,0,0,0,1,0.0,0.0,0.0,0.0,0.0,0.0,0.0,0.0,0.0,0.0,0.0,0.0,0.0,0.0,0.0,7.711101251840158
135598,354000.0,1060,6.966024187106113,1.1236,2120,7.659171367666058,1060,6.966967138613983,1060,6.966967138613983,1.0,7220,8.884748726451182,6.811320754716981,0,46,3.8501476017100584,2.116,46.0,3.8501476017100584,3,2,0,2.0,0.6666666666666666,212.0,1.0,0,0,1,1,1,0,0,0,0,0,0,0,0,0,0,0,1,0,0,0,0,0,0,0,0,0,0,0.0,0.0,0.0,0.0,0.0,0.0,0.0,6.966024187106113,0.0,0.0,0.0,0.0,0.0,0.0,0.0,8.884748726451182
135829,749000.0,2396,7.78155595923534,5.740816,3266,8.09132127353041,870,6.769641976852503,916,6.821107472256465,0.9497816593886463,4902,8.497602541651233,2.0459098497495827,0,15,2.772588722239781,0.225,15.0,2.772588722239781,3,3,1,3.5,1.1666666666666667,399.3333333333333,2.0,0,1,1,1,1,0,0,0,0,0,1,0,0,0,0,0,0,0,0,0,0,0,1,0,0,0,0,0.0,7.78155595923534,0.0,0.0,0.0,0.0,0.0,0.0,0.0,0.0,0.0,0.0,0.0,0.0,0.0,8.497602541651233
136562,332000.0,987,6.894670039433482,0.974169,1897,7.5480289699350145,910,6.814542897259958,987,6.895682697747868,0.9219858156028369,7760,8.95686647085414,7.862208713272543,0,49,3.912023005428146,2.401,0.0,0.0,3,2,0,2.0,0.6666666666666666,197.4,1.0,0,1,1,1,1,0,0,0,0,0,0,0,0,0,0,0,1,0,0,0,0,0,0,0,0,0,0,0.0,0.0,0.0,0.0,0.0,0.0,0.0,6.894670039433482,0.0,0.0,0.0,0.0,0.0,0.0,0.0,8.95686647085414
137229,330000.0,906,6.80903930604298,0.820836,906,6.80903930604298,0,0.0,0,0.0,0.0,0,0.0,0.0,0,133,4.897839799950911,17.689,26.0,3.295836866004329,1,1,0,1.0,1.0,453.0,1.0,1,1,0,0,0,0,0,1,0,0,0,1,0,0,0,0,0,0,0,0,0,0,0,0,1,0,0,0.0,0.0,6.80903930604298,0.0,0.0,0.0,0.0,0.0,0.0,0.0,0.0,0.0,0.0,6.80903930604298,4.897839799950911,0.0
137335,250000.0,781,6.660575149839686,0.609961,781,6.660575149839686,0,0.0,0,0.0,0.0,0,0.0,0.0,0,35,3.58351893845611,1.225,35.0,3.58351893845611,1,1,0,1.0,1.0,390.5,1.0,1,0,0,0,0,0,0,0,0,0,0,0,0,0,0,0,0,1,0,0,0,0,0,1,0,0,0,0.0,0.0,0.0,0.0,0.0,0.0,0.0,0.0,6.660575149839686,0.0,0.0,0.0,0.0,6.660575149839686,3.58351893845611,0.0
138811,162500.0,837,6.729824070489475,0.700569,837,6.729824070489475,0,0.0,0,0.0,0.0,832,6.725033642166843,0.994026284348865,0,46,3.8501476017100584,2.116,0.0,0.0,2,1,0,1.0,0.5,279.0,1.0,0,1,1,0,0,0,0,0,0,0,0,0,0,1,0,0,0,0,0,0,0,0,0,1,0,0,0,0.0,0.0,0.0,0.0,6.729824070489475,0.0,0.0,0.0,0.0,0.0,0.0,0.0,0.0,0.0,0.0,6.725033642166843
138871,450000.0,1642,7.403670290012373,2.696164,1642,7.403670290012373,0,0.0,102,4.634728988229636,0.0,2170,7.682943169878292,1.3215590742996346,0,16,2.833213344056216,0.256,16.0,2.833213344056216,3,2,1,2.5,0.8333333333333334,328.4,2.0,0,0,1,1,0,0,0,0,0,0,1,0,0,0,0,0,0,0,0,0,0,0,0,1,0,0,0,0.0,7.403670290012373,0.0,0.0,0.0,0.0,0.0,0.0,0.0,0.0,0.0,0.0,0.0,0.0,0.0,7.682943169878292
139686,325000.0,1156,7.052721049232323,1.336336,1156,7.052721049232323,0,0.0,0,0.0,0.0,3471,8.15248607578024,3.0025951557093427,0,5,1.791759469228055,0.025,5.0,1.791759469228055,2,2,1,2.5,1.25,289.0,2.0,0,0,1,0,0,0,0,0,0,0,0,0,0,0,0,0,0,0,0,0,0,0,1,0,0,0,0,0.0,0.0,0.0,0.0,0.0,0.0,0.0,0.0,0.0,0.0,0.0,0.0,0.0,0.0,0.0,8.15248607578024
140960,379900.0,1143,7.04141166379481,1.306449,1143,7.04141166379481,0,0.0,543,6.298949246855942,0.0,7860,8.969669103793757,6.876640419947506,552,47,3.871201010907891,2.209,3.0,1.3862943611198906,3,3,0,3.0,1.0,190.5,1.0,0,1,1,1,0,1,0,0,0,0,0,0,0,0,0,0,1,0,0,0,0,0,0,0,0,1,0,0.0,0.0,0.0,0.0,0.0,0.0,0.0,7.04141166379481,0.0,0.0,0.0,0.0,0.0,0.0,0.0,8.969669103793757
141939,649900.0,1824,7.508787170634276,3.326976,2444,7.8013913202914855,620,6.431331081933479,818,6.70808408385307,0.7579462102689487,4050,8.30671904320269,2.2203947368421053,0,16,2.833213344056216,0.256,16.0,2.833213344056216,3,3,1,3.5,1.1666666666666667,304.0,1.5,0,0,1,1,1,0,0,0,0,0,1,0,0,0,0,0,0,0,0,0,0,0,0,0,0,0,1,0.0,7.508787170634276,0.0,0.0,0.0,0.0,0.0,0.0,0.0,0.0,0.0,0.0,0.0,0.0,0.0,8.30671904320269
142236,520000.0,1007,6.914730892718563,1.014049,1007,6.914730892718563,0,0.0,0,0.0,0.0,0,0.0,0.0,0,124,4.8283137373023015,15.376,124.0,4.8283137373023015,1,1,0,1.0,1.0,503.5,1.0,1,0,0,0,0,0,0,1,0,0,0,0,0,0,0,0,0,0,0,0,1,0,0,0,1,0,0,0.0,0.0,0.0,0.0,0.0,0.0,0.0,0.0,0.0,0.0,0.0,6.914730892718563,0.0,6.914730892718563,4.8283137373023015,0.0
142783,962500.0,1782,7.485491608030754,3.175524,1782,7.485491608030754,0,0.0,0,0.0,0.0,0,0.0,0.0,0,11,2.4849066497880004,0.121,11.0,2.4849066497880004,2,2,1,2.5,1.25,445.5,1.0,1,1,0,0,0,0,0,0,0,0,0,0,0,0,0,0,0,0,0,0,1,0,0,0,1,0,0,0.0,0.0,0.0,0.0,0.0,0.0,0.0,0.0,0.0,0.0,0.0,7.485491608030754,0.0,7.485491608030754,2.4849066497880004,0.0
143710,450000.0,864,6.761572768804055,0.746496,864,6.761572768804055,0,0.0,0,0.0,0.0,0,0.0,0.0,0,14,2.70805020110221,0.196,14.0,2.70805020110221,1,1,0,1.0,1.0,432.0,1.0,1,0,0,0,0,0,0,0,0,0,0,0,0,0,0,0,0,0,0,0,1,0,0,0,1,0,0,0.0,0.0,0.0,0.0,0.0,0.0,0.0,0.0,0.0,0.0,0.0,6.761572768804055,0.0,6.761572768804055,2.70805020110221,0.0
143885,285000.0,1072,6.977281341630747,1.149184,1436,7.269616749608169,364,5.8998973535824915,531,6.2766434893416445,0.6854990583804144,7000,8.853808274977197,6.529850746268656,0,52,3.970291913552122,2.704,52.0,3.970291913552122,3,2,0,2.0,0.6666666666666666,214.4,1.0,0,0,1,1,1,0,0,0,0,0,0,0,0,0,0,0,1,0,0,0,0,0,0,0,0,0,0,0.0,0.0,0.0,0.0,0.0,0.0,0.0,6.977281341630747,0.0,0.0,0.0,0.0,0.0,0.0,0.0,8.853808274977197
144104,325000.0,793,6.675823221634848,0.628849,793,6.675823221634848,0,0.0,0,0.0,0.0,2906,7.9748769005588755,3.6645649432534677,0,70,4.2626798770413155,4.9,0.0,0.0,2,1,0,1.0,0.5,264.3333333333333,1.0,0,1,1,0,0,0,0,0,0,0,0,0,0,0,0,0,0,0,1,0,0,0,0,1,0,0,0,0.0,0.0,0.0,0.0,0.0,0.0,0.0,0.0,0.0,6.675823221634848,0.0,0.0,0.0,0.0,0.0,7.9748769005588755
144469,336500.0,1026,6.933423025730715,1.052676,1026,6.933423025730715,0,0.0,364,5.8998973535824915,0.0,4600,8.434028950155469,4.483430799220273,360,20,3.044522437723423,0.4,20.0,3.044522437723423,3,2,1,2.5,0.8333333333333334,205.2,1.0,0,0,1,1,0,1,0,0,0,0,0,0,0,0,0,0,0,0,0,0,0,0,0,0,0,1,0,0.0,0.0,0.0,0.0,0.0,0.0,0.0,0.0,0.0,0.0,0.0,0.0,0.0,0.0,0.0,8.434028950155469
144479,815000.0,2040,7.620705086838262,4.1616,2040,7.620705086838262,0,0.0,0,0.0,0.0,0,0.0,0.0,0,1,0.6931471805599453,0.001,1.0,0.6931471805599453,3,2,1,2.5,0.8333333333333334,408.0,2.5,1,0,0,0,0,0,1,0,0,0,0,1,0,0,0,0,0,0,0,0,0,0,0,1,0,0,0,0.0,0.0,7.620705086838262,0.0,0.0,0.0,0.0,0.0,0.0,0.0,0.0,0.0,0.0,7.620705086838262,0.6931471805599453,0.0
144517,500000.0,1966,7.583756300707112,3.865156,1966,7.583756300707112,0,0.0,0,0.0,0.0,0,0.0,0.0,0,58,4.07753744390572,3.364,6.0,1.9459101490553132,3,3,0,3.0,1.0,327.6666666666667,1.0,1,1,0,0,0,0,0,0,0,1,0,0,0,0,0,0,0,0,0,0,0,0,0,1,0,0,0,7.583756300707112,0.0,0.0,0.0,0.0,0.0,0.0,0.0,0.0,0.0,0.0,0.0,0.0,7.583756300707112,4.07753744390572,0.0
144973,257500.0,1036,6.943122422819428,1.073296,1036,6.943122422819428,0,0.0,0,0.0,0.0,0,0.0,0.0,0,18,2.9444389791664403,0.324,18.0,2.9444389791664403,2,2,0,2.0,1.0,259.0,1.0,1,0,0,0,0,0,0,0,0,0,0,0,0,0,0,1,0,0,0,0,0,0,0,1,0,0,0,0.0,0.0,0.0,0.0,0.0,0.0,6.943122422819428,0.0,0.0,0.0,0.0,0.0,0.0,6.943122422819428,2.9444389791664403,0.0
145934,925000.0,1424,7.261225091971921,2.027776,1424,7.261225091971921,0,0.0,0,0.0,0.0,0,0.0,0.0,0,2,1.0986122886681098,0.004,2.0,1.0986122886681098,3,2,0,2.0,0.6666666666666666,284.8,1.0,1,0,0,0,0,0,0,0,0,0,0,0,0,0,0,0,0,0,0,0,1,0,0,1,0,0,0,0.0,0.0,0.0,0.0,0.0,0.0,0.0,0.0,0.0,0.0,0.0,7.261225091971921,0.0,7.261225091971921,1.0986122886681098,0.0
146148,170000.0,784,6.664409020350408,0.614656,784,6.664409020350408,0,0.0,0,0.0,0.0,0,0.0,0.0,0,49,3.912023005428146,2.401,2.0,1.0986122886681098,1,1,0,1.0,1.0,392.0,1.0,1,1,0,0,0,0,0,0,0,0,0,0,1,0,0,0,0,0,0,0,0,0,0,1,0,0,0,0.0,0.0,0.0,6.664409020350408,0.0,0.0,0.0,0.0,0.0,0.0,0.0,0.0,0.0,6.664409020350408,3.912023005428146,0.0
146313,595000.0,2117,7.6577552711348655,4.481689,2117,7.6577552711348655,0,0.0,857,6.754604099487962,0.0,8800,9.082620630373812,4.156825696740671,0,51,3.9512437185814275,2.601,0.0,0.0,3,3,0,3.0,1.0,352.8333333333333,1.0,0,1,1,1,0,0,0,0,0,0,0,0,0,1,0,0,0,0,0,0,0,0,0,0,0,0,0,0.0,0.0,0.0,0.0,7.6577552711348655,0.0,0.0,0.0,0.0,0.0,0.0,0.0,0.0,0.0,0.0,9.082620630373812
147019,475000.0,1328,7.191429330036379,1.763584,1328,7.191429330036379,0,0.0,0,0.0,0.0,823,6.714170529909472,0.6197289156626506,0,4,1.6094379124341003,0.016,4.0,1.6094379124341003,2,2,2,3.0,1.5,332.0,3.0,0,0,1,0,0,0,0,0,0,0,0,0,0,0,0,0,0,0,0,1,0,0,0,0,1,0,0,0.0,0.0,0.0,0.0,0.0,0.0,0.0,0.0,0.0,0.0,7.191429330036379,0.0,0.0,0.0,0.0,6.714170529909472
147182,242000.0,1121,7.02197642307216,1.256641,1121,7.02197642307216,0,0.0,0,0.0,0.0,0,0.0,0.0,0,14,2.70805020110221,0.196,14.0,2.70805020110221,2,2,0,2.0,1.0,280.25,1.0,1,0,0,0,0,0,0,0,0,0,0,0,0,0,0,0,0,0,0,0,0,0,0,1,0,0,0,0.0,0.0,0.0,0.0,0.0,0.0,0.0,0.0,0.0,0.0,0.0,0.0,0.0,7.02197642307216,2.70805020110221,0.0
147584,330000.0,770,6.646390514847729,0.5929,770,6.646390514847729,0,0.0,0,0.0,0.0,874,6.774223886357614,1.135064935064935,0,129,4.867534450455582,16.641,10.0,2.3978952727983707,3,1,0,1.0,0.3333333333333333,192.5,1.0,0,1,1,0,0,0,0,1,0,0,0,1,0,0,0,0,0,0,0,0,0,0,0,1,0,0,0,0.0,0.0,6.646390514847729,0.0,0.0,0.0,0.0,0.0,0.0,0.0,0.0,0.0,0.0,0.0,0.0,6.774223886357614
148205,280000.0,587,6.375024819828097,0.344569,587,6.375024819828097,0,0.0,0,0.0,0.0,0,0.0,0.0,0,54,4.007333185232471,2.916,2.0,1.0986122886681098,1,1,0,1.0,1.0,293.5,1.0,1,1,0,0,0,0,0,0,0,1,0,0,0,0,0,0,0,0,0,0,0,0,0,0,1,0,0,6.375024819828097,0.0,0.0,0.0,0.0,0.0,0.0,0.0,0.0,0.0,0.0,0.0,0.0,6.375024819828097,4.007333185232471,0.0
148337,490000.0,1444,7.275172319452771,2.085136,1444,7.275172319452771,0,0.0,702,6.555356891810665,0.0,7193,8.881002624255569,4.981301939058172,517,42,3.7612001156935624,1.764,42.0,3.7612001156935624,3,2,1,2.5,0.8333333333333334,288.8,1.0,0,0,1,1,0,1,0,0,0,0,0,0,1,0,0,0,0,0,0,0,0,0,0,0,0,1,0,0.0,0.0,0.0,7.275172319452771,0.0,0.0,0.0,0.0,0.0,0.0,0.0,0.0,0.0,0.0,0.0,8.881002624255569
148855,324400.0,1643,7.404279118037268,2.699449,1643,7.404279118037268,0,0.0,0,0.0,0.0,2100,7.650168700845001,1.278149726110773,0,0,0.0,0.0,0.0,0.0,3,2,1,2.5,0.8333333333333334,328.6,2.0,0,0,1,0,0,0,1,0,0,0,0,0,0,0,0,0,0,0,0,0,0,0,0,1,0,0,0,0.0,0.0,0.0,0.0,0.0,0.0,0.0,0.0,0.0,0.0,0.0,0.0,0.0,0.0,0.0,7.650168700845001
149263,414600.0,928,6.833031732786201,0.861184,1628,7.395107546562485,700,6.55250788703459,884,6.785587645007929,0.7918552036199095,5870,8.677780256064185,6.325431034482759,0,88,4.48863636973214,7.744,88.0,4.48863636973214,2,2,0,2.0,1.0,232.0,1.0,0,0,1,1,1,0,0,1,0,0,0,0,0,0,0,0,0,1,0,0,0,0,0,0,0,0,0,0.0,0.0,0.0,0.0,0.0,0.0,0.0,0.0,6.833031732786201,0.0,0.0,0.0,0.0,0.0,0.0,8.677780256064185
149381,460000.0,935,6.840546529288687,0.874225,935,6.840546529288687,0,0.0,0,0.0,0.0,0,0.0,0.0,0,17,2.8903717578961645,0.289,17.0,2.8903717578961645,1,1,1,1.5,1.5,467.5,2.0,1,0,0,0,0,0,0,0,0,0,0,1,0,0,0,0,0,0,0,0,0,0,0,1,0,0,0,0.0,0.0,6.840546529288687,0.0,0.0,0.0,0.0,0.0,0.0,0.0,0.0,0.0,0.0,6.840546529288687,2.8903717578961645,0.0
149889,205000.0,579,6.361302477572996,0.335241,579,6.361302477572996,0,0.0,0,0.0,0.0,0,0.0,0.0,0,61,4.127134385045092,3.721,20.0,3.044522437723423,1,1,0,1.0,1.0,289.5,1.0,1,1,0,0,0,0,0,0,0,1,0,0,0,0,0,0,0,0,0,0,0,0,0,0,1,0,0,6.361302477572996,0.0,0.0,0.0,0.0,0.0,0.0,0.0,0.0,0.0,0.0,0.0,0.0,6.361302477572996,4.127134385045092,0.0
150254,189000.0,1138,7.037027614686276,1.295044,1138,7.037027614686276,0,0.0,0,0.0,0.0,0,0.0,0.0,0,47,3.871201010907891,2.209,1.0,0.6931471805599453,2,2,0,2.0,1.0,284.5,1.0,1,1,0,0,0,0,0,0,0,0,0,0,1,0,0,0,0,0,0,0,0,0,0,1,0,0,0,0.0,0.0,0.0,7.037027614686276,0.0,0.0,0.0,0.0,0.0,0.0,0.0,0.0,0.0,7.037027614686276,3.871201010907891,0.0
150384,190000.0,1200,7.090076835776092,1.44,1200,7.090076835776092,0,0.0,0,0.0,0.0,0,0.0,0.0,0,55,4.02535169073515,3.025,55.0,4.02535169073515,2,2,0,2.0,1.0,300.0,1.0,1,0,0,0,0,0,0,0,0,0,0,0,0,0,0,0,0,0,0,0,0,1,0,0,1,0,0,0.0,0.0,0.0,0.0,0.0,0.0,0.0,0.0,0.0,0.0,0.0,0.0,7.090076835776092,7.090076835776092,4.02535169073515,0.0
150683,345000.0,1714,7.446585099157725,2.937796,1949,7.575071699507561,235,5.4638318050256105,783,6.664409020350408,0.3001277139208174,7500,8.922791623969637,4.3757292882147025,0,49,3.912023005428146,2.401,49.0,3.912023005428146,3,2,0,2.0,0.6666666666666666,342.8,1.0,0,0,1,1,1,0,0,0,0,0,0,0,0,0,0,0,1,0,0,0,0,0,0,0,0,0,0,0.0,0.0,0.0,0.0,0.0,0.0,0.0,7.446585099157725,0.0,0.0,0.0,0.0,0.0,0.0,0.0,8.922791623969637
152123,384950.0,1731,7.456454555176209,2.996361,2381,7.7752758464868625,650,6.478509642208569,731,6.595780513961311,0.8891928864569083,5500,8.612685172875459,3.17735413056037,0,8,2.1972245773362196,0.064,8.0,2.1972245773362196,3,3,1,3.5,1.1666666666666667,288.5,2.0,0,0,1,1,1,0,0,0,0,0,0,0,0,0,0,0,0,0,0,0,0,0,1,0,0,0,0,0.0,0.0,0.0,0.0,0.0,0.0,0.0,0.0,0.0,0.0,0.0,0.0,0.0,0.0,0.0,8.612685172875459
152832,404645.0,1392,7.238496840894365,1.937664,1392,7.238496840894365,0,0.0,0,0.0,0.0,2385,7.777373602657861,1.7133620689655173,0,1,0.6931471805599453,0.001,1.0,0.6931471805599453,3,2,1,2.5,0.8333333333333334,278.4,2.0,0,0,1,0,0,0,1,0,0,0,1,0,0,0,0,0,0,0,0,0,0,0,1,0,0,0,0,0.0,7.238496840894365,0.0,0.0,0.0,0.0,0.0,0.0,0.0,0.0,0.0,0.0,0.0,0.0,0.0,7.777373602657861
152932,152500.0,969,6.876264611890766,0.938961,969,6.876264611890766,0,0.0,0,0.0,0.0,0,0.0,0.0,0,39,3.6888794541139363,1.521,0.0,0.0,2,2,0,2.0,1.0,242.25,1.0,1,1,0,0,0,0,0,0,0,0,0,0,0,0,0,0,0,0,0,0,0,1,0,0,1,0,0,0.0,0.0,0.0,0.0,0.0,0.0,0.0,0.0,0.0,0.0,0.0,0.0,6.876264611890766,6.876264611890766,3.6888794541139363,0.0
152955,430000.0,1579,7.364547014255642,2.493241,1579,7.364547014255642,0,0.0,0,0.0,0.0,0,0.0,0.0,0,14,2.70805020110221,0.196,14.0,2.70805020110221,2,2,0,2.0,1.0,394.75,2.0,1,0,0,0,0,0,0,0,0,0,1,0,0,0,0,0,0,0,0,0,0,0,0,1,0,0,0,0.0,7.364547014255642,0.0,0.0,0.0,0.0,0.0,0.0,0.0,0.0,0.0,0.0,0.0,7.364547014255642,2.70805020110221,0.0
153390,708134.0,1612,7.385230923066573,2.598544,3063,8.027150106832774,1451,7.280697195384741,1612,7.385851078125209,0.9001240694789082,4950,8.507344855361422,3.0707196029776673,0,1,0.6931471805599453,0.001,1.0,0.6931471805599453,2,3,0,3.0,1.5,322.4,1.0,0,0,1,1,1,0,1,0,0,0,1,0,0,0,0,0,0,0,0,0,0,0,0,0,0,0,0,0.0,7.385230923066573,0.0,0.0,0.0,0.0,0.0,0.0,0.0,0.0,0.0,0.0,0.0,0.0,0.0,8.507344855361422
153543,417500.0,1468,7.291656209174461,2.155024,2103,7.6511201757027,635,6.455198563340122,668,6.505784060128229,0.9505988023952096,7100,8.867990898182093,4.836512261580381,506,52,3.970291913552122,2.704,0.0,0.0,3,3,1,3.5,1.1666666666666667,244.66666666666666,1.0,0,1,1,1,1,1,0,0,0,0,0,0,1,0,0,0,0,0,0,0,0,0,0,0,0,1,0,0.0,0.0,0.0,7.291656209174461,0.0,0.0,0.0,0.0,0.0,0.0,0.0,0.0,0.0,0.0,0.0,8.867990898182093
154078,89000.0,591,6.3818160174060985,0.349281,591,6.3818160174060985,0,0.0,0,0.0,0.0,0,0.0,0.0,0,68,4.23410650459726,4.624,18.0,2.9444389791664403,1,1,0,1.0,1.0,295.5,1.0,1,1,0,0,0,0,0,0,0,0,0,0,0,0,0,0,0,1,0,0,0,0,0,1,0,0,0,0.0,0.0,0.0,0.0,0.0,0.0,0.0,0.0,6.3818160174060985,0.0,0.0,0.0,0.0,6.3818160174060985,4.23410650459726,0.0
154563,365000.0,1966,7.583756300707112,3.865156,1966,7.583756300707112,0,0.0,0,0.0,0.0,3352,8.117610746466228,1.7049847405900305,0,1,0.6931471805599453,0.001,1.0,0.6931471805599453,4,2,1,2.5,0.625,327.6666666666667,2.0,0,0,1,0,0,0,1,0,0,0,0,0,0,0,0,0,0,0,0,0,0,0,0,1,0,0,0,0.0,0.0,0.0,0.0,0.0,0.0,0.0,0.0,0.0,0.0,0.0,0.0,0.0,0.0,0.0,8.117610746466228
154602,850000.0,1740,7.461640392208575,3.0276,1740,7.461640392208575,0,0.0,0,0.0,0.0,0,0.0,0.0,0,22,3.1354942159291497,0.484,22.0,3.1354942159291497,1,2,0,2.0,2.0,580.0,1.0,1,0,0,0,0,0,0,0,0,0,0,0,0,0,0,0,0,0,0,0,1,0,0,1,0,0,0,0.0,0.0,0.0,0.0,0.0,0.0,0.0,0.0,0.0,0.0,0.0,7.461640392208575,0.0,7.461640392208575,3.1354942159291497,0.0
154756,485000.0,790,6.672032945461067,0.6241,790,6.672032945461067,0,0.0,0,0.0,0.0,0,0.0,0.0,0,2,1.0986122886681098,0.004,2.0,1.0986122886681098,1,1,0,1.0,1.0,395.0,1.0,1,0,0,0,0,0,0,0,0,0,0,0,0,0,0,0,0,0,0,0,1,0,0,0,1,0,0,0.0,0.0,0.0,0.0,0.0,0.0,0.0,0.0,0.0,0.0,0.0,6.672032945461067,0.0,6.672032945461067,1.0986122886681098,0.0
154970,985000.0,3231,8.080546965824498,10.439361,3231,8.080546965824498,0,0.0,1281,7.156176637480615,0.0,6506,8.780633799494984,2.013618074899412,0,7,2.0794415416798357,0.049,7.0,2.0794415416798357,4,3,1,3.5,0.875,461.57142857142856,2.0,0,0,1,1,0,0,0,0,0,0,1,0,0,0,0,0,0,0,0,0,0,0,1,0,0,0,0,0.0,8.080546965824498,0.0,0.0,0.0,0.0,0.0,0.0,0.0,0.0,0.0,0.0,0.0,0.0,0.0,8.780633799494984
155305,370000.0,1600,7.3777589082278725,2.56,2250,7.718685495198466,650,6.478509642208569,765,6.641182169740591,0.8496732026143791,6336,8.754160749323518,3.96,0,20,3.044522437723423,0.4,20.0,3.044522437723423,3,2,1,2.5,0.8333333333333334,320.0,2.0,0,0,1,1,1,0,0,0,0,0,0,0,0,0,0,0,1,0,0,0,0,0,1,0,0,0,0,0.0,0.0,0.0,0.0,0.0,0.0,0.0,7.3777589082278725,0.0,0.0,0.0,0.0,0.0,0.0,0.0,8.754160749323518
155911,625000.0,1283,7.1569563646156364,1.646089,1884,7.5411524551363085,601,6.400257445308821,859,6.756932389247553,0.69965075669383,4690,8.453401058328458,3.6554949337490257,0,103,4.6443908991413725,10.609,13.0,2.6390573296152584,2,2,0,2.0,1.0,320.75,1.0,0,1,1,1,1,0,0,1,0,1,0,0,0,0,0,0,0,0,0,0,0,0,0,0,0,0,0,7.1569563646156364,0.0,0.0,0.0,0.0,0.0,0.0,0.0,0.0,0.0,0.0,0.0,0.0,0.0,0.0,8.453401058328458
155950,472000.0,1564,7.355001921105257,2.446096,1564,7.355001921105257,0,0.0,0,0.0,0.0,2112,7.655864017616056,1.350383631713555,0,12,2.5649493574615367,0.144,12.0,2.5649493574615367,3,2,1,2.5,0.8333333333333334,312.8,2.0,0,1,1,0,0,0,0,0,0,0,1,0,0,0,0,0,0,0,0,0,0,0,1,0,0,0,0,0.0,7.355001921105257,0.0,0.0,0.0,0.0,0.0,0.0,0.0,0.0,0.0,0.0,0.0,0.0,0.0,7.655864017616056
156169,415317.0,1599,7.377133712833954,2.556801,2486,7.818430272070656,887,6.78897174299217,1599,7.3777589082278725,0.5547217010631644,4813,8.479283618343016,3.010006253908693,0,0,0.0,0.0,0.0,0.0,2,3,1,3.5,1.75,319.8,1.0,0,0,1,1,1,0,1,0,0,0,0,0,0,0,0,0,0,0,0,0,0,0,0,0,0,0,0,0.0,0.0,0.0,0.0,0.0,0.0,0.0,0.0,0.0,0.0,0.0,0.0,0.0,0.0,0.0,8.479283618343016
156761,200000.0,1100,7.003065458786462,1.21,1100,7.003065458786462,0,0.0,0,0.0,0.0,0,0.0,0.0,0,16,2.833213344056216,0.256,16.0,2.833213344056216,3,1,1,1.5,0.5,275.0,1.0,1,1,0,0,0,0,0,0,0,0,1,0,0,0,0,0,0,0,0,0,0,0,0,1,0,0,0,0.0,7.003065458786462,0.0,0.0,0.0,0.0,0.0,0.0,0.0,0.0,0.0,0.0,0.0,7.003065458786462,2.833213344056216,0.0
156793,930000.0,2951,7.989899374942939,8.708401,4233,8.350666240520924,1282,7.1569563646156364,1421,7.259819610363186,0.9021815622800844,5631,8.636219897837877,1.9081667231446968,0,6,1.9459101490553132,0.036,6.0,1.9459101490553132,4,4,1,4.5,1.125,368.875,2.0,0,0,1,1,1,0,0,0,0,0,1,0,0,0,0,0,0,0,0,0,0,0,1,0,0,0,0,0.0,7.989899374942939,0.0,0.0,0.0,0.0,0.0,0.0,0.0,0.0,0.0,0.0,0.0,0.0,0.0,8.636219897837877
157066,495000.0,1641,7.403061091090091,2.692881,1641,7.403061091090091,0,0.0,761,6.635946555686647,0.0,2486,7.818832443803404,1.5149299207800122,0,5,1.791759469228055,0.025,5.0,1.791759469228055,3,2,1,2.5,0.8333333333333334,328.2,2.0,0,0,1,1,0,0,0,0,0,0,1,0,0,0,0,0,0,0,0,0,0,0,0,1,0,0,0,0.0,7.403061091090091,0.0,0.0,0.0,0.0,0.0,0.0,0.0,0.0,0.0,0.0,0.0,0.0,0.0,7.818832443803404
157121,229000.0,914,6.81783057145415,0.835396,914,6.81783057145415,0,0.0,0,0.0,0.0,0,0.0,0.0,0,41,3.7376696182833684,1.681,1.0,0.6931471805599453,2,2,0,2.0,1.0,228.5,1.0,1,1,0,0,0,0,0,0,0,0,0,0,1,0,0,0,0,0,0,0,0,0,0,1,0,0,0,0.0,0.0,0.0,6.81783057145415,0.0,0.0,0.0,0.0,0.0,0.0,0.0,0.0,0.0,6.81783057145415,3.7376696182833684,0.0
157340,311325.0,1643,7.404279118037268,2.699449,1643,7.404279118037268,0,0.0,0,0.0,0.0,1988,7.5953872788539725,1.2099817407181985,0,1,0.6931471805599453,0.001,1.0,0.6931471805599453,3,2,1,2.5,0.8333333333333334,328.6,2.0,0,0,1,0,0,0,1,0,0,0,0,0,0,0,0,0,0,0,0,0,0,0,0,1,0,0,0,0.0,0.0,0.0,0.0,0.0,0.0,0.0,0.0,0.0,0.0,0.0,0.0,0.0,0.0,0.0,7.5953872788539725
157455,960000.0,1424,7.261225091971921,2.027776,1424,7.261225091971921,0,0.0,0,0.0,0.0,0,0.0,0.0,0,2,1.0986122886681098,0.004,2.0,1.0986122886681098,3,2,0,2.0,0.6666666666666666,284.8,1.0,1,0,0,0,0,0,0,0,0,0,0,0,0,0,0,0,0,0,0,0,1,0,0,1,0,0,0,0.0,0.0,0.0,0.0,0.0,0.0,0.0,0.0,0.0,0.0,0.0,7.261225091971921,0.0,7.261225091971921,1.0986122886681098,0.0
157776,354000.0,805,6.690842277418564,0.648025,805,6.690842277418564,0,0.0,225,5.420534999272286,0.0,0,0.0,0.0,0,116,4.762173934797756,13.456,116.0,4.762173934797756,1,1,0,1.0,1.0,402.5,1.0,1,0,0,1,0,0,0,1,0,0,0,1,0,0,0,0,0,0,0,0,0,0,0,1,0,0,0,0.0,0.0,6.690842277418564,0.0,0.0,0.0,0.0,0.0,0.0,0.0,0.0,0.0,0.0,6.690842277418564,4.762173934797756,0.0
158209,480000.0,1556,7.349873704738337,2.421136,2645,7.8804263442924,1089,6.993932975223189,1275,7.151485463904735,0.8541176470588235,3810,8.24564690087386,2.448586118251928,0,34,3.5553480614894135,1.156,0.0,0.0,2,3,0,3.0,1.5,311.2,1.0,0,1,1,1,1,0,0,0,0,0,0,0,1,0,0,0,0,0,0,0,0,0,0,1,0,0,0,0.0,0.0,0.0,7.349873704738337,0.0,0.0,0.0,0.0,0.0,0.0,0.0,0.0,0.0,0.0,0.0,8.24564690087386
158492,480000.0,1283,7.1569563646156364,1.646089,1283,7.1569563646156364,0,0.0,0,0.0,0.0,0,0.0,0.0,0,39,3.6888794541139363,1.521,7.0,2.0794415416798357,2,2,0,2.0,1.0,320.75,1.0,1,1,0,0,0,0,0,0,0,0,0,0,0,0,0,0,0,0,0,0,1,0,0,1,0,0,0,0.0,0.0,0.0,0.0,0.0,0.0,0.0,0.0,0.0,0.0,0.0,7.1569563646156364,0.0,7.1569563646156364,3.6888794541139363,0.0
158767,1020000.0,1388,7.23561914106675,1.926544,1388,7.23561914106675,0,0.0,0,0.0,0.0,0,0.0,0.0,0,19,2.995732273553991,0.361,19.0,2.995732273553991,1,1,0,1.0,1.0,694.0,1.0,1,1,0,0,0,0,0,0,0,0,0,0,0,0,0,0,0,0,0,0,1,0,0,0,1,0,0,0.0,0.0,0.0,0.0,0.0,0.0,0.0,0.0,0.0,0.0,0.0,7.23561914106675,0.0,7.23561914106675,2.995732273553991,0.0
159060,360000.0,1754,7.469654172932128,3.076516,1754,7.469654172932128,0,0.0,0,0.0,0.0,4515,8.415381925269553,2.5741163055872294,0,14,2.70805020110221,0.196,14.0,2.70805020110221,4,2,1,2.5,0.625,292.3333333333333,2.0,0,0,1,0,0,0,0,0,0,0,0,0,0,0,0,0,0,0,0,0,0,0,1,0,0,0,0,0.0,0.0,0.0,0.0,0.0,0.0,0.0,0.0,0.0,0.0,0.0,0.0,0.0,0.0,0.0,8.415381925269553
159062,320000.0,1243,7.1252830915107115,1.545049,1243,7.1252830915107115,0,0.0,0,0.0,0.0,3798,8.242493153187626,3.055510860820595,0,13,2.6390573296152584,0.169,13.0,2.6390573296152584,3,2,0,2.0,0.6666666666666666,248.6,2.0,0,0,1,0,0,0,0,0,0,0,0,0,0,0,0,0,0,0,0,0,0,0,1,0,0,0,0,0.0,0.0,0.0,0.0,0.0,0.0,0.0,0.0,0.0,0.0,0.0,0.0,0.0,0.0,0.0,8.242493153187626
159313,800000.0,1411,7.252053951852814,1.990921,1411,7.252053951852814,0,0.0,630,6.447305862541213,0.0,1060,6.966967138613983,0.7512402551381998,0,1,0.6931471805599453,0.001,1.0,0.6931471805599453,2,3,1,3.5,1.75,282.2,3.0,0,0,1,1,0,0,1,0,0,0,0,0,0,0,1,0,0,0,0,0,0,0,0,1,0,0,0,0.0,0.0,0.0,0.0,0.0,7.252053951852814,0.0,0.0,0.0,0.0,0.0,0.0,0.0,0.0,0.0,6.966967138613983
159603,350000.0,1626,7.3938782901077555,2.643876,1626,7.3938782901077555,0,0.0,0,0.0,0.0,4275,8.360773272144936,2.629151291512915,0,18,2.9444389791664403,0.324,18.0,2.9444389791664403,3,3,0,3.0,1.0,271.0,2.0,0,1,1,0,0,0,0,0,0,0,0,0,0,0,0,0,0,0,0,0,0,0,1,0,0,0,0,0.0,0.0,0.0,0.0,0.0,0.0,0.0,0.0,0.0,0.0,0.0,0.0,0.0,0.0,0.0,8.360773272144936
160531,294500.0,1100,7.003065458786462,1.21,1100,7.003065458786462,0,0.0,0,0.0,0.0,0,0.0,0.0,0,41,3.7376696182833684,1.681,0.0,0.0,2,2,0,2.0,1.0,275.0,1.0,1,1,0,0,0,0,0,0,0,0,0,0,1,0,0,0,0,0,0,0,0,0,0,1,0,0,0,0.0,0.0,0.0,7.003065458786462,0.0,0.0,0.0,0.0,0.0,0.0,0.0,0.0,0.0,7.003065458786462,3.7376696182833684,0.0
161390,670000.0,1732,7.4570320891223805,2.999824,1732,7.4570320891223805,0,0.0,0,0.0,0.0,0,0.0,0.0,0,38,3.6635616461296463,1.444,16.0,2.833213344056216,2,2,0,2.0,1.0,433.0,1.0,1,1,0,0,0,0,0,0,0,0,0,0,0,0,0,0,0,0,0,0,1,0,0,1,0,0,0,0.0,0.0,0.0,0.0,0.0,0.0,0.0,0.0,0.0,0.0,0.0,7.4570320891223805,0.0,7.4570320891223805,3.6635616461296463,0.0
161446,481000.0,1104,7.00669522683704,1.218816,1104,7.00669522683704,0,0.0,698,6.54965074223381,0.0,3120,8.045908742270779,2.8260869565217392,0,113,4.736198448394496,12.769,16.0,2.833213344056216,3,1,0,1.0,0.3333333333333333,276.0,1.0,0,1,1,1,0,0,0,1,0,0,0,0,0,0,1,0,0,0,0,0,0,0,0,0,0,0,0,0.0,0.0,0.0,0.0,0.0,7.00669522683704,0.0,0.0,0.0,0.0,0.0,0.0,0.0,0.0,0.0,8.045908742270779
161886,280000.0,820,6.709304340258298,0.6724,820,6.709304340258298,0,0.0,0,0.0,0.0,0,0.0,0.0,0,13,2.6390573296152584,0.169,13.0,2.6390573296152584,1,1,0,1.0,1.0,410.0,1.0,1,0,0,0,0,0,0,0,0,0,1,0,0,0,0,0,0,0,0,0,0,0,0,1,0,0,0,0.0,6.709304340258298,0.0,0.0,0.0,0.0,0.0,0.0,0.0,0.0,0.0,0.0,0.0,6.709304340258298,2.6390573296152584,0.0
161911,385000.0,1376,7.226936018493289,1.893376,1376,7.226936018493289,0,0.0,0,0.0,0.0,902,6.805722553416985,0.6555232558139535,0,7,2.0794415416798357,0.049,7.0,2.0794415416798357,3,2,1,2.5,0.8333333333333334,275.2,2.0,0,0,1,0,0,0,0,0,0,0,1,0,0,0,0,0,0,0,0,0,0,0,0,0,1,0,0,0.0,7.226936018493289,0.0,0.0,0.0,0.0,0.0,0.0,0.0,0.0,0.0,0.0,0.0,0.0,0.0,6.805722553416985
162155,519704.0,1658,7.4133673356952405,2.748964,1658,7.4133673356952405,0,0.0,0,0.0,0.0,2080,7.640603826393634,1.2545235223160434,0,0,0.0,0.0,0.0,0.0,2,2,1,2.5,1.25,414.5,3.0,0,0,1,0,0,0,1,0,0,0,1,0,0,0,0,0,0,0,0,0,0,0,0,1,0,0,0,0.0,7.4133673356952405,0.0,0.0,0.0,0.0,0.0,0.0,0.0,0.0,0.0,0.0,0.0,0.0,0.0,7.640603826393634
162836,405000.0,880,6.779921907472252,0.7744,880,6.779921907472252,0,0.0,0,0.0,0.0,7000,8.853808274977197,7.954545454545454,441,42,3.7612001156935624,1.764,10.0,2.3978952727983707,3,1,1,1.5,0.5,220.0,1.0,0,1,1,0,0,1,0,0,0,0,0,0,0,0,0,1,0,0,0,0,0,0,0,0,0,1,0,0.0,0.0,0.0,0.0,0.0,0.0,6.779921907472252,0.0,0.0,0.0,0.0,0.0,0.0,0.0,0.0,8.853808274977197
165058,247000.0,1408,7.249925536717988,1.982464,1408,7.249925536717988,0,0.0,0,0.0,0.0,0,0.0,0.0,0,54,4.007333185232471,2.916,0.0,0.0,3,2,1,2.5,0.8333333333333334,281.6,2.0,1,1,0,0,0,0,0,0,0,0,0,0,0,1,0,0,0,0,0,0,0,0,0,1,0,0,0,0.0,0.0,0.0,0.0,7.249925536717988,0.0,0.0,0.0,0.0,0.0,0.0,0.0,0.0,7.249925536717988,4.007333185232471,0.0
165281,325000.0,928,6.833031732786201,0.861184,1266,7.143617602704121,338,5.82600010738045,438,6.0844994130751715,0.771689497716895,5613,8.633018756921828,6.048491379310345,474,32,3.4965075614664802,1.024,32.0,3.4965075614664802,3,2,0,2.0,0.6666666666666666,185.6,1.0,0,0,1,1,1,1,0,0,0,0,0,0,0,0,0,0,0,0,0,0,0,0,0,0,0,1,0,0.0,0.0,0.0,0.0,0.0,0.0,0.0,0.0,0.0,0.0,0.0,0.0,0.0,0.0,0.0,8.633018756921828
165520,449500.0,781,6.660575149839686,0.609961,1452,7.280697195384741,671,6.51025834052315,781,6.661854740545311,0.8591549295774648,6500,8.77971129020447,8.322663252240718,0,77,4.356708826689592,5.929,77.0,4.356708826689592,2,2,0,2.0,1.0,195.25,1.0,0,0,1,1,1,0,0,0,0,0,0,0,0,0,0,0,0,1,0,0,0,0,0,0,0,0,0,0.0,0.0,0.0,0.0,0.0,0.0,0.0,0.0,6.660575149839686,0.0,0.0,0.0,0.0,0.0,0.0,8.77971129020447
166775,242000.0,1100,7.003065458786462,1.21,1100,7.003065458786462,0,0.0,0,0.0,0.0,0,0.0,0.0,0,54,4.007333185232471,2.916,54.0,4.007333185232471,2,1,1,1.5,0.75,366.6666666666667,2.0,1,0,0,0,0,0,0,0,0,0,0,0,0,1,0,0,0,0,0,0,0,0,0,0,1,0,0,0.0,0.0,0.0,0.0,7.003065458786462,0.0,0.0,0.0,0.0,0.0,0.0,0.0,0.0,7.003065458786462,4.007333185232471,0.0
167113,365060.0,1962,7.581719640125308,3.849444,1962,7.581719640125308,0,0.0,0,0.0,0.0,3424,8.138856750696325,1.745158002038736,0,1,0.6931471805599453,0.001,1.0,0.6931471805599453,3,2,1,2.5,0.8333333333333334,392.4,2.5,0,0,1,0,0,0,1,0,0,0,0,0,0,0,0,0,0,0,0,0,0,0,0,0,0,0,1,0.0,0.0,0.0,0.0,0.0,0.0,0.0,0.0,0.0,0.0,0.0,0.0,0.0,0.0,0.0,8.138856750696325
168117,625000.0,2152,7.674152921281675,4.631104,2871,7.962415680121064,719,6.579251212010101,987,6.895682697747868,0.7284701114488349,2720,7.908754738783246,1.2639405204460967,0,2,1.0986122886681098,0.004,2.0,1.0986122886681098,3,3,1,3.5,1.1666666666666667,358.6666666666667,2.0,0,0,1,1,1,0,0,0,0,0,1,0,0,0,0,0,0,0,0,0,0,0,1,0,0,0,0,0.0,7.674152921281675,0.0,0.0,0.0,0.0,0.0,0.0,0.0,0.0,0.0,0.0,0.0,0.0,0.0,7.908754738783246
168635,500000.0,1128,7.028201432058005,1.272384,1128,7.028201432058005,0,0.0,0,0.0,0.0,0,0.0,0.0,0,124,4.8283137373023015,15.376,124.0,4.8283137373023015,1,1,1,1.5,1.5,564.0,1.0,1,0,0,0,0,0,0,1,0,0,0,0,0,0,0,0,0,0,0,0,1,0,0,0,1,0,0,0.0,0.0,0.0,0.0,0.0,0.0,0.0,0.0,0.0,0.0,0.0,7.028201432058005,0.0,7.028201432058005,4.8283137373023015,0.0
168881,376625.0,1947,7.5740450053721995,3.790809,1947,7.5740450053721995,0,0.0,0,0.0,0.0,3240,8.083637203141548,1.6640986132511557,0,1,0.6931471805599453,0.001,1.0,0.6931471805599453,4,2,1,2.5,0.625,324.5,2.0,0,0,1,0,0,0,1,0,0,0,0,0,0,0,0,0,0,0,0,0,0,0,0,1,0,0,0,0.0,0.0,0.0,0.0,0.0,0.0,0.0,0.0,0.0,0.0,0.0,0.0,0.0,0.0,0.0,8.083637203141548
168954,594000.0,1314,7.1808311990445555,1.726596,1915,7.557472901614746,601,6.400257445308821,633,6.452048954437226,0.9494470774091627,2325,7.75190533307861,1.769406392694064,0,113,4.736198448394496,12.769,9.0,2.302585092994046,2,2,0,2.0,1.0,328.5,2.0,0,1,1,1,1,0,0,1,0,1,0,0,0,0,0,0,0,0,0,0,0,0,0,1,0,0,0,7.1808311990445555,0.0,0.0,0.0,0.0,0.0,0.0,0.0,0.0,0.0,0.0,0.0,0.0,0.0,0.0,7.75190533307861
168978,433000.0,1264,7.142036574706803,1.597696,1264,7.142036574706803,0,0.0,480,6.175867270105761,0.0,6873,8.835501457409778,5.4375,429,38,3.6635616461296463,1.444,15.0,2.772588722239781,3,2,1,2.5,0.8333333333333334,252.8,1.0,0,1,1,1,0,1,0,0,0,0,0,0,0,0,0,1,0,0,0,0,0,0,0,0,0,1,0,0.0,0.0,0.0,0.0,0.0,0.0,7.142036574706803,0.0,0.0,0.0,0.0,0.0,0.0,0.0,0.0,8.835501457409778
169060,770000.0,2668,7.889084407035514,7.118224,2668,7.889084407035514,0,0.0,0,0.0,0.0,1718,7.449498005382849,0.643928035982009,0,24,3.2188758248682006,0.576,7.0,2.0794415416798357,3,3,1,3.5,1.1666666666666667,444.6666666666667,3.0,0,1,1,0,0,0,0,0,0,1,0,0,0,0,0,0,0,0,0,0,0,0,0,1,0,0,0,7.889084407035514,0.0,0.0,0.0,0.0,0.0,0.0,0.0,0.0,0.0,0.0,0.0,0.0,0.0,0.0,7.449498005382849
169542,460000.0,1188,7.080026499922591,1.411344,1188,7.080026499922591,0,0.0,0,0.0,0.0,0,0.0,0.0,0,86,4.465908118654584,7.396,15.0,2.772588722239781,1,1,0,1.0,1.0,594.0,1.0,1,1,0,0,0,0,0,1,0,0,0,1,0,0,0,0,0,0,0,0,0,0,0,0,1,0,0,0.0,0.0,7.080026499922591,0.0,0.0,0.0,0.0,0.0,0.0,0.0,0.0,0.0,0.0,7.080026499922591,4.465908118654584,0.0
170006,315000.0,951,6.85751406254539,0.904401,951,6.85751406254539,0,0.0,0,0.0,0.0,5010,8.519390774959724,5.26813880126183,936,34,3.5553480614894135,1.156,1.0,0.6931471805599453,4,2,0,2.0,0.5,158.5,1.0,0,1,1,0,0,1,0,0,0,0,0,0,0,0,0,0,0,0,0,0,0,0,0,0,0,1,0,0.0,0.0,0.0,0.0,0.0,0.0,0.0,0.0,0.0,0.0,0.0,0.0,0.0,0.0,0.0,8.519390774959724
170816,510000.0,1669,7.419979923661835,2.785561,2449,7.803435056952168,780,6.660575149839686,822,6.71295620067707,0.948905109489051,2475,7.814399633804487,1.4829239065308568,0,5,1.791759469228055,0.025,5.0,1.791759469228055,3,3,1,3.5,1.1666666666666667,278.1666666666667,2.0,0,0,1,1,1,0,0,0,0,0,1,0,0,0,0,0,0,0,0,0,0,0,0,1,0,0,0,0.0,7.419979923661835,0.0,0.0,0.0,0.0,0.0,0.0,0.0,0.0,0.0,0.0,0.0,0.0,0.0,7.814399633804487
171115,370000.0,1733,7.457609289715606,3.003289,2447,7.802618063442671,714,6.5722825426940075,715,6.573680166960646,0.9986013986013986,5489,8.610683534503575,3.16733987305251,0,9,2.302585092994046,0.081,9.0,2.302585092994046,3,3,1,3.5,1.1666666666666667,288.8333333333333,2.0,0,0,1,1,1,0,0,0,0,0,0,0,0,0,0,0,0,0,0,0,0,0,1,0,0,0,0,0.0,0.0,0.0,0.0,0.0,0.0,0.0,0.0,0.0,0.0,0.0,0.0,0.0,0.0,0.0,8.610683534503575
171698,405000.0,2328,7.752764808851328,5.419584,2945,7.987864096085687,617,6.42648845745769,1018,6.926577033222725,0.6060903732809431,4524,8.417372856134026,1.943298969072165,0,4,1.6094379124341003,0.016,4.0,1.6094379124341003,3,2,1,2.5,0.8333333333333334,465.6,2.0,0,1,1,1,1,0,0,0,0,0,0,0,0,0,0,0,0,0,0,0,0,0,1,0,0,0,0,0.0,0.0,0.0,0.0,0.0,0.0,0.0,0.0,0.0,0.0,0.0,0.0,0.0,0.0,0.0,8.417372856134026
171706,370000.0,1019,6.926577033222725,1.038361,1890,7.5443321080536885,871,6.77078942390898,931,6.837332814685591,0.9355531686358755,6000,8.699681400989514,5.888125613346418,0,42,3.7612001156935624,1.764,42.0,3.7612001156935624,3,2,0,2.0,0.6666666666666666,203.8,1.0,0,0,1,1,1,0,0,0,0,0,0,0,0,0,0,1,0,0,0,0,0,0,0,0,0,0,0,0.0,0.0,0.0,0.0,0.0,0.0,6.926577033222725,0.0,0.0,0.0,0.0,0.0,0.0,0.0,0.0,8.699681400989514
171918,780000.0,2252,7.719573989259581,5.071504,3322,8.10832229017324,1070,6.976348070447749,1126,7.027314514039777,0.9502664298401421,4485,8.408716715080153,1.991563055062167,0,13,2.6390573296152584,0.169,13.0,2.6390573296152584,3,3,1,3.5,1.1666666666666667,375.3333333333333,2.0,0,1,1,1,1,0,0,0,0,0,1,0,0,0,0,0,0,0,0,0,0,0,1,0,0,0,0,0.0,7.719573989259581,0.0,0.0,0.0,0.0,0.0,0.0,0.0,0.0,0.0,0.0,0.0,0.0,0.0,8.408716715080153
172076,145000.0,945,6.851184927493743,0.893025,945,6.851184927493743,0,0.0,0,0.0,0.0,0,0.0,0.0,0,48,3.8918202981106265,2.304,48.0,3.8918202981106265,2,1,0,1.0,0.5,315.0,1.0,1,0,0,0,0,0,0,0,0,0,0,0,0,0,0,0,0,0,0,0,0,1,0,1,0,0,0,0.0,0.0,0.0,0.0,0.0,0.0,0.0,0.0,0.0,0.0,0.0,0.0,6.851184927493743,6.851184927493743,3.8918202981106265,0.0
172096,387000.0,1876,7.53689712956617,3.519376,2145,7.6708948313621175,269,5.598421958998375,606,6.408528791059498,0.4438943894389439,7552,8.929700114313448,4.025586353944563,0,21,3.091042453358316,0.441,21.0,3.091042453358316,3,2,1,2.5,0.8333333333333334,375.2,2.0,0,0,1,1,1,0,0,0,0,0,0,0,0,0,0,0,1,0,0,0,0,0,1,0,0,0,0,0.0,0.0,0.0,0.0,0.0,0.0,0.0,7.53689712956617,0.0,0.0,0.0,0.0,0.0,0.0,0.0,8.929700114313448
172623,973539.0,2528,7.8351837552667485,6.390784,3462,8.149601735736155,934,6.840546529288687,1000,6.90875477931522,0.934,4258,8.356789669923213,1.6843354430379747,0,0,0.0,0.0,0.0,0.0,3,4,1,4.5,1.5,361.14285714285717,2.0,0,0,1,1,1,0,1,0,0,0,1,0,0,0,0,0,0,0,0,0,0,0,1,0,0,0,0,0.0,7.8351837552667485,0.0,0.0,0.0,0.0,0.0,0.0,0.0,0.0,0.0,0.0,0.0,0.0,0.0,8.356789669923213
172942,475200.0,1157,7.053585727193677,1.338649,2198,7.6953031349635665,1041,6.948897222313312,1157,7.05444965813294,0.8997407087294728,10000,9.210440366976517,8.64304235090752,0,55,4.02535169073515,3.025,0.0,0.0,3,2,0,2.0,0.6666666666666666,231.4,1.0,0,1,1,1,1,0,0,0,0,0,0,0,1,0,0,0,0,0,0,0,0,0,0,0,0,0,0,0.0,0.0,0.0,7.053585727193677,0.0,0.0,0.0,0.0,0.0,0.0,0.0,0.0,0.0,0.0,0.0,9.210440366976517
175208,379999.0,1675,7.423568444259167,2.805625,2332,7.754481547470383,657,6.489204931325317,694,6.543911845564792,0.946685878962536,6660,8.804024902413179,3.976119402985075,334,20,3.044522437723423,0.4,0.0,0.0,4,3,1,3.5,0.875,239.28571428571428,2.0,0,1,1,1,1,1,0,0,0,0,0,0,0,0,0,0,1,0,0,0,0,0,0,0,0,1,0,0.0,0.0,0.0,0.0,0.0,0.0,0.0,7.423568444259167,0.0,0.0,0.0,0.0,0.0,0.0,0.0,8.804024902413179
176336,290000.0,611,6.415096959171596,0.373321,611,6.415096959171596,0,0.0,0,0.0,0.0,0,0.0,0.0,0,76,4.343805421853684,5.776,1.0,0.6931471805599453,2,1,0,1.0,0.5,203.66666666666666,1.0,1,1,0,0,0,0,0,0,0,0,0,0,0,0,0,0,0,0,0,1,0,0,0,0,1,0,0,0.0,0.0,0.0,0.0,0.0,0.0,0.0,0.0,0.0,0.0,6.415096959171596,0.0,0.0,6.415096959171596,4.343805421853684,0.0
176536,355000.0,1250,7.1308988302963465,1.5625,1250,7.1308988302963465,0,0.0,491,6.198478716492308,0.0,6584,8.792549614177382,5.2672,389,23,3.1780538303479458,0.529,23.0,3.1780538303479458,3,2,0,2.0,0.6666666666666666,250.0,1.0,0,0,1,1,0,1,0,0,0,0,0,0,0,0,0,0,1,0,0,0,0,0,0,0,0,1,0,0.0,0.0,0.0,0.0,0.0,0.0,0.0,7.1308988302963465,0.0,0.0,0.0,0.0,0.0,0.0,0.0,8.792549614177382
176678,368000.0,808,6.694562058521095,0.652864,808,6.694562058521095,0,0.0,0,0.0,0.0,7328,8.89959435992585,9.069306930693068,759,38,3.6635616461296463,1.444,0.0,0.0,3,2,0,2.0,0.6666666666666666,161.6,1.0,0,1,1,0,0,1,0,0,0,0,0,0,0,0,0,1,0,0,0,0,0,0,0,0,0,1,0,0.0,0.0,0.0,0.0,0.0,0.0,6.694562058521095,0.0,0.0,0.0,0.0,0.0,0.0,0.0,0.0,8.89959435992585
177632,216000.0,454,6.118097198041348,0.206116,454,6.118097198041348,0,0.0,0,0.0,0.0,0,0.0,0.0,0,50,3.9318256327243257,2.5,0.0,0.0,1,1,0,1.0,1.0,227.0,1.0,1,1,0,0,0,0,0,0,0,1,0,0,0,0,0,0,0,0,0,0,0,0,0,0,1,0,0,6.118097198041348,0.0,0.0,0.0,0.0,0.0,0.0,0.0,0.0,0.0,0.0,0.0,0.0,6.118097198041348,3.9318256327243257,0.0
178220,699500.0,1138,7.037027614686276,1.295044,1937,7.5688956634069955,799,6.684611727667927,893,6.795705775173514,0.8947368421052632,6500,8.77971129020447,5.711775043936731,0,82,4.418840607796598,6.724,2.0,1.0986122886681098,1,3,0,3.0,3.0,284.5,1.0,0,1,1,1,1,0,0,1,0,0,0,0,0,0,0,0,0,1,0,0,0,0,0,0,0,0,0,0.0,0.0,0.0,0.0,0.0,0.0,0.0,0.0,7.037027614686276,0.0,0.0,0.0,0.0,0.0,0.0,8.77971129020447
178763,810432.0,2402,7.784057002639929,5.769604,3398,8.130942302231878,996,6.904750769961838,1211,7.10002716662926,0.8224607762180016,7793,8.961109485898655,3.2443796835970025,0,1,0.6931471805599453,0.001,0.0,0.0,3,3,1,3.5,1.1666666666666667,400.3333333333333,2.0,0,1,1,1,1,0,1,0,0,0,1,0,0,0,0,0,0,0,0,0,0,0,1,0,0,0,0,0.0,7.784057002639929,0.0,0.0,0.0,0.0,0.0,0.0,0.0,0.0,0.0,0.0,0.0,0.0,0.0,8.961109485898655
179108,470000.0,1036,6.943122422819428,1.073296,1486,7.303843225277705,450,6.111467339502679,514,6.244166900663736,0.8754863813229572,9170,9.123801610558944,8.85135135135135,0,114,4.74493212836325,12.996,114.0,4.74493212836325,2,2,0,2.0,1.0,259.0,1.0,0,0,1,1,1,0,0,1,0,0,0,0,0,0,0,0,0,1,0,0,0,0,0,0,0,0,0,0.0,0.0,0.0,0.0,0.0,0.0,0.0,0.0,6.943122422819428,0.0,0.0,0.0,0.0,0.0,0.0,9.123801610558944
180748,769000.0,1300,7.170119543449628,1.69,2120,7.659171367666058,820,6.710523109452428,912,6.816735880594968,0.8991228070175439,4370,8.382747094863314,3.3615384615384616,0,20,3.044522437723423,0.4,20.0,3.044522437723423,1,3,0,3.0,3.0,325.0,1.0,0,0,1,1,1,0,0,0,0,1,0,0,0,0,0,0,0,0,0,0,0,0,0,0,0,0,0,7.170119543449628,0.0,0.0,0.0,0.0,0.0,0.0,0.0,0.0,0.0,0.0,0.0,0.0,0.0,0.0,8.382747094863314
180757,470174.0,1568,7.357556200910353,2.458624,2020,7.61085279039525,452,6.115892125483034,619,6.429719478039138,0.7302100161550888,3510,8.163656176168432,2.2385204081632653,0,2,1.0986122886681098,0.004,2.0,1.0986122886681098,2,3,1,3.5,1.75,313.6,2.0,0,0,1,1,1,0,0,0,0,0,1,0,0,0,0,0,0,0,0,0,0,0,0,1,0,0,0,0.0,7.357556200910353,0.0,0.0,0.0,0.0,0.0,0.0,0.0,0.0,0.0,0.0,0.0,0.0,0.0,8.163656176168432
181078,480500.0,1712,7.445417556701687,2.930944,1712,7.445417556701687,0,0.0,0,0.0,0.0,2009,7.605890001053122,1.173481308411215,0,8,2.1972245773362196,0.064,8.0,2.1972245773362196,3,2,1,2.5,0.8333333333333334,342.4,2.0,0,0,1,0,0,0,0,0,0,0,1,0,0,0,0,0,0,0,0,0,0,0,0,1,0,0,0,0.0,7.445417556701687,0.0,0.0,0.0,0.0,0.0,0.0,0.0,0.0,0.0,0.0,0.0,0.0,0.0,7.605890001053122
181818,585000.0,1767,7.4770384723196965,3.122289,2522,7.8328075165248645,755,6.628041376179533,839,6.733401891837359,0.899880810488677,3270,8.092851027538384,1.8505942275042444,0,3,1.3862943611198906,0.009,0.0,0.0,3,3,1,3.5,1.1666666666666667,294.5,2.0,0,1,1,1,1,0,0,0,0,0,1,0,0,0,0,0,0,0,0,0,0,0,1,0,0,0,0,0.0,7.4770384723196965,0.0,0.0,0.0,0.0,0.0,0.0,0.0,0.0,0.0,0.0,0.0,0.0,0.0,8.092851027538384
182483,340000.0,1622,7.3914152346753585,2.630884,1622,7.3914152346753585,0,0.0,0,0.0,0.0,0,0.0,0.0,0,46,3.8501476017100584,2.116,46.0,3.8501476017100584,2,2,0,2.0,1.0,405.5,2.0,1,0,0,0,0,0,0,0,0,0,0,0,1,0,0,0,0,0,0,0,0,0,0,0,1,0,0,0.0,0.0,0.0,7.3914152346753585,0.0,0.0,0.0,0.0,0.0,0.0,0.0,0.0,0.0,7.3914152346753585,3.8501476017100584,0.0
182603,1293768.0,3080,8.03268487596762,9.4864,4088,8.31581113188354,1008,6.9167150203536085,1442,7.274479558773871,0.6990291262135923,6490,8.778171881033469,2.107142857142857,0,0,0.0,0.0,0.0,0.0,4,4,1,4.5,1.125,385.0,2.0,0,0,1,1,1,0,1,0,0,0,1,0,0,0,0,0,0,0,0,0,0,0,1,0,0,0,0,0.0,8.03268487596762,0.0,0.0,0.0,0.0,0.0,0.0,0.0,0.0,0.0,0.0,0.0,0.0,0.0,8.778171881033469
183194,514760.0,1760,7.473069088032197,3.0976,2471,7.81237820598861,711,6.568077911411976,840,6.734591659972948,0.8464285714285714,2577,7.8547691834991324,1.4642045454545454,0,0,0.0,0.0,0.0,0.0,3,3,1,3.5,1.1666666666666667,293.3333333333333,2.0,0,0,1,1,1,0,1,0,0,0,1,0,0,0,0,0,0,0,0,0,0,0,0,1,0,0,0,0.0,7.473069088032197,0.0,0.0,0.0,0.0,0.0,0.0,0.0,0.0,0.0,0.0,0.0,0.0,0.0,7.8547691834991324
184022,597770.0,1495,7.3098814858247865,2.235025,1495,7.3098814858247865,0,0.0,0,0.0,0.0,1603,7.38025578842646,1.0722408026755852,0,3,1.3862943611198906,0.009,3.0,1.3862943611198906,2,2,1,2.5,1.25,373.75,3.0,0,0,1,0,0,0,0,0,0,0,0,1,0,0,0,0,0,0,0,0,0,0,0,1,0,0,0,0.0,0.0,7.3098814858247865,0.0,0.0,0.0,0.0,0.0,0.0,0.0,0.0,0.0,0.0,0.0,0.0,7.38025578842646
184591,375000.0,1497,7.311218384419629,2.241009,2170,7.682482446534506,673,6.513230110912307,684,6.529418838262226,0.9839181286549707,4750,8.46611040118692,3.173012692050768,330,22,3.1354942159291497,0.484,22.0,3.1354942159291497,3,3,1,3.5,1.1666666666666667,249.5,2.0,0,0,1,1,1,1,0,0,0,0,0,0,0,0,0,0,1,0,0,0,0,0,0,0,0,1,0,0.0,0.0,0.0,0.0,0.0,0.0,0.0,7.311218384419629,0.0,0.0,0.0,0.0,0.0,0.0,0.0,8.46611040118692
185641,375000.0,2095,7.647308832356238,4.389025,2095,7.647308832356238,0,0.0,0,0.0,0.0,5038,8.524962928680598,2.4047732696897373,0,15,2.772588722239781,0.225,15.0,2.772588722239781,3,2,1,2.5,0.8333333333333334,419.0,2.0,0,1,1,0,0,0,0,0,0,0,0,0,0,0,0,0,0,0,0,0,0,0,1,0,0,0,0,0.0,0.0,0.0,0.0,0.0,0.0,0.0,0.0,0.0,0.0,0.0,0.0,0.0,0.0,0.0,8.524962928680598
185796,554560.0,2098,7.6487397889562425,4.401604,2993,8.0040315078527,895,6.79794041297493,991,6.899723107284872,0.9031281533804238,3159,8.058327306580958,1.505719733079123,0,0,0.0,0.0,0.0,0.0,2,3,1,3.5,1.75,419.6,2.0,0,1,1,1,1,0,1,0,0,0,1,0,0,0,0,0,0,0,0,0,0,0,1,0,0,0,0,0.0,7.6487397889562425,0.0,0.0,0.0,0.0,0.0,0.0,0.0,0.0,0.0,0.0,0.0,0.0,0.0,8.058327306580958
186063,492500.0,1120,7.02108396428914,1.2544,1462,7.2875606403097235,342,5.8377304471659395,360,5.8888779583328805,0.95,1059,6.966024187106113,0.9455357142857143,0,14,2.70805020110221,0.196,2.0,1.0986122886681098,2,3,0,3.0,1.5,224.0,2.0,0,1,1,1,1,0,0,0,0,0,0,0,0,0,0,0,0,1,0,0,0,0,0,1,0,0,0,0.0,0.0,0.0,0.0,0.0,0.0,0.0,0.0,7.02108396428914,0.0,0.0,0.0,0.0,0.0,0.0,6.966024187106113
186564,373000.0,1007,6.914730892718563,1.014049,1007,6.914730892718563,0,0.0,0,0.0,0.0,0,0.0,0.0,0,59,4.0943445622221,3.481,0.0,0.0,2,2,0,2.0,1.0,251.75,1.0,1,1,0,0,0,0,0,0,0,1,0,0,0,0,0,0,0,0,0,0,0,0,0,1,0,0,0,6.914730892718563,0.0,0.0,0.0,0.0,0.0,0.0,0.0,0.0,0.0,0.0,0.0,0.0,6.914730892718563,4.0943445622221,0.0
186641,569864.0,1846,7.520776415062797,3.407716,2509,7.827639546366422,663,6.498282149476434,960,6.8679744089702925,0.690625,3267,8.091933455979893,1.7697724810400868,0,0,0.0,0.0,0.0,0.0,4,3,1,3.5,0.875,263.7142857142857,2.0,0,0,1,1,1,0,1,0,0,0,1,0,0,0,0,0,0,0,0,0,0,0,1,0,0,0,0,0.0,7.520776415062797,0.0,0.0,0.0,0.0,0.0,0.0,0.0,0.0,0.0,0.0,0.0,0.0,0.0,8.091933455979893
186865,317500.0,1002,6.90975328164481,1.004004,2004,7.602900462204755,1002,6.910750787961936,1002,6.910750787961936,1.0,7120,8.870803443982124,7.105788423153693,0,50,3.9318256327243257,2.5,0.0,0.0,3,2,0,2.0,0.6666666666666666,200.4,1.0,0,1,1,1,1,0,0,0,0,0,0,0,0,0,0,0,1,0,0,0,0,0,0,0,0,0,0,0.0,0.0,0.0,0.0,0.0,0.0,0.0,6.90975328164481,0.0,0.0,0.0,0.0,0.0,0.0,0.0,8.870803443982124
187170,540000.0,1492,7.307872780763706,2.226064,2904,7.973844375944687,1412,7.253470382684528,1486,7.304515946460155,0.9502018842530283,3491,8.158229916959494,2.3398123324396782,0,1,0.6931471805599453,0.001,1.0,0.6931471805599453,2,3,0,3.0,1.5,298.4,1.0,0,0,1,1,1,0,1,0,0,0,1,0,0,0,0,0,0,0,0,0,0,0,0,1,0,0,0,0.0,7.307872780763706,0.0,0.0,0.0,0.0,0.0,0.0,0.0,0.0,0.0,0.0,0.0,0.0,0.0,8.158229916959494
188566,1109400.0,1886,7.542213463193403,3.556996,2646,7.880804344674901,760,6.634633357861686,760,6.634633357861686,1.0,2850,7.955425088912672,1.511134676564157,0,1,0.6931471805599453,0.001,1.0,0.6931471805599453,2,4,1,4.5,2.25,314.3333333333333,3.0,0,0,1,1,1,0,1,0,0,0,0,0,0,0,1,0,0,0,0,0,0,0,0,0,0,0,1,0.0,0.0,0.0,0.0,0.0,7.542213463193403,0.0,0.0,0.0,0.0,0.0,0.0,0.0,0.0,0.0,7.955425088912672
189311,535000.0,1361,7.215975002651466,1.852321,1361,7.215975002651466,0,0.0,0,0.0,0.0,695,6.54534966033442,0.5106539309331374,0,2,1.0986122886681098,0.004,2.0,1.0986122886681098,3,2,1,2.5,0.8333333333333334,272.2,3.0,0,0,1,0,0,0,0,0,0,0,0,1,0,0,0,0,0,0,0,0,0,0,0,0,1,0,0,0.0,0.0,7.215975002651466,0.0,0.0,0.0,0.0,0.0,0.0,0.0,0.0,0.0,0.0,0.0,0.0,6.54534966033442
189648,460000.0,2774,7.928045600874777,7.695076,3763,8.232971790593437,989,6.897704943128636,1089,6.993932975223189,0.9081726354453628,13440,9.506065016071148,4.844989185291997,0,17,2.8903717578961645,0.289,17.0,2.8903717578961645,5,3,1,3.5,0.7,346.75,2.0,0,0,1,1,1,0,0,0,0,0,0,0,0,0,0,0,0,0,0,0,0,0,1,0,0,0,0,0.0,0.0,0.0,0.0,0.0,0.0,0.0,0.0,0.0,0.0,0.0,0.0,0.0,0.0,0.0,9.506065016071148
190355,295000.0,1600,7.3777589082278725,2.56,2111,7.65491704784832,511,6.238324625039508,568,6.343880434126331,0.8996478873239436,12200,9.409273194575334,7.625,505,56,4.04305126783455,3.136,0.0,0.0,4,3,1,3.5,0.875,228.57142857142858,1.0,0,1,1,1,1,1,0,0,0,0,0,0,1,0,0,0,0,0,0,0,0,0,0,0,0,1,0,0.0,0.0,0.0,7.3777589082278725,0.0,0.0,0.0,0.0,0.0,0.0,0.0,0.0,0.0,0.0,0.0,9.409273194575334
190419,924310.0,4447,8.399984990510696,19.775809,6040,8.706159290928861,1593,7.374001859350161,2011,7.60688453121963,0.792143212332173,10000,9.210440366976517,2.24870699347875,0,0,0.0,0.0,0.0,0.0,5,5,1,5.5,1.1,444.7,2.0,0,0,1,1,1,0,1,0,0,0,1,0,0,0,0,0,0,0,0,0,0,0,1,0,0,0,0,0.0,8.399984990510696,0.0,0.0,0.0,0.0,0.0,0.0,0.0,0.0,0.0,0.0,0.0,0.0,0.0,9.210440366976517
190635,309975.0,1002,6.90975328164481,1.004004,1002,6.90975328164481,0,0.0,1002,6.910750787961936,0.0,7930,8.97853441008332,7.9141716566866265,0,50,3.9318256327243257,2.5,0.0,0.0,3,1,0,1.0,0.3333333333333333,250.5,1.0,0,1,1,1,0,0,0,0,0,0,0,0,0,0,0,0,1,0,0,0,0,0,0,0,0,0,0,0.0,0.0,0.0,0.0,0.0,0.0,0.0,6.90975328164481,0.0,0.0,0.0,0.0,0.0,0.0,0.0,8.97853441008332
190763,678099.0,1569,7.358193752733032,2.461761,2575,7.853604813097837,1006,6.914730892718563,1569,7.358830898342354,0.6411727214786488,4588,8.431417414394833,2.9241555130656467,0,0,0.0,0.0,0.0,0.0,2,3,0,3.0,1.5,313.8,1.0,0,0,1,1,1,0,1,0,0,0,1,0,0,0,0,0,0,0,0,0,0,0,0,0,0,0,0,0.0,7.358193752733032,0.0,0.0,0.0,0.0,0.0,0.0,0.0,0.0,0.0,0.0,0.0,0.0,0.0,8.431417414394833
190773,1230000.0,2338,7.757051142032013,5.466244,3238,8.08271113423758,900,6.803505257608338,948,6.855408798609928,0.9493670886075949,3125,8.047509510981422,1.3366124893071,0,6,1.9459101490553132,0.036,6.0,1.9459101490553132,3,4,1,4.5,1.5,334.0,3.0,0,0,1,1,1,0,0,0,0,0,0,0,0,0,1,0,0,0,0,0,0,0,0,1,0,0,0,0.0,0.0,0.0,0.0,0.0,7.757051142032013,0.0,0.0,0.0,0.0,0.0,0.0,0.0,0.0,0.0,8.047509510981422
190918,145000.0,1138,7.037027614686276,1.295044,1138,7.037027614686276,0,0.0,0,0.0,0.0,0,0.0,0.0,0,47,3.871201010907891,2.209,47.0,3.871201010907891,2,2,0,2.0,1.0,284.5,2.0,1,0,0,0,0,0,0,0,0,0,0,0,1,0,0,0,0,0,0,0,0,0,0,0,1,0,0,0.0,0.0,0.0,7.037027614686276,0.0,0.0,0.0,0.0,0.0,0.0,0.0,0.0,0.0,7.037027614686276,3.871201010907891,0.0
191529,565000.0,1910,7.554858521040676,3.6481,2629,7.874358824729881,719,6.579251212010101,827,6.71901315438526,0.8694074969770254,2782,7.931284761525891,1.456544502617801,0,3,1.3862943611198906,0.009,0.0,0.0,3,3,1,3.5,1.1666666666666667,318.3333333333333,2.0,0,1,1,1,1,0,0,0,0,0,1,0,0,0,0,0,0,0,0,0,0,0,1,0,0,0,0,0.0,7.554858521040676,0.0,0.0,0.0,0.0,0.0,0.0,0.0,0.0,0.0,0.0,0.0,0.0,0.0,7.931284761525891
191569,340000.0,1152,7.049254841255837,1.327104,1152,7.049254841255837,0,0.0,0,0.0,0.0,6039,8.706159290928861,5.2421875,609,42,3.7612001156935624,1.764,42.0,3.7612001156935624,3,2,0,2.0,0.6666666666666666,230.4,1.0,0,0,1,0,0,1,0,0,0,0,0,0,0,0,0,1,0,0,0,0,0,0,0,0,0,1,0,0.0,0.0,0.0,0.0,0.0,0.0,7.049254841255837,0.0,0.0,0.0,0.0,0.0,0.0,0.0,0.0,8.706159290928861
191856,480000.0,947,6.853299093186078,0.896809,947,6.853299093186078,0,0.0,0,0.0,0.0,1279,7.154615356913663,1.3505807814149948,0,5,1.791759469228055,0.025,5.0,1.791759469228055,2,2,0,2.0,1.0,236.75,2.0,0,0,1,0,0,0,0,0,0,0,0,0,0,0,1,0,0,0,0,0,0,0,0,1,0,0,0,0.0,0.0,0.0,0.0,0.0,6.853299093186078,0.0,0.0,0.0,0.0,0.0,0.0,0.0,0.0,0.0,7.154615356913663
192036,570576.0,3468,8.151333337900432,12.027024,3468,8.151333337900432,0,0.0,1274,7.150701457592526,0.0,7352,8.902863672196222,2.1199538638985005,0,1,0.6931471805599453,0.001,1.0,0.6931471805599453,4,3,1,3.5,0.875,495.42857142857144,2.0,0,0,1,1,0,0,1,0,0,0,0,0,0,0,0,0,0,0,0,0,0,0,1,0,0,0,0,0.0,0.0,0.0,0.0,0.0,0.0,0.0,0.0,0.0,0.0,0.0,0.0,0.0,0.0,0.0,8.902863672196222
192251,185000.0,628,6.4425401664681985,0.394384,628,6.4425401664681985,0,0.0,0,0.0,0.0,0,0.0,0.0,0,53,3.9889840465642745,2.809,1.0,0.6931471805599453,1,1,0,1.0,1.0,314.0,1.0,1,1,0,0,0,0,0,0,0,1,0,0,0,0,0,0,0,0,0,0,0,0,0,1,0,0,0,6.4425401664681985,0.0,0.0,0.0,0.0,0.0,0.0,0.0,0.0,0.0,0.0,0.0,0.0,6.4425401664681985,3.9889840465642745,0.0
192502,515000.0,869,6.767343125265392,0.755161,869,6.767343125265392,0,0.0,0,0.0,0.0,0,0.0,0.0,0,2,1.0986122886681098,0.004,2.0,1.0986122886681098,1,1,0,1.0,1.0,434.5,1.0,1,0,0,0,0,0,0,0,0,0,0,0,0,0,0,0,0,0,0,0,1,0,0,0,1,0,0,0.0,0.0,0.0,0.0,0.0,0.0,0.0,0.0,0.0,0.0,0.0,6.767343125265392,0.0,6.767343125265392,1.0986122886681098,0.0
192961,312925.0,1454,7.282073658093465,2.114116,1454,7.282073658093465,0,0.0,0,0.0,0.0,1500,7.313886831633462,1.031636863823934,0,1,0.6931471805599453,0.001,1.0,0.6931471805599453,3,2,1,2.5,0.8333333333333334,290.8,2.0,0,0,1,0,0,0,1,0,0,0,0,0,0,0,0,0,0,0,0,0,0,0,0,0,1,0,0,0.0,0.0,0.0,0.0,0.0,0.0,0.0,0.0,0.0,0.0,0.0,0.0,0.0,0.0,0.0,7.313886831633462
193728,640000.0,1644,7.404887575616125,2.702736,1644,7.404887575616125,0,0.0,0,0.0,0.0,2205,7.698936199813447,1.3412408759124088,0,2,1.0986122886681098,0.004,2.0,1.0986122886681098,2,2,1,2.5,1.25,411.0,3.0,0,0,1,0,0,0,0,0,0,0,0,1,0,0,0,0,0,0,0,0,0,0,0,1,0,0,0,0.0,0.0,7.404887575616125,0.0,0.0,0.0,0.0,0.0,0.0,0.0,0.0,0.0,0.0,0.0,0.0,7.698936199813447
194000,265000.0,782,6.661854740545311,0.611524,782,6.661854740545311,0,0.0,0,0.0,0.0,0,0.0,0.0,0,54,4.007333185232471,2.916,9.0,2.302585092994046,2,2,0,2.0,1.0,195.5,1.0,1,1,0,0,0,0,0,0,0,0,0,0,0,0,0,0,0,1,0,0,0,0,0,1,0,0,0,0.0,0.0,0.0,0.0,0.0,0.0,0.0,0.0,6.661854740545311,0.0,0.0,0.0,0.0,6.661854740545311,4.007333185232471,0.0
194596,570000.0,1142,7.040536390215956,1.304164,1142,7.040536390215956,0,0.0,0,0.0,0.0,0,0.0,0.0,0,13,2.6390573296152584,0.169,13.0,2.6390573296152584,2,2,0,2.0,1.0,285.5,1.0,1,1,0,0,0,0,0,0,0,0,0,1,0,0,0,0,0,0,0,0,0,0,0,0,1,0,0,0.0,0.0,7.040536390215956,0.0,0.0,0.0,0.0,0.0,0.0,0.0,0.0,0.0,0.0,7.040536390215956,2.6390573296152584,0.0
194730,434108.0,1693,7.4342573821331355,2.866249,2432,7.796469243086058,739,6.606650186198215,1693,7.434847875211999,0.4365032486709982,6277,8.744806737401898,3.70761961015948,0,0,0.0,0.0,0.0,0.0,2,3,0,3.0,1.5,338.6,1.0,0,0,1,1,1,0,1,0,0,0,0,0,0,0,0,0,0,0,0,0,0,0,0,0,0,0,0,0.0,0.0,0.0,0.0,0.0,0.0,0.0,0.0,0.0,0.0,0.0,0.0,0.0,0.0,0.0,8.744806737401898
194775,595000.0,1465,7.289610521451167,2.146225,2070,7.635303886259415,605,6.406879986069314,823,6.714170529909472,0.7351154313487241,7290,8.89439598980643,4.976109215017065,541,72,4.290459441148391,5.184,72.0,4.290459441148391,4,3,0,3.0,0.75,209.28571428571428,2.0,0,0,1,1,1,1,0,0,0,0,0,0,0,0,0,0,0,1,0,0,0,0,0,0,0,1,0,0.0,0.0,0.0,0.0,0.0,0.0,0.0,0.0,7.289610521451167,0.0,0.0,0.0,0.0,0.0,0.0,8.89439598980643
194841,410000.0,1044,6.950814768442584,1.089936,1044,6.950814768442584,0,0.0,0,0.0,0.0,0,0.0,0.0,0,14,2.70805020110221,0.196,14.0,2.70805020110221,1,1,0,1.0,1.0,522.0,1.0,1,1,0,0,0,0,0,0,0,0,0,1,0,0,0,0,0,0,0,0,0,0,0,0,1,0,0,0.0,0.0,6.950814768442584,0.0,0.0,0.0,0.0,0.0,0.0,0.0,0.0,0.0,0.0,6.950814768442584,2.70805020110221,0.0
195243,283525.0,1317,7.183111701743281,1.734489,1317,7.183111701743281,0,0.0,0,0.0,0.0,1975,7.588829878307813,1.4996203492786637,0,1,0.6931471805599453,0.001,1.0,0.6931471805599453,2,2,1,2.5,1.25,329.25,2.0,0,0,1,0,0,0,1,0,0,0,0,0,0,0,0,0,0,0,0,0,0,0,0,1,0,0,0,0.0,0.0,0.0,0.0,0.0,0.0,0.0,0.0,0.0,0.0,0.0,0.0,0.0,0.0,0.0,7.588829878307813
195384,194000.0,804,6.6895992691789665,0.646416,804,6.6895992691789665,0,0.0,0,0.0,0.0,0,0.0,0.0,0,39,3.6888794541139363,1.521,3.0,1.3862943611198906,1,1,0,1.0,1.0,402.0,1.0,1,1,0,0,0,0,0,0,0,0,0,0,0,0,0,1,0,0,0,0,0,0,0,1,0,0,0,0.0,0.0,0.0,0.0,0.0,0.0,6.6895992691789665,0.0,0.0,0.0,0.0,0.0,0.0,6.6895992691789665,3.6888794541139363,0.0
196094,620000.0,1371,7.223295679562314,1.879641,1371,7.223295679562314,0,0.0,0,0.0,0.0,0,0.0,0.0,0,18,2.9444389791664403,0.324,18.0,2.9444389791664403,2,2,0,2.0,1.0,342.75,1.0,1,1,0,0,0,0,0,0,0,0,0,0,0,0,1,0,0,0,0,0,0,0,0,0,1,0,0,0.0,0.0,0.0,0.0,0.0,7.223295679562314,0.0,0.0,0.0,0.0,0.0,0.0,0.0,7.223295679562314,2.9444389791664403,0.0
196101,390000.0,3663,8.206037762778815,13.417569,5363,8.587278798982926,1700,7.438971592395862,1901,7.550661243105336,0.8942661756970016,7030,8.858084222199162,1.9191919191919191,0,0,0.0,0.0,0.0,0.0,3,4,1,4.5,1.5,523.2857142857143,2.0,0,0,1,1,1,0,1,0,0,0,0,0,0,0,0,0,0,1,0,0,0,0,1,0,0,0,0,0.0,0.0,0.0,0.0,0.0,0.0,0.0,0.0,8.206037762778815,0.0,0.0,0.0,0.0,0.0,0.0,8.858084222199162
196609,406500.0,1604,7.38025578842646,2.572816,1604,7.38025578842646,0,0.0,0,0.0,0.0,1217,7.1049654482698426,0.7587281795511222,0,19,2.995732273553991,0.361,0.0,0.0,2,2,1,2.5,1.25,401.0,2.0,0,1,1,0,0,0,0,0,0,0,0,0,0,0,0,0,0,0,0,0,0,1,0,0,1,0,0,0.0,0.0,0.0,0.0,0.0,0.0,0.0,0.0,0.0,0.0,0.0,0.0,7.38025578842646,0.0,0.0,7.1049654482698426
196839,125000.0,855,6.75110146893676,0.731025,855,6.75110146893676,0,0.0,0,0.0,0.0,0,0.0,0.0,0,49,3.912023005428146,2.401,49.0,3.912023005428146,1,1,0,1.0,1.0,427.5,1.0,1,0,0,0,0,0,0,0,0,0,0,0,0,0,0,0,0,0,0,0,0,1,0,0,1,0,0,0.0,0.0,0.0,0.0,0.0,0.0,0.0,0.0,0.0,0.0,0.0,0.0,6.75110146893676,6.75110146893676,3.912023005428146,0.0
197157,635000.0,1315,7.181591944611865,1.729225,1315,7.181591944611865,0,0.0,0,0.0,0.0,0,0.0,0.0,0,40,3.713572066704308,1.6,12.0,2.5649493574615367,2,2,0,2.0,1.0,328.75,1.0,1,1,0,0,0,0,0,0,0,0,0,0,0,0,0,0,0,0,0,0,1,0,0,0,1,0,0,0.0,0.0,0.0,0.0,0.0,0.0,0.0,0.0,0.0,0.0,0.0,7.181591944611865,0.0,7.181591944611865,3.713572066704308,0.0
197394,559124.0,1321,7.186144304522325,1.745041,1321,7.186144304522325,0,0.0,0,0.0,0.0,1405,7.2485040723706105,1.0635881907645723,0,2,1.0986122886681098,0.004,2.0,1.0986122886681098,2,2,1,2.5,1.25,330.25,3.0,0,0,1,0,0,0,0,0,0,0,0,1,0,0,0,0,0,0,0,0,0,0,0,1,0,0,0,0.0,0.0,7.186144304522325,0.0,0.0,0.0,0.0,0.0,0.0,0.0,0.0,0.0,0.0,0.0,0.0,7.2485040723706105
197586,780000.0,2926,7.98139158158007,8.561476,4029,8.301273485191347,1103,7.00669522683704,1161,7.057897937411856,0.9500430663221361,10500,9.259225769705994,3.588516746411483,0,52,3.970291913552122,2.704,0.0,0.0,4,3,1,3.5,0.875,418.0,2.0,0,1,1,1,1,0,0,0,0,0,0,0,0,1,0,0,0,0,0,0,0,0,1,0,0,0,0,0.0,0.0,0.0,0.0,7.98139158158007,0.0,0.0,0.0,0.0,0.0,0.0,0.0,0.0,0.0,0.0,9.259225769705994
197790,324900.0,1252,7.132497551660044,1.567504,1252,7.132497551660044,0,0.0,0,0.0,0.0,8500,9.04793908261736,6.789137380191693,335,53,3.9889840465642745,2.809,0.0,0.0,3,2,1,2.5,0.8333333333333334,250.4,1.0,0,1,1,0,0,1,0,0,0,0,0,0,0,0,0,0,1,0,0,0,0,0,0,0,0,1,0,0.0,0.0,0.0,0.0,0.0,0.0,0.0,7.132497551660044,0.0,0.0,0.0,0.0,0.0,0.0,0.0,9.04793908261736
197874,1127962.0,2618,7.870165946469845,6.853924,3489,8.157370441186774,871,6.77078942390898,1228,7.113956109566034,0.7092833876221498,4400,8.38958706681109,1.680672268907563,0,0,0.0,0.0,0.0,0.0,3,4,1,4.5,1.5,374.0,2.0,0,0,1,1,1,0,1,0,0,0,1,0,0,0,0,0,0,0,0,0,0,0,1,0,0,0,0,0.0,7.870165946469845,0.0,0.0,0.0,0.0,0.0,0.0,0.0,0.0,0.0,0.0,0.0,0.0,0.0,8.38958706681109
197914,723850.0,1791,7.490529402060711,3.207681,2546,7.842278779117352,755,6.628041376179533,798,6.683360945766275,0.9461152882205514,4690,8.453401058328458,2.618648799553322,0,114,4.74493212836325,12.996,11.0,2.4849066497880004,3,2,1,2.5,0.8333333333333334,358.2,1.5,0,1,1,1,1,0,0,1,0,1,0,0,0,0,0,0,0,0,0,0,0,0,0,0,0,0,1,7.490529402060711,0.0,0.0,0.0,0.0,0.0,0.0,0.0,0.0,0.0,0.0,0.0,0.0,0.0,0.0,8.453401058328458
199338,339900.0,928,6.833031732786201,0.861184,928,6.833031732786201,0,0.0,0,0.0,0.0,0,0.0,0.0,0,115,4.7535901911063645,13.225,13.0,2.6390573296152584,1,1,0,1.0,1.0,464.0,2.0,1,1,0,0,0,0,0,1,0,0,0,0,0,0,0,0,0,0,0,1,0,0,0,0,1,0,0,0.0,0.0,0.0,0.0,0.0,0.0,0.0,0.0,0.0,0.0,6.833031732786201,0.0,0.0,6.833031732786201,4.7535901911063645,0.0
199529,399900.0,2331,7.754052639035757,5.433561,2962,7.993619994827744,631,6.448889394146858,1261,7.140453043101158,0.500396510705789,5510,8.614501373883236,2.363792363792364,0,21,3.091042453358316,0.441,21.0,3.091042453358316,3,2,1,2.5,0.8333333333333334,466.2,2.0,0,0,1,1,1,0,0,0,0,0,0,0,0,0,0,0,0,0,0,0,0,0,1,0,0,0,0,0.0,0.0,0.0,0.0,0.0,0.0,0.0,0.0,0.0,0.0,0.0,0.0,0.0,0.0,0.0,8.614501373883236
199793,96666.0,1029,6.9363427358340495,1.058841,1029,6.9363427358340495,0,0.0,0,0.0,0.0,0,0.0,0.0,0,49,3.912023005428146,2.401,0.0,0.0,2,2,0,2.0,1.0,257.25,1.0,1,1,0,0,0,0,0,0,0,0,0,0,1,0,0,0,0,0,0,0,0,0,0,1,0,0,0,0.0,0.0,0.0,6.9363427358340495,0.0,0.0,0.0,0.0,0.0,0.0,0.0,0.0,0.0,6.9363427358340495,3.912023005428146,0.0
200416,590000.0,1296,7.16703787691222,1.679616,1896,7.547501682814967,600,6.398594934535208,648,6.47543271670409,0.9259259259259259,4214,8.346404870435956,3.251543209876543,0,33,3.5263605246161616,1.089,6.0,1.9459101490553132,2,2,1,2.5,1.25,324.0,2.0,0,1,1,1,1,0,0,0,0,0,0,0,0,0,0,0,0,0,0,1,0,0,1,0,0,0,0,0.0,0.0,0.0,0.0,0.0,0.0,0.0,0.0,0.0,0.0,7.16703787691222,0.0,0.0,0.0,0.0,8.346404870435956
200640,1175000.0,1402,7.2456550675945355,1.965604,1402,7.2456550675945355,0,0.0,0,0.0,0.0,0,0.0,0.0,0,2,1.0986122886681098,0.004,2.0,1.0986122886681098,2,2,0,2.0,1.0,350.5,1.0,1,0,0,0,0,0,0,0,0,0,0,0,0,0,0,0,0,0,0,0,1,0,0,0,1,0,0,0.0,0.0,0.0,0.0,0.0,0.0,0.0,0.0,0.0,0.0,0.0,7.2456550675945355,0.0,7.2456550675945355,1.0986122886681098,0.0
200821,173000.0,801,6.68586094706836,0.641601,801,6.68586094706836,0,0.0,0,0.0,0.0,0,0.0,0.0,0,45,3.828641396489095,2.025,2.0,1.0986122886681098,1,1,0,1.0,1.0,400.5,1.0,1,1,0,0,0,0,0,0,0,0,0,0,1,0,0,0,0,0,0,0,0,0,0,0,1,0,0,0.0,0.0,0.0,6.68586094706836,0.0,0.0,0.0,0.0,0.0,0.0,0.0,0.0,0.0,6.68586094706836,3.828641396489095,0.0
201384,472800.0,1639,7.40184157874383,2.686321,2299,7.740229524763182,660,6.493753839851686,759,6.633318433280377,0.8695652173913043,3417,8.136810863675537,2.0848078096400244,0,0,0.0,0.0,0.0,0.0,3,3,1,3.5,1.1666666666666667,273.1666666666667,2.0,0,0,1,1,1,0,1,0,0,0,1,0,0,0,0,0,0,0,0,0,0,0,0,1,0,0,0,0.0,7.40184157874383,0.0,0.0,0.0,0.0,0.0,0.0,0.0,0.0,0.0,0.0,0.0,0.0,0.0,8.136810863675537
202171,324990.0,514,6.2422232654551655,0.264196,514,6.2422232654551655,0,0.0,0,0.0,0.0,1662,7.416378479192928,3.2334630350194553,0,118,4.77912349311153,13.924,10.0,2.3978952727983707,1,1,0,1.0,1.0,257.0,1.0,0,1,1,0,0,0,0,1,0,0,0,0,0,0,1,0,0,0,0,0,0,0,0,1,0,0,0,0.0,0.0,0.0,0.0,0.0,6.2422232654551655,0.0,0.0,0.0,0.0,0.0,0.0,0.0,0.0,0.0,7.416378479192928
202237,340900.0,1250,7.1308988302963465,1.5625,1250,7.1308988302963465,0,0.0,0,0.0,0.0,3855,8.257385655730436,3.084,0,1,0.6931471805599453,0.001,1.0,0.6931471805599453,2,2,0,2.0,1.0,312.5,1.0,0,0,1,0,0,0,1,0,0,0,0,0,0,0,0,0,0,0,0,0,0,0,0,0,0,0,0,0.0,0.0,0.0,0.0,0.0,0.0,0.0,0.0,0.0,0.0,0.0,0.0,0.0,0.0,0.0,8.257385655730436
202869,869047.0,3080,8.03268487596762,9.4864,4349,8.37770121259764,1269,7.146772179452637,1442,7.274479558773871,0.8800277392510403,4950,8.507344855361422,1.6071428571428572,0,1,0.6931471805599453,0.001,1.0,0.6931471805599453,4,4,1,4.5,1.125,385.0,2.0,0,0,1,1,1,0,1,0,0,0,1,0,0,0,0,0,0,0,0,0,0,0,1,0,0,0,0,0.0,8.03268487596762,0.0,0.0,0.0,0.0,0.0,0.0,0.0,0.0,0.0,0.0,0.0,0.0,0.0,8.507344855361422
203352,279900.0,723,6.583409222158765,0.522729,723,6.583409222158765,0,0.0,0,0.0,0.0,0,0.0,0.0,0,111,4.718498871295094,12.321,3.0,1.3862943611198906,2,1,0,1.0,0.5,241.0,1.0,1,1,0,0,0,0,0,1,0,1,0,0,0,0,0,0,0,0,0,0,0,0,0,1,0,0,0,6.583409222158765,0.0,0.0,0.0,0.0,0.0,0.0,0.0,0.0,0.0,0.0,0.0,0.0,6.583409222158765,4.718498871295094,0.0
204253,245000.0,1200,7.090076835776092,1.44,1200,7.090076835776092,0,0.0,0,0.0,0.0,0,0.0,0.0,0,46,3.8501476017100584,2.116,0.0,0.0,2,2,0,2.0,1.0,300.0,1.0,1,1,0,0,0,0,0,0,0,0,0,0,1,0,0,0,0,0,0,0,0,0,0,1,0,0,0,0.0,0.0,0.0,7.090076835776092,0.0,0.0,0.0,0.0,0.0,0.0,0.0,0.0,0.0,7.090076835776092,3.8501476017100584,0.0
204469,265000.0,433,6.07073772800249,0.187489,433,6.07073772800249,0,0.0,0,0.0,0.0,0,0.0,0.0,0,2,1.0986122886681098,0.004,2.0,1.0986122886681098,0,1,0,1.0,1.0,433.0,1.0,1,0,0,0,0,0,0,0,1,0,0,0,0,0,0,0,0,0,0,0,1,0,0,0,1,0,0,0.0,0.0,0.0,0.0,0.0,0.0,0.0,0.0,0.0,0.0,0.0,6.07073772800249,0.0,6.07073772800249,1.0986122886681098,0.0
205053,305000.0,652,6.480044561926653,0.425104,652,6.480044561926653,0,0.0,0,0.0,0.0,0,0.0,0.0,0,114,4.74493212836325,12.996,18.0,2.9444389791664403,1,1,0,1.0,1.0,326.0,1.0,1,1,0,0,0,0,0,1,0,0,0,1,0,0,0,0,0,0,0,0,0,0,0,0,1,0,0,0.0,0.0,6.480044561926653,0.0,0.0,0.0,0.0,0.0,0.0,0.0,0.0,0.0,0.0,6.480044561926653,4.74493212836325,0.0
206613,267500.0,720,6.579251212010101,0.5184,720,6.579251212010101,0,0.0,0,0.0,0.0,0,0.0,0.0,0,14,2.70805020110221,0.196,14.0,2.70805020110221,1,1,0,1.0,1.0,360.0,1.0,1,0,0,0,0,0,0,0,0,0,1,0,0,0,0,0,0,0,0,0,0,0,0,0,1,0,0,0.0,6.579251212010101,0.0,0.0,0.0,0.0,0.0,0.0,0.0,0.0,0.0,0.0,0.0,6.579251212010101,2.70805020110221,0.0
207191,325000.0,1320,7.1853870155804165,1.7424,1800,7.495541943884256,480,6.175867270105761,638,6.459904454377535,0.7523510971786834,1584,7.368339686311381,1.2,0,38,3.6635616461296463,1.444,38.0,3.6635616461296463,3,2,1,2.5,0.8333333333333334,264.0,2.0,0,0,1,1,1,0,0,0,0,0,0,0,1,0,0,0,0,0,0,0,0,0,0,0,1,0,0,0.0,0.0,0.0,7.1853870155804165,0.0,0.0,0.0,0.0,0.0,0.0,0.0,0.0,0.0,0.0,0.0,7.368339686311381
207630,422500.0,2313,7.746300662231439,5.349969,2313,7.746300662231439,0,0.0,587,6.376726947898627,0.0,13000,9.472781556562168,5.620406398616515,0,55,4.02535169073515,3.025,0.0,0.0,4,2,1,2.5,0.625,385.5,2.0,0,1,1,1,0,0,0,0,0,0,0,0,1,0,0,0,0,0,0,0,0,0,1,0,0,0,0,0.0,0.0,0.0,7.746300662231439,0.0,0.0,0.0,0.0,0.0,0.0,0.0,0.0,0.0,0.0,0.0,9.472781556562168
208016,513000.0,1469,7.292337176173877,2.157961,1469,7.292337176173877,0,0.0,229,5.438079308923196,0.0,0,0.0,0.0,0,45,3.828641396489095,2.025,1.0,0.6931471805599453,2,2,1,2.5,1.25,367.25,2.0,1,1,0,1,0,0,0,0,0,1,0,0,0,0,0,0,0,0,0,0,0,0,0,0,1,0,0,7.292337176173877,0.0,0.0,0.0,0.0,0.0,0.0,0.0,0.0,0.0,0.0,0.0,0.0,7.292337176173877,3.828641396489095,0.0
208055,92500.0,625,6.437751649736401,0.390625,625,6.437751649736401,0,0.0,0,0.0,0.0,0,0.0,0.0,0,57,4.060443010546419,3.249,0.0,0.0,1,1,0,1.0,1.0,312.5,1.0,1,1,0,0,0,0,0,0,0,1,0,0,0,0,0,0,0,0,0,0,0,0,0,1,0,0,0,6.437751649736401,0.0,0.0,0.0,0.0,0.0,0.0,0.0,0.0,0.0,0.0,0.0,0.0,6.437751649736401,4.060443010546419,0.0
208118,251383.0,1295,7.166265974133638,1.677025,1295,7.166265974133638,0,0.0,0,0.0,0.0,2216,7.7039102096163115,1.7111969111969112,0,0,0.0,0.0,0.0,0.0,3,2,1,2.5,0.8333333333333334,259.0,2.0,0,0,1,0,0,0,1,0,0,0,1,0,0,0,0,0,0,0,0,0,0,0,0,1,0,0,0,0.0,7.166265974133638,0.0,0.0,0.0,0.0,0.0,0.0,0.0,0.0,0.0,0.0,0.0,0.0,0.0,7.7039102096163115
209259,539000.0,1532,7.3343293503005365,2.347024,1532,7.3343293503005365,0,0.0,0,0.0,0.0,1181,7.074963197966044,0.77088772845953,0,5,1.791759469228055,0.025,5.0,1.791759469228055,2,2,1,2.5,1.25,383.0,3.0,0,0,1,0,0,0,0,0,0,0,0,0,0,0,0,0,0,0,0,1,0,0,0,1,0,0,0,0.0,0.0,0.0,0.0,0.0,0.0,0.0,0.0,0.0,0.0,7.3343293503005365,0.0,0.0,0.0,0.0,7.074963197966044
209519,733536.0,1896,7.547501682814967,3.594816,2700,7.90100705199242,804,6.690842277418564,888,6.790097235513905,0.9054054054054054,3960,8.284251797621916,2.088607594936709,0,0,0.0,0.0,0.0,0.0,3,3,1,3.5,1.1666666666666667,316.0,2.0,0,0,1,1,1,0,1,0,0,0,1,0,0,0,0,0,0,0,0,0,0,0,1,0,0,0,0,0.0,7.547501682814967,0.0,0.0,0.0,0.0,0.0,0.0,0.0,0.0,0.0,0.0,0.0,0.0,0.0,8.284251797621916
209902,850000.0,1159,7.055312843339752,1.343281,1159,7.055312843339752,0,0.0,0,0.0,0.0,0,0.0,0.0,0,2,1.0986122886681098,0.004,2.0,1.0986122886681098,2,2,0,2.0,1.0,289.75,1.0,1,0,0,0,0,0,0,0,0,0,0,0,0,0,0,0,0,0,0,0,1,0,0,1,0,0,0,0.0,0.0,0.0,0.0,0.0,0.0,0.0,0.0,0.0,0.0,0.0,7.055312843339752,0.0,7.055312843339752,1.0986122886681098,0.0
210343,1180000.0,2849,7.954723334497908,8.116801,3594,8.187021067343505,745,6.61472560020376,828,6.720220155135295,0.8997584541062802,7710,8.95040315983296,2.7062127062127064,0,78,4.3694478524670215,6.084,4.0,1.6094379124341003,3,4,0,4.0,1.3333333333333333,407.0,2.0,0,1,1,1,1,0,0,0,0,0,0,0,0,0,0,0,0,0,0,1,0,0,1,0,0,0,0,0.0,0.0,0.0,0.0,0.0,0.0,0.0,0.0,0.0,0.0,7.954723334497908,0.0,0.0,0.0,0.0,8.95040315983296
210346,608000.0,1264,7.142036574706803,1.597696,2401,7.783640596221253,1137,7.037027614686276,1264,7.142827401161621,0.8995253164556962,14900,9.60918360377546,11.787974683544304,0,53,3.9889840465642745,2.809,0.0,0.0,3,3,0,3.0,1.0,210.66666666666666,1.0,0,1,1,1,1,0,0,0,0,0,0,0,1,0,0,0,0,0,0,0,0,0,0,0,0,0,0,0.0,0.0,0.0,7.142036574706803,0.0,0.0,0.0,0.0,0.0,0.0,0.0,0.0,0.0,0.0,0.0,9.60918360377546
210381,425000.0,2574,7.853216388156072,6.625476,2574,7.853216388156072,0,0.0,0,0.0,0.0,5942,8.68996933536666,2.3084693084693084,0,4,1.6094379124341003,0.016,4.0,1.6094379124341003,4,3,0,3.0,0.75,367.7142857142857,1.5,0,1,1,0,0,0,0,0,0,0,0,0,0,0,0,0,0,0,0,0,0,0,0,0,0,0,1,0.0,0.0,0.0,0.0,0.0,0.0,0.0,0.0,0.0,0.0,0.0,0.0,0.0,0.0,0.0,8.68996933536666
211503,215000.0,787,6.668228248417403,0.619369,787,6.668228248417403,0,0.0,0,0.0,0.0,0,0.0,0.0,0,32,3.4965075614664802,1.024,32.0,3.4965075614664802,1,1,0,1.0,1.0,393.5,1.0,1,0,0,0,0,0,0,0,0,0,0,0,0,0,0,1,0,0,0,0,0,0,0,1,0,0,0,0.0,0.0,0.0,0.0,0.0,0.0,6.668228248417403,0.0,0.0,0.0,0.0,0.0,0.0,6.668228248417403,3.4965075614664802,0.0
212487,515000.0,835,6.727431724850855,0.697225,835,6.727431724850855,0,0.0,0,0.0,0.0,0,0.0,0.0,0,2,1.0986122886681098,0.004,2.0,1.0986122886681098,1,1,0,1.0,1.0,417.5,1.0,1,0,0,0,0,0,0,0,0,0,0,0,0,0,0,0,0,0,0,0,1,0,0,0,1,0,0,0.0,0.0,0.0,0.0,0.0,0.0,0.0,0.0,0.0,0.0,0.0,6.727431724850855,0.0,6.727431724850855,1.0986122886681098,0.0
212623,597000.0,1062,6.967909201801884,1.127844,1923,7.56164174558878,861,6.759255270663693,910,6.814542897259958,0.9461538461538461,4870,8.491054533806542,4.585687382297552,0,93,4.543294782270004,8.649,8.0,2.1972245773362196,2,2,0,2.0,1.0,265.5,1.0,0,1,1,1,1,0,0,1,0,0,0,0,0,0,0,0,0,0,1,0,0,0,0,0,0,0,0,0.0,0.0,0.0,0.0,0.0,0.0,0.0,0.0,0.0,6.967909201801884,0.0,0.0,0.0,0.0,0.0,8.491054533806542
213663,495000.0,2587,7.8582541821860294,6.692569,3538,8.17131687471973,951,6.858565034791365,1520,7.327123292259293,0.6256578947368421,5162,8.54927308487965,1.9953614224971008,0,3,1.3862943611198906,0.009,3.0,1.3862943611198906,3,4,0,4.0,1.3333333333333333,369.57142857142856,1.5,0,0,1,1,1,0,0,0,0,0,0,0,0,0,0,0,0,0,0,0,0,0,0,0,0,0,1,0.0,0.0,0.0,0.0,0.0,0.0,0.0,0.0,0.0,0.0,0.0,0.0,0.0,0.0,0.0,8.54927308487965
214234,140000.0,1138,7.037027614686276,1.295044,1138,7.037027614686276,0,0.0,0,0.0,0.0,0,0.0,0.0,0,47,3.871201010907891,2.209,47.0,3.871201010907891,2,2,0,2.0,1.0,284.5,2.0,1,0,0,0,0,0,0,0,0,0,0,0,1,0,0,0,0,0,0,0,0,0,0,1,0,0,0,0.0,0.0,0.0,7.037027614686276,0.0,0.0,0.0,0.0,0.0,0.0,0.0,0.0,0.0,7.037027614686276,3.871201010907891,0.0
214729,355000.0,1420,7.258412150595307,2.0164,1420,7.258412150595307,0,0.0,655,6.486160788944089,0.0,4070,8.31164394850298,2.8661971830985915,0,7,2.0794415416798357,0.049,7.0,2.0794415416798357,2,2,1,2.5,1.25,355.0,2.0,0,0,1,1,0,0,0,0,0,0,0,0,0,0,0,0,0,0,0,0,0,0,1,0,0,0,0,0.0,0.0,0.0,0.0,0.0,0.0,0.0,0.0,0.0,0.0,0.0,0.0,0.0,0.0,0.0,8.31164394850298
215350,611583.0,3468,8.151333337900432,12.027024,4593,8.432288684325794,1125,7.026426808699636,1274,7.150701457592526,0.8830455259026687,9300,9.137877200242468,2.6816608996539792,0,0,0.0,0.0,0.0,0.0,4,3,1,3.5,0.875,495.42857142857144,2.0,0,0,1,1,1,0,1,0,0,0,0,0,0,0,0,0,0,0,0,0,0,0,1,0,0,0,0,0.0,0.0,0.0,0.0,0.0,0.0,0.0,0.0,0.0,0.0,0.0,0.0,0.0,0.0,0.0,9.137877200242468
215761,261000.0,863,6.760414691083428,0.744769,1666,7.418180822726788,803,6.6895992691789665,845,6.740519359606223,0.9502958579881656,6930,8.843759381917984,8.030127462340673,0,39,3.6888794541139363,1.521,25.0,3.258096538021482,2,2,0,2.0,1.0,215.75,1.0,0,1,1,1,1,0,0,0,0,0,0,0,0,0,0,0,1,0,0,0,0,0,0,0,0,0,0,0.0,0.0,0.0,0.0,0.0,0.0,0.0,6.760414691083428,0.0,0.0,0.0,0.0,0.0,0.0,0.0,8.843759381917984
217468,319700.0,1538,7.338238150065589,2.365444,1538,7.338238150065589,0,0.0,0,0.0,0.0,1400,7.244941546337007,0.9102730819245773,0,0,0.0,0.0,0.0,0.0,3,2,1,2.5,0.8333333333333334,307.6,2.0,0,0,1,0,0,0,1,0,0,0,0,0,0,0,0,0,0,0,0,0,0,0,0,0,1,0,0,0.0,0.0,0.0,0.0,0.0,0.0,0.0,0.0,0.0,0.0,0.0,0.0,0.0,0.0,0.0,7.244941546337007
217906,375500.0,1066,6.97166860472579,1.136356,1438,7.271008538280992,372,5.921578419643816,372,5.921578419643816,1.0,6030,8.704668113450987,5.656660412757974,570,36,3.6109179126442243,1.296,0.0,0.0,3,2,1,2.5,0.8333333333333334,213.2,1.0,0,1,1,1,1,1,0,0,0,0,0,0,0,0,0,0,0,0,0,0,0,0,0,0,0,1,0,0.0,0.0,0.0,0.0,0.0,0.0,0.0,0.0,0.0,0.0,0.0,0.0,0.0,0.0,0.0,8.704668113450987
218777,203500.0,1019,6.926577033222725,1.038361,1019,6.926577033222725,0,0.0,0,0.0,0.0,0,0.0,0.0,0,37,3.6375861597263857,1.369,37.0,3.6375861597263857,2,2,0,2.0,1.0,254.75,1.0,1,0,0,0,0,0,0,0,0,0,0,0,0,0,0,0,0,0,0,0,0,1,0,0,1,0,0,0.0,0.0,0.0,0.0,0.0,0.0,0.0,0.0,0.0,0.0,0.0,0.0,6.926577033222725,6.926577033222725,3.6375861597263857,0.0
218837,200000.0,1029,6.9363427358340495,1.058841,1029,6.9363427358340495,0,0.0,0,0.0,0.0,0,0.0,0.0,0,49,3.912023005428146,2.401,49.0,3.912023005428146,2,2,0,2.0,1.0,257.25,1.0,1,0,0,0,0,0,0,0,0,0,0,0,1,0,0,0,0,0,0,0,0,0,0,1,0,0,0,0.0,0.0,0.0,6.9363427358340495,0.0,0.0,0.0,0.0,0.0,0.0,0.0,0.0,0.0,6.9363427358340495,3.912023005428146,0.0
219164,650000.0,1465,7.289610521451167,2.146225,1465,7.289610521451167,0,0.0,0,0.0,0.0,1013,6.921658184151129,0.6914675767918089,0,4,1.6094379124341003,0.016,4.0,1.6094379124341003,2,2,1,2.5,1.25,366.25,3.0,0,0,1,0,0,0,0,0,0,0,0,0,0,0,1,0,0,0,0,0,0,0,0,0,1,0,0,0.0,0.0,0.0,0.0,0.0,7.289610521451167,0.0,0.0,0.0,0.0,0.0,0.0,0.0,0.0,0.0,6.921658184151129
219364,400000.0,932,6.837332814685591,0.868624,932,6.837332814685591,0,0.0,0,0.0,0.0,385,5.955837369464831,0.4130901287553648,0,4,1.6094379124341003,0.016,4.0,1.6094379124341003,1,1,1,1.5,1.5,466.0,3.0,0,0,1,0,0,0,0,0,0,0,0,0,0,0,0,0,0,0,0,1,0,0,0,0,1,0,0,0.0,0.0,0.0,0.0,0.0,0.0,0.0,0.0,0.0,0.0,6.837332814685591,0.0,0.0,0.0,0.0,5.955837369464831
219448,492500.0,796,6.679599185844383,0.633616,1246,7.1276936993473985,450,6.111467339502679,581,6.366470447731438,0.774526678141136,5080,8.533263371593732,6.381909547738694,0,81,4.406719247264253,6.561,20.0,3.044522437723423,2,2,0,2.0,1.0,199.0,1.0,0,1,1,1,1,0,0,1,0,0,0,0,0,0,0,0,0,0,0,1,0,0,0,0,0,0,0,0.0,0.0,0.0,0.0,0.0,0.0,0.0,0.0,0.0,0.0,6.679599185844383,0.0,0.0,0.0,0.0,8.533263371593732
219920,333000.0,1002,6.90975328164481,1.004004,2004,7.602900462204755,1002,6.910750787961936,1002,6.910750787961936,1.0,6670,8.805525052709516,6.656686626746507,0,50,3.9318256327243257,2.5,50.0,3.9318256327243257,3,2,0,2.0,0.6666666666666666,200.4,1.0,0,0,1,1,1,0,0,0,0,0,0,0,0,0,0,0,1,0,0,0,0,0,0,0,0,0,0,0.0,0.0,0.0,0.0,0.0,0.0,0.0,6.90975328164481,0.0,0.0,0.0,0.0,0.0,0.0,0.0,8.805525052709516
220090,613145.0,2390,7.779048644925556,5.7121,2390,7.779048644925556,0,0.0,0,0.0,0.0,4356,8.379539026117442,1.8225941422594143,0,0,0.0,0.0,0.0,0.0,3,3,1,3.5,1.1666666666666667,398.3333333333333,3.0,0,0,1,0,0,0,1,0,0,0,1,0,0,0,0,0,0,0,0,0,0,0,0,1,0,0,0,0.0,7.779048644925556,0.0,0.0,0.0,0.0,0.0,0.0,0.0,0.0,0.0,0.0,0.0,0.0,0.0,8.379539026117442
220611,648500.0,1484,7.302496423727326,2.202256,1484,7.302496423727326,0,0.0,411,6.021023349349527,0.0,3750,8.229777750081887,2.526954177897574,0,119,4.787491742782046,14.161,2.0,1.0986122886681098,3,1,1,1.5,0.5,371.0,1.5,0,1,1,1,0,0,0,1,0,1,0,0,0,0,0,0,0,0,0,0,0,0,0,0,0,0,1,7.302496423727326,0.0,0.0,0.0,0.0,0.0,0.0,0.0,0.0,0.0,0.0,0.0,0.0,0.0,0.0,8.229777750081887
221043,610000.0,1908,7.553810852008231,3.640464,1908,7.553810852008231,0,0.0,0,0.0,0.0,1338,7.199678345691172,0.7012578616352201,0,4,1.6094379124341003,0.016,4.0,1.6094379124341003,2,2,1,2.5,1.25,477.0,3.0,0,0,1,0,0,0,0,0,0,0,0,0,0,0,0,0,0,0,0,1,0,0,0,0,1,0,0,0.0,0.0,0.0,0.0,0.0,0.0,0.0,0.0,0.0,0.0,7.553810852008231,0.0,0.0,0.0,0.0,7.199678345691172
221619,410000.0,2349,7.761744984658913,5.517801,2995,8.00469951054955,646,6.472346294500901,680,6.523562306149512,0.95,6000,8.699681400989514,2.554278416347382,0,21,3.091042453358316,0.441,21.0,3.091042453358316,4,2,2,3.0,0.75,391.5,2.0,0,0,1,1,1,0,0,0,0,0,0,0,0,0,0,0,0,0,0,0,0,0,1,0,0,0,0,0.0,0.0,0.0,0.0,0.0,0.0,0.0,0.0,0.0,0.0,0.0,0.0,0.0,0.0,0.0,8.699681400989514
221927,765000.0,1644,7.404887575616125,2.702736,2580,7.855544677915663,936,6.842683282238422,1041,6.948897222313312,0.899135446685879,6620,8.798001694924846,4.02676399026764,0,82,4.418840607796598,6.724,20.0,3.044522437723423,3,2,1,2.5,0.8333333333333334,328.8,1.5,0,1,1,1,1,0,0,1,0,0,0,0,0,0,0,0,0,1,0,0,0,0,0,0,0,0,1,0.0,0.0,0.0,0.0,0.0,0.0,0.0,0.0,7.404887575616125,0.0,0.0,0.0,0.0,0.0,0.0,8.798001694924846
222554,285000.0,1140,7.038783541388542,1.2996,1140,7.038783541388542,0,0.0,0,0.0,0.0,0,0.0,0.0,0,53,3.9889840465642745,2.809,53.0,3.9889840465642745,2,2,0,2.0,1.0,285.0,1.0,1,0,0,0,0,0,0,0,0,0,0,0,0,0,0,0,0,1,0,0,0,0,0,1,0,0,0,0.0,0.0,0.0,0.0,0.0,0.0,0.0,0.0,7.038783541388542,0.0,0.0,0.0,0.0,7.038783541388542,3.9889840465642745,0.0
223114,492000.0,1342,7.201916317531627,1.800964,1342,7.201916317531627,0,0.0,0,0.0,0.0,8370,9.032528630660057,6.236959761549925,0,72,4.290459441148391,5.184,72.0,4.290459441148391,3,2,0,2.0,0.6666666666666666,268.4,1.0,0,0,1,0,0,0,0,0,0,0,0,0,0,0,0,0,0,1,0,0,0,0,0,0,0,0,0,0.0,0.0,0.0,0.0,0.0,0.0,0.0,0.0,7.201916317531627,0.0,0.0,0.0,0.0,0.0,0.0,9.032528630660057
223262,274500.0,955,6.86171134048073,0.912025,955,6.86171134048073,0,0.0,0,0.0,0.0,0,0.0,0.0,0,21,3.091042453358316,0.441,21.0,3.091042453358316,2,2,0,2.0,1.0,238.75,1.0,1,0,0,0,0,0,0,0,0,0,0,0,0,0,0,1,0,0,0,0,0,0,0,1,0,0,0,0.0,0.0,0.0,0.0,0.0,0.0,6.86171134048073,0.0,0.0,0.0,0.0,0.0,0.0,6.86171134048073,3.091042453358316,0.0
223340,130000.0,870,6.76849321164863,0.7569,870,6.76849321164863,0,0.0,0,0.0,0.0,0,0.0,0.0,0,56,4.04305126783455,3.136,56.0,4.04305126783455,2,1,0,1.0,0.5,290.0,1.0,1,0,0,0,0,0,0,0,0,0,0,0,0,0,0,0,0,0,0,0,0,1,0,1,0,0,0,0.0,0.0,0.0,0.0,0.0,0.0,0.0,0.0,0.0,0.0,0.0,0.0,6.76849321164863,6.76849321164863,4.04305126783455,0.0
223594,741541.0,4399,8.389132521348719,19.351201,5814,8.668024081118821,1415,7.255591274253665,1625,7.3938782901077555,0.8707692307692307,31987,10.37311611145178,7.271425323937258,0,0,0.0,0.0,0.0,0.0,5,4,0,4.0,0.8,488.77777777777777,2.0,0,0,1,1,1,0,1,0,0,0,0,0,0,0,0,0,0,0,0,0,0,0,1,0,0,0,0,0.0,0.0,0.0,0.0,0.0,0.0,0.0,0.0,0.0,0.0,0.0,0.0,0.0,0.0,0.0,10.37311611145178
223768,406366.0,1457,7.284134806195205,2.122849,2000,7.600902459542082,543,6.298949246855942,638,6.459904454377535,0.8510971786833855,1980,7.591357046698551,1.3589567604667123,0,0,0.0,0.0,0.0,0.0,3,3,1,3.5,1.1666666666666667,242.83333333333334,2.0,0,0,1,1,1,0,1,0,0,0,1,0,0,0,0,0,0,0,0,0,0,0,0,0,1,0,0,0.0,7.284134806195205,0.0,0.0,0.0,0.0,0.0,0.0,0.0,0.0,0.0,0.0,0.0,0.0,0.0,7.591357046698551
223948,150000.0,754,6.625392368007956,0.568516,754,6.625392368007956,0,0.0,0,0.0,0.0,0,0.0,0.0,0,45,3.828641396489095,2.025,45.0,3.828641396489095,1,1,0,1.0,1.0,377.0,1.0,1,0,0,0,0,0,0,0,0,0,0,0,1,0,0,0,0,0,0,0,0,0,0,0,1,0,0,0.0,0.0,0.0,6.625392368007956,0.0,0.0,0.0,0.0,0.0,0.0,0.0,0.0,0.0,6.625392368007956,3.828641396489095,0.0
223965,405000.0,1412,7.252762418053187,1.993744,2612,7.867871490396322,1200,7.0909098220799835,1412,7.253470382684528,0.8498583569405099,4697,8.454892165218858,3.326487252124646,0,11,2.4849066497880004,0.121,11.0,2.4849066497880004,2,3,0,3.0,1.5,282.4,1.0,0,0,1,1,1,0,0,0,0,0,0,0,0,0,0,0,0,0,0,0,0,0,0,0,0,0,0,0.0,0.0,0.0,0.0,0.0,0.0,0.0,0.0,0.0,0.0,0.0,0.0,0.0,0.0,0.0,8.454892165218858
224220,550000.0,1821,7.507141079727608,3.316041,2544,7.841492924460013,723,6.584791392385716,761,6.635946555686647,0.9500657030223391,2496,7.822845290279774,1.370675453047776,0,5,1.791759469228055,0.025,5.0,1.791759469228055,3,3,1,3.5,1.1666666666666667,303.5,2.0,0,0,1,1,1,0,0,0,0,0,1,0,0,0,0,0,0,0,0,0,0,0,0,1,0,0,0,0.0,7.507141079727608,0.0,0.0,0.0,0.0,0.0,0.0,0.0,0.0,0.0,0.0,0.0,0.0,0.0,7.822845290279774
224798,365000.0,1445,7.275864600546533,2.088025,2745,7.917536353943631,1300,7.170888478512505,1445,7.27655640271871,0.8996539792387543,6380,8.761080103868347,4.41522491349481,0,19,2.995732273553991,0.361,9.0,2.302585092994046,2,3,0,3.0,1.5,289.0,1.0,0,1,1,1,1,0,0,0,0,0,0,0,0,0,0,0,1,0,0,0,0,0,0,0,0,0,0,0.0,0.0,0.0,0.0,0.0,0.0,0.0,7.275864600546533,0.0,0.0,0.0,0.0,0.0,0.0,0.0,8.761080103868347
225925,275000.0,846,6.740519359606223,0.715716,846,6.740519359606223,0,0.0,0,0.0,0.0,0,0.0,0.0,0,117,4.770684624465665,13.689,39.0,3.6888794541139363,1,1,0,1.0,1.0,423.0,1.0,1,1,0,0,0,0,0,1,0,1,0,0,0,0,0,0,0,0,0,0,0,0,0,1,0,0,0,6.740519359606223,0.0,0.0,0.0,0.0,0.0,0.0,0.0,0.0,0.0,0.0,0.0,0.0,6.740519359606223,4.770684624465665,0.0
226652,471000.0,1531,7.333676395657684,2.343961,1531,7.333676395657684,0,0.0,0,0.0,0.0,2538,7.839525581704678,1.6577400391900718,0,16,2.833213344056216,0.256,16.0,2.833213344056216,3,2,1,2.5,0.8333333333333334,306.2,2.0,0,0,1,0,0,0,0,0,0,0,1,0,0,0,0,0,0,0,0,0,0,0,1,0,0,0,0,0.0,7.333676395657684,0.0,0.0,0.0,0.0,0.0,0.0,0.0,0.0,0.0,0.0,0.0,0.0,0.0,7.839525581704678
226665,1395000.0,2332,7.754481547470383,5.438224,3125,8.047189562170502,793,6.677083461247136,941,6.848005274576363,0.842720510095643,4690,8.453401058328458,2.01114922813036,0,98,4.59511985013459,9.604,5.0,1.791759469228055,3,4,1,4.5,1.5,333.14285714285717,2.0,0,1,1,1,1,0,0,1,0,0,0,0,0,0,1,0,0,0,0,0,0,0,1,0,0,0,0,0.0,0.0,0.0,0.0,0.0,7.754481547470383,0.0,0.0,0.0,0.0,0.0,0.0,0.0,0.0,0.0,8.453401058328458
226724,309000.0,1522,7.3277805384216315,2.316484,1522,7.3277805384216315,0,0.0,0,0.0,0.0,3604,8.190077049719049,2.3679369250985545,0,17,2.8903717578961645,0.289,17.0,2.8903717578961645,2,2,1,2.5,1.25,380.5,2.0,0,0,1,0,0,0,0,0,0,0,0,0,0,0,0,0,0,0,0,0,0,0,1,0,0,0,0,0.0,0.0,0.0,0.0,0.0,0.0,0.0,0.0,0.0,0.0,0.0,0.0,0.0,0.0,0.0,8.190077049719049
226872,500000.0,1747,7.465655310134056,3.052009,1747,7.465655310134056,0,0.0,0,0.0,0.0,2442,7.8009820712577405,1.3978248425872926,0,13,2.6390573296152584,0.169,13.0,2.6390573296152584,3,2,1,2.5,0.8333333333333334,349.4,2.0,0,1,1,0,0,0,0,0,0,0,1,0,0,0,0,0,0,0,0,0,0,0,1,0,0,0,0,0.0,7.465655310134056,0.0,0.0,0.0,0.0,0.0,0.0,0.0,0.0,0.0,0.0,0.0,0.0,0.0,7.8009820712577405
227010,499000.0,1358,7.213768308118642,1.844164,1358,7.213768308118642,0,0.0,0,0.0,0.0,832,6.725033642166843,0.6126656848306333,0,1,0.6931471805599453,0.001,1.0,0.6931471805599453,3,2,1,2.5,0.8333333333333334,271.6,3.0,0,0,1,0,0,0,1,0,0,0,0,0,0,0,0,0,0,0,0,1,0,0,0,0,1,0,0,0.0,0.0,0.0,0.0,0.0,0.0,0.0,0.0,0.0,0.0,7.213768308118642,0.0,0.0,0.0,0.0,6.725033642166843
227328,630000.0,887,6.787844982309579,0.786769,887,6.787844982309579,0,0.0,0,0.0,0.0,0,0.0,0.0,0,2,1.0986122886681098,0.004,2.0,1.0986122886681098,1,1,0,1.0,1.0,443.5,1.0,1,0,0,0,0,0,0,0,0,0,0,0,0,0,0,0,0,0,0,0,1,0,0,0,1,0,0,0.0,0.0,0.0,0.0,0.0,0.0,0.0,0.0,0.0,0.0,0.0,6.787844982309579,0.0,6.787844982309579,1.0986122886681098,0.0
227333,448000.0,1738,7.460490305825338,3.020644,1738,7.460490305825338,0,0.0,0,0.0,0.0,2594,7.861341795599989,1.4925201380897584,0,0,0.0,0.0,0.0,0.0,3,2,1,2.5,0.8333333333333334,347.6,2.0,0,0,1,0,0,0,1,0,0,0,1,0,0,0,0,0,0,0,0,0,0,0,0,1,0,0,0,0.0,7.460490305825338,0.0,0.0,0.0,0.0,0.0,0.0,0.0,0.0,0.0,0.0,0.0,0.0,0.0,7.861341795599989
227717,322000.0,1164,7.059617628291383,1.354896,1164,7.059617628291383,0,0.0,0,0.0,0.0,5940,8.689632748355741,5.103092783505154,0,19,2.995732273553991,0.361,19.0,2.995732273553991,3,2,0,2.0,0.6666666666666666,232.8,1.0,0,0,1,0,0,0,0,0,0,0,0,0,0,0,0,0,0,0,0,0,0,0,0,0,0,0,0,0.0,0.0,0.0,0.0,0.0,0.0,0.0,0.0,0.0,0.0,0.0,0.0,0.0,0.0,0.0,8.689632748355741
227947,347500.0,732,6.595780513961311,0.535824,890,6.7912214627261855,158,5.0689042022202315,175,5.170483995038151,0.9028571428571428,1548,7.3453648404168685,2.1147540983606556,0,118,4.77912349311153,13.924,1.0,0.6931471805599453,1,1,0,1.0,1.0,366.0,1.0,0,1,1,1,1,0,0,1,0,0,0,1,0,0,0,0,0,0,0,0,0,0,0,0,1,0,0,0.0,0.0,6.595780513961311,0.0,0.0,0.0,0.0,0.0,0.0,0.0,0.0,0.0,0.0,0.0,0.0,7.3453648404168685
228059,261216.0,1334,7.195937226475569,1.779556,1334,7.195937226475569,0,0.0,0,0.0,0.0,2253,7.720461694599722,1.6889055472263867,0,0,0.0,0.0,0.0,0.0,3,2,1,2.5,0.8333333333333334,266.8,2.0,0,0,1,0,0,0,1,0,0,0,1,0,0,0,0,0,0,0,0,0,0,0,0,1,0,0,0,0.0,7.195937226475569,0.0,0.0,0.0,0.0,0.0,0.0,0.0,0.0,0.0,0.0,0.0,0.0,0.0,7.720461694599722
228611,305000.0,1219,7.105786129481271,1.485961,1219,7.105786129481271,0,0.0,0,0.0,0.0,0,0.0,0.0,0,21,3.091042453358316,0.441,21.0,3.091042453358316,3,2,0,2.0,0.6666666666666666,243.8,1.0,1,0,0,0,0,0,0,0,0,0,0,0,0,0,0,1,0,0,0,0,0,0,0,1,0,0,0,0.0,0.0,0.0,0.0,0.0,0.0,7.105786129481271,0.0,0.0,0.0,0.0,0.0,0.0,7.105786129481271,3.091042453358316,0.0
228639,822000.0,2043,7.622174594817622,4.173849,2043,7.622174594817622,0,0.0,311,5.7430031878094825,0.0,6650,8.802522498284421,3.255017131669114,0,128,4.859812404361672,16.384,5.0,1.791759469228055,3,2,1,2.5,0.8333333333333334,408.6,1.5,0,1,1,1,0,0,0,1,0,0,0,1,0,0,0,0,0,0,0,0,0,0,0,0,0,0,1,0.0,0.0,7.622174594817622,0.0,0.0,0.0,0.0,0.0,0.0,0.0,0.0,0.0,0.0,0.0,0.0,8.802522498284421
229364,464500.0,2270,7.727535110475448,5.1529,2887,7.967973179662935,617,6.42648845745769,1026,6.934397209928558,0.601364522417154,5533,8.618666160346871,2.437444933920705,0,4,1.6094379124341003,0.016,4.0,1.6094379124341003,3,2,1,2.5,0.8333333333333334,454.0,2.0,0,1,1,1,1,0,0,0,0,0,0,0,0,0,0,0,0,0,0,0,0,0,1,0,0,0,0,0.0,0.0,0.0,0.0,0.0,0.0,0.0,0.0,0.0,0.0,0.0,0.0,0.0,0.0,0.0,8.618666160346871
229643,558336.0,2154,7.675081857716334,4.639716,2154,7.675081857716334,0,0.0,1111,7.013915474810528,0.0,3159,8.058327306580958,1.466573816155989,0,0,0.0,0.0,0.0,0.0,3,2,1,2.5,0.8333333333333334,430.8,2.0,0,0,1,1,0,0,1,0,0,0,1,0,0,0,0,0,0,0,0,0,0,0,1,0,0,0,0,0.0,7.675081857716334,0.0,0.0,0.0,0.0,0.0,0.0,0.0,0.0,0.0,0.0,0.0,0.0,0.0,8.058327306580958
229764,140000.0,1138,7.037027614686276,1.295044,1138,7.037027614686276,0,0.0,0,0.0,0.0,0,0.0,0.0,0,47,3.871201010907891,2.209,47.0,3.871201010907891,2,2,0,2.0,1.0,284.5,1.0,1,0,0,0,0,0,0,0,0,0,0,0,1,0,0,0,0,0,0,0,0,0,0,1,0,0,0,0.0,0.0,0.0,7.037027614686276,0.0,0.0,0.0,0.0,0.0,0.0,0.0,0.0,0.0,7.037027614686276,3.871201010907891,0.0
230270,850000.0,1812,7.502186486602924,3.283344,1812,7.502186486602924,0,0.0,0,0.0,0.0,1366,7.220373836723949,0.7538631346578366,0,1,0.6931471805599453,0.001,1.0,0.6931471805599453,2,2,1,2.5,1.25,453.0,3.0,0,0,1,0,0,0,1,0,0,0,0,0,0,0,1,0,0,0,0,0,0,0,0,1,0,0,0,0.0,0.0,0.0,0.0,0.0,7.502186486602924,0.0,0.0,0.0,0.0,0.0,0.0,0.0,0.0,0.0,7.220373836723949
230843,558336.0,2098,7.6487397889562425,4.401604,2098,7.6487397889562425,0,0.0,991,6.899723107284872,0.0,3159,8.058327306580958,1.505719733079123,0,0,0.0,0.0,0.0,0.0,2,2,1,2.5,1.25,524.5,2.0,0,0,1,1,0,0,1,0,0,0,1,0,0,0,0,0,0,0,0,0,0,0,1,0,0,0,0,0.0,7.6487397889562425,0.0,0.0,0.0,0.0,0.0,0.0,0.0,0.0,0.0,0.0,0.0,0.0,0.0,8.058327306580958
231674,600000.0,2680,7.893572073504902,7.1824,3179,8.064321960910803,499,6.214608098422191,524,6.263398262591624,0.9522900763358778,3006,8.008698182988528,1.121641791044776,0,0,0.0,0.0,0.0,0.0,4,3,2,4.0,1.0,382.85714285714283,2.5,0,0,1,1,1,0,1,0,0,0,1,0,0,0,0,0,0,0,0,0,0,0,0,0,0,0,1,0.0,7.893572073504902,0.0,0.0,0.0,0.0,0.0,0.0,0.0,0.0,0.0,0.0,0.0,0.0,0.0,8.008698182988528
232306,295125.0,1317,7.183111701743281,1.734489,1317,7.183111701743281,0,0.0,0,0.0,0.0,1420,7.259116128097101,1.0782080485952923,0,1,0.6931471805599453,0.001,1.0,0.6931471805599453,2,2,1,2.5,1.25,329.25,2.0,0,0,1,0,0,0,1,0,0,0,0,0,0,0,0,0,0,0,0,0,0,0,0,0,1,0,0,0.0,0.0,0.0,0.0,0.0,0.0,0.0,0.0,0.0,0.0,0.0,0.0,0.0,0.0,0.0,7.259116128097101
232398,180000.0,672,6.51025834052315,0.451584,672,6.51025834052315,0,0.0,0,0.0,0.0,0,0.0,0.0,0,80,4.394449154672439,6.4,0.0,0.0,1,1,0,1.0,1.0,336.0,1.0,1,1,0,0,0,0,0,1,0,0,0,0,0,0,0,0,0,1,0,0,0,0,0,1,0,0,0,0.0,0.0,0.0,0.0,0.0,0.0,0.0,0.0,6.51025834052315,0.0,0.0,0.0,0.0,6.51025834052315,4.394449154672439,0.0
234180,508607.0,2171,7.682943169878292,4.713241,2171,7.682943169878292,0,0.0,0,0.0,0.0,2200,7.696667081526462,1.0133578995854444,0,0,0.0,0.0,0.0,0.0,3,2,1,2.5,0.8333333333333334,434.2,3.0,0,0,1,0,0,0,1,0,0,0,1,0,0,0,0,0,0,0,0,0,0,0,0,0,1,0,0,0.0,7.682943169878292,0.0,0.0,0.0,0.0,0.0,0.0,0.0,0.0,0.0,0.0,0.0,0.0,0.0,7.696667081526462
234288,608236.0,2098,7.6487397889562425,4.401604,2990,8.003028666384733,892,6.794586580876499,991,6.899723107284872,0.900100908173562,3420,8.137688184977605,1.6301239275500476,0,0,0.0,0.0,0.0,0.0,3,3,1,3.5,1.1666666666666667,349.6666666666667,2.0,0,0,1,1,1,0,1,0,0,0,1,0,0,0,0,0,0,0,0,0,0,0,1,0,0,0,0,0.0,7.6487397889562425,0.0,0.0,0.0,0.0,0.0,0.0,0.0,0.0,0.0,0.0,0.0,0.0,0.0,8.137688184977605
234294,400000.0,1812,7.502186486602924,3.283344,2525,7.83399634170946,713,6.570882962339584,813,6.70196036600254,0.8769987699876999,4500,8.412054873292933,2.4834437086092715,0,15,2.772588722239781,0.225,15.0,2.772588722239781,3,3,1,3.5,1.1666666666666667,302.0,2.0,0,1,1,1,1,0,0,0,0,0,0,0,0,0,0,0,0,0,0,0,0,0,1,0,0,0,0,0.0,0.0,0.0,0.0,0.0,0.0,0.0,0.0,0.0,0.0,0.0,0.0,0.0,0.0,0.0,8.412054873292933
235914,715000.0,1179,7.072421900537371,1.390041,1179,7.072421900537371,0,0.0,0,0.0,0.0,0,0.0,0.0,0,2,1.0986122886681098,0.004,2.0,1.0986122886681098,1,1,1,1.5,1.5,589.5,1.0,1,0,0,0,0,0,0,0,0,0,0,0,0,0,0,0,0,0,0,0,1,0,0,0,1,0,0,0.0,0.0,0.0,0.0,0.0,0.0,0.0,0.0,0.0,0.0,0.0,7.072421900537371,0.0,7.072421900537371,1.0986122886681098,0.0
237826,345000.0,1509,7.319202458767849,2.277081,1509,7.319202458767849,0,0.0,0,0.0,0.0,0,0.0,0.0,0,49,3.912023005428146,2.401,3.0,1.3862943611198906,3,2,1,2.5,0.8333333333333334,301.8,2.0,1,1,0,0,0,0,0,0,0,0,0,0,1,0,0,0,0,0,0,0,0,0,0,1,0,0,0,0.0,0.0,0.0,7.319202458767849,0.0,0.0,0.0,0.0,0.0,0.0,0.0,0.0,0.0,7.319202458767849,3.912023005428146,0.0
238305,179500.0,1182,7.074963197966044,1.397124,1182,7.074963197966044,0,0.0,0,0.0,0.0,1064,6.970730078143525,0.9001692047377327,0,2,1.0986122886681098,0.004,2.0,1.0986122886681098,2,2,1,2.5,1.25,295.5,2.0,0,0,1,0,0,0,0,0,0,0,1,0,0,0,0,0,0,0,0,0,0,0,0,0,1,0,0,0.0,7.074963197966044,0.0,0.0,0.0,0.0,0.0,0.0,0.0,0.0,0.0,0.0,0.0,0.0,0.0,6.970730078143525
238781,136291.0,607,6.408528791059498,0.368449,607,6.408528791059498,0,0.0,0,0.0,0.0,0,0.0,0.0,0,16,2.833213344056216,0.256,16.0,2.833213344056216,2,1,0,1.0,0.5,202.33333333333334,1.0,1,1,0,0,0,0,0,0,0,0,1,0,0,0,0,0,0,0,0,0,0,0,0,1,0,0,0,0.0,6.408528791059498,0.0,0.0,0.0,0.0,0.0,0.0,0.0,0.0,0.0,0.0,0.0,6.408528791059498,2.833213344056216,0.0
239314,135000.0,945,6.851184927493743,0.893025,945,6.851184927493743,0,0.0,0,0.0,0.0,0,0.0,0.0,0,50,3.9318256327243257,2.5,50.0,3.9318256327243257,2,1,0,1.0,0.5,315.0,1.0,1,0,0,0,0,0,0,0,0,0,0,0,0,0,0,0,0,0,0,0,0,1,0,1,0,0,0,0.0,0.0,0.0,0.0,0.0,0.0,0.0,0.0,0.0,0.0,0.0,0.0,6.851184927493743,6.851184927493743,3.9318256327243257,0.0
241453,735000.0,1785,7.487173694213739,3.186225,1785,7.487173694213739,0,0.0,212,5.3612921657094255,0.0,4210,8.345455428161928,2.358543417366947,0,133,4.897839799950911,17.689,2.0,1.0986122886681098,3,2,1,2.5,0.8333333333333334,357.0,1.5,0,1,1,1,0,0,0,1,0,0,0,0,0,0,0,0,0,0,0,1,0,0,0,0,0,0,1,0.0,0.0,0.0,0.0,0.0,0.0,0.0,0.0,0.0,0.0,7.487173694213739,0.0,0.0,0.0,0.0,8.345455428161928
241489,1020000.0,1390,7.237059026124737,1.9321,1390,7.237059026124737,0,0.0,0,0.0,0.0,0,0.0,0.0,0,19,2.995732273553991,0.361,19.0,2.995732273553991,2,1,1,1.5,0.75,463.3333333333333,1.0,1,1,0,0,0,0,0,0,0,0,0,0,0,0,0,0,0,0,0,0,1,0,0,0,1,0,0,0.0,0.0,0.0,0.0,0.0,0.0,0.0,0.0,0.0,0.0,0.0,7.237059026124737,0.0,7.237059026124737,2.995732273553991,0.0
241852,305000.0,1632,7.397561535524052,2.663424,2398,7.7823903355874595,766,6.642486801367256,783,6.664409020350408,0.9782886334610472,0,0.0,0.0,0,41,3.7376696182833684,1.681,41.0,3.7376696182833684,3,2,2,3.0,1.0,326.4,2.0,1,0,0,1,1,0,0,0,0,0,0,0,0,0,0,1,0,0,0,0,0,0,0,0,1,0,0,0.0,0.0,0.0,0.0,0.0,0.0,7.397561535524052,0.0,0.0,0.0,0.0,0.0,0.0,7.397561535524052,3.7376696182833684,0.0
242063,400000.0,3192,8.068402958569699,10.188864,3192,8.068402958569699,0,0.0,0,0.0,0.0,6036,8.705662478796427,1.8909774436090225,0,16,2.833213344056216,0.256,16.0,2.833213344056216,4,3,0,3.0,0.75,456.0,2.0,0,0,1,0,0,0,0,0,0,0,0,0,0,0,0,0,0,0,0,0,0,0,1,0,0,0,0,0.0,0.0,0.0,0.0,0.0,0.0,0.0,0.0,0.0,0.0,0.0,0.0,0.0,0.0,0.0,8.705662478796427
242227,1285000.0,4063,8.309676895987726,16.507969,5294,8.574329382787047,1231,7.116394144093465,1817,7.505492274737424,0.6774903687396808,7182,8.879472402074802,1.7676593650012307,0,3,1.3862943611198906,0.009,3.0,1.3862943611198906,5,5,1,5.5,1.1,406.3,2.0,0,0,1,1,1,0,0,0,0,0,1,0,0,0,0,0,0,0,0,0,0,0,1,0,0,0,0,0.0,8.309676895987726,0.0,0.0,0.0,0.0,0.0,0.0,0.0,0.0,0.0,0.0,0.0,0.0,0.0,8.879472402074802
242696,320000.0,808,6.694562058521095,0.652864,1576,7.362645270417825,768,6.645090969505644,768,6.645090969505644,1.0,4590,8.431853144249223,5.680693069306931,0,36,3.6109179126442243,1.296,5.0,1.791759469228055,2,2,0,2.0,1.0,202.0,1.0,0,1,1,1,1,0,0,0,0,0,0,0,0,0,0,0,1,0,0,0,0,0,0,0,0,0,0,0.0,0.0,0.0,0.0,0.0,0.0,0.0,6.694562058521095,0.0,0.0,0.0,0.0,0.0,0.0,0.0,8.431853144249223
243133,399000.0,3176,8.063377822367027,10.086976,3176,8.063377822367027,0,0.0,0,0.0,0.0,5760,8.658866349732383,1.81360201511335,0,16,2.833213344056216,0.256,0.0,0.0,5,2,1,2.5,0.5,453.7142857142857,2.0,0,1,1,0,0,0,0,0,0,0,0,0,0,0,0,0,0,0,0,0,0,0,1,0,0,0,0,0.0,0.0,0.0,0.0,0.0,0.0,0.0,0.0,0.0,0.0,0.0,0.0,0.0,0.0,0.0,8.658866349732383
243371,980000.0,2424,7.793174347189205,5.875776,3324,8.10892415597534,900,6.803505257608338,1204,7.094234845924755,0.7475083056478405,5370,8.58876938990546,2.2153465346534653,0,27,3.332204510175204,0.729,0.0,0.0,3,3,1,3.5,1.1666666666666667,404.0,2.0,0,1,1,1,1,0,0,0,0,1,0,0,0,0,0,0,0,0,0,0,0,0,1,0,0,0,0,7.793174347189205,0.0,0.0,0.0,0.0,0.0,0.0,0.0,0.0,0.0,0.0,0.0,0.0,0.0,0.0,8.58876938990546
243395,245000.0,897,6.799055862058796,0.804609,897,6.799055862058796,0,0.0,0,0.0,0.0,0,0.0,0.0,0,36,3.6109179126442243,1.296,0.0,0.0,2,2,0,2.0,1.0,224.25,1.5,1,1,0,0,0,0,0,0,0,0,0,0,0,0,0,1,0,0,0,0,0,0,0,0,1,0,0,0.0,0.0,0.0,0.0,0.0,0.0,6.799055862058796,0.0,0.0,0.0,0.0,0.0,0.0,6.799055862058796,3.6109179126442243,0.0
243788,634396.0,2432,7.796469243086058,5.914624,3545,8.173293438966228,1113,7.01571242048723,1503,7.315883504509785,0.7405189620758483,9376,9.146015161419625,3.8552631578947367,0,0,0.0,0.0,0.0,0.0,3,3,1,3.5,1.1666666666666667,405.3333333333333,1.0,0,0,1,1,1,0,1,0,0,0,0,0,0,0,0,0,0,0,0,0,0,0,0,0,0,0,0,0.0,0.0,0.0,0.0,0.0,0.0,0.0,0.0,0.0,0.0,0.0,0.0,0.0,0.0,0.0,9.146015161419625
244423,460000.0,1453,7.2813856635702825,2.111209,2517,7.830822995135316,1064,6.970730078143525,1418,7.257707677160043,0.7503526093088858,10625,9.271059107010888,7.3124569855471435,0,57,4.060443010546419,3.249,0.0,0.0,3,3,0,3.0,1.0,242.16666666666666,1.0,0,1,1,1,1,0,0,0,0,0,0,0,1,0,0,0,0,0,0,0,0,0,0,0,0,0,0,0.0,0.0,0.0,7.2813856635702825,0.0,0.0,0.0,0.0,0.0,0.0,0.0,0.0,0.0,0.0,0.0,9.271059107010888
244522,329000.0,1406,7.2485040723706105,1.976836,1406,7.2485040723706105,0,0.0,0,0.0,0.0,5040,8.525359754082631,3.584637268847795,0,35,3.58351893845611,1.225,1.0,0.6931471805599453,3,2,0,2.0,0.6666666666666666,281.2,2.0,0,1,1,0,0,0,0,0,0,0,0,0,0,0,0,0,1,0,0,0,0,0,1,0,0,0,0,0.0,0.0,0.0,0.0,0.0,0.0,0.0,7.2485040723706105,0.0,0.0,0.0,0.0,0.0,0.0,0.0,8.525359754082631
245467,550000.0,1618,7.388946097618437,2.617924,2218,7.704361167910313,600,6.398594934535208,801,6.687108607866515,0.7490636704119851,3150,8.055475141757274,1.9468479604449938,0,16,2.833213344056216,0.256,16.0,2.833213344056216,3,3,1,3.5,1.1666666666666667,269.6666666666667,2.0,0,1,1,1,1,0,0,0,0,0,1,0,0,0,0,0,0,0,0,0,0,0,1,0,0,0,0,0.0,7.388946097618437,0.0,0.0,0.0,0.0,0.0,0.0,0.0,0.0,0.0,0.0,0.0,0.0,0.0,8.055475141757274
245694,340000.0,1646,7.406103381237015,2.709316,1646,7.406103381237015,0,0.0,0,0.0,0.0,5865,8.676928249537397,3.56318347509113,0,21,3.091042453358316,0.441,21.0,3.091042453358316,3,2,1,2.5,0.8333333333333334,329.2,2.0,0,0,1,0,0,0,0,0,0,0,0,0,0,0,0,0,0,0,0,0,0,0,1,0,0,0,0,0.0,0.0,0.0,0.0,0.0,0.0,0.0,0.0,0.0,0.0,0.0,0.0,0.0,0.0,0.0,8.676928249537397
245833,561000.0,3745,8.22817689595132,14.025025,3745,8.22817689595132,0,0.0,1312,7.180069874302796,0.0,8009,8.988446040062405,2.138584779706275,0,1,0.6931471805599453,0.001,1.0,0.6931471805599453,4,2,1,2.5,0.625,624.1666666666666,2.0,0,0,1,1,0,0,1,0,0,0,0,0,0,0,0,0,0,0,0,0,0,0,1,0,0,0,0,0.0,0.0,0.0,0.0,0.0,0.0,0.0,0.0,0.0,0.0,0.0,0.0,0.0,0.0,0.0,8.988446040062405
246009,575000.0,1793,7.491645473605133,3.214849,2490,7.820037989458753,697,6.548219102762372,788,6.670766320845874,0.8845177664974619,3328,8.110427237575024,1.856107083100948,0,5,1.791759469228055,0.025,0.0,0.0,3,3,1,3.5,1.1666666666666667,298.8333333333333,2.0,0,1,1,1,1,0,0,0,0,0,1,0,0,0,0,0,0,0,0,0,0,0,1,0,0,0,0,0.0,7.491645473605133,0.0,0.0,0.0,0.0,0.0,0.0,0.0,0.0,0.0,0.0,0.0,0.0,0.0,8.110427237575024
246335,340000.0,1109,7.011213987350367,1.229881,1109,7.011213987350367,0,0.0,0,0.0,0.0,3592,8.186742787113518,3.2389540126239855,0,83,4.430816798843313,6.889,14.0,2.70805020110221,2,1,0,1.0,0.5,369.6666666666667,1.0,0,1,1,0,0,0,0,1,0,0,0,0,0,0,0,0,0,0,1,0,0,0,0,1,0,0,0,0.0,0.0,0.0,0.0,0.0,0.0,0.0,0.0,0.0,7.011213987350367,0.0,0.0,0.0,0.0,0.0,8.186742787113518
246444,275000.0,1550,7.346010209913293,2.4025,1550,7.346010209913293,0,0.0,0,0.0,0.0,0,0.0,0.0,0,52,3.970291913552122,2.704,3.0,1.3862943611198906,2,2,0,2.0,1.0,387.5,1.0,1,1,0,0,0,0,0,0,0,0,0,0,0,0,0,0,0,0,0,0,0,1,0,0,1,0,0,0.0,0.0,0.0,0.0,0.0,0.0,0.0,0.0,0.0,0.0,0.0,0.0,7.346010209913293,7.346010209913293,3.970291913552122,0.0
247088,607000.0,1767,7.4770384723196965,3.122289,2499,7.823645930834952,732,6.597145701886651,802,6.688354713946762,0.912718204488778,3960,8.284251797621916,2.2410865874363326,0,3,1.3862943611198906,0.009,3.0,1.3862943611198906,3,3,1,3.5,1.1666666666666667,294.5,2.0,0,0,1,1,1,0,0,0,0,0,1,0,0,0,0,0,0,0,0,0,0,0,1,0,0,0,0,0.0,7.4770384723196965,0.0,0.0,0.0,0.0,0.0,0.0,0.0,0.0,0.0,0.0,0.0,0.0,0.0,8.284251797621916
247785,410000.0,1031,6.93828448401696,1.062961,1756,7.470793774195062,725,6.587550014824796,805,6.692083742506628,0.9006211180124224,6100,8.716207971151853,5.916585838991271,0,71,4.276666119016055,5.041,71.0,4.276666119016055,2,2,0,2.0,1.0,257.75,1.0,0,0,1,1,1,0,0,0,0,0,0,0,0,0,0,0,0,0,1,0,0,0,0,0,0,0,0,0.0,0.0,0.0,0.0,0.0,0.0,0.0,0.0,0.0,6.93828448401696,0.0,0.0,0.0,0.0,0.0,8.716207971151853
248390,145000.0,754,6.625392368007956,0.568516,754,6.625392368007956,0,0.0,0,0.0,0.0,0,0.0,0.0,0,45,3.828641396489095,2.025,0.0,0.0,1,1,0,1.0,1.0,377.0,1.0,1,1,0,0,0,0,0,0,0,0,0,0,1,0,0,0,0,0,0,0,0,0,0,0,1,0,0,0.0,0.0,0.0,6.625392368007956,0.0,0.0,0.0,0.0,0.0,0.0,0.0,0.0,0.0,6.625392368007956,3.828641396489095,0.0
248544,505000.0,1559,7.351799869057777,2.430481,1559,7.351799869057777,0,0.0,0,0.0,0.0,734,6.5998704992128365,0.4708146247594612,0,2,1.0986122886681098,0.004,2.0,1.0986122886681098,3,3,1,3.5,1.1666666666666667,259.8333333333333,3.0,0,0,1,0,0,0,0,0,0,0,0,0,0,0,0,0,0,0,0,1,0,0,0,1,0,0,0,0.0,0.0,0.0,0.0,0.0,0.0,0.0,0.0,0.0,0.0,7.351799869057777,0.0,0.0,0.0,0.0,6.5998704992128365
248867,475000.0,1352,7.20934025660291,1.827904,1352,7.20934025660291,0,0.0,0,0.0,0.0,0,0.0,0.0,0,17,2.8903717578961645,0.289,17.0,2.8903717578961645,2,2,0,2.0,1.0,338.0,1.0,1,1,0,0,0,0,0,0,0,0,0,1,0,0,0,0,0,0,0,0,0,0,0,1,0,0,0,0.0,0.0,7.20934025660291,0.0,0.0,0.0,0.0,0.0,0.0,0.0,0.0,0.0,0.0,7.20934025660291,2.8903717578961645,0.0
248911,1312500.0,2999,8.00603417874901,8.994001,3399,8.131236549696116,400,5.993961427306569,791,6.674561391814426,0.5056890012642224,6250,8.740496729931813,2.0840280093364454,0,7,2.0794415416798357,0.049,7.0,2.0794415416798357,3,3,1,3.5,1.1666666666666667,499.8333333333333,2.0,0,0,1,1,1,0,0,0,0,0,0,0,0,0,0,0,0,0,1,0,0,0,1,0,0,0,0,0.0,0.0,0.0,0.0,0.0,0.0,0.0,0.0,0.0,8.00603417874901,0.0,0.0,0.0,0.0,0.0,8.740496729931813
249192,465000.0,1639,7.40184157874383,2.686321,1639,7.40184157874383,0,0.0,759,6.633318433280377,0.0,2633,7.876258882303226,1.6064673581452105,0,0,0.0,0.0,0.0,0.0,3,2,1,2.5,0.8333333333333334,327.8,2.0,0,0,1,1,0,0,1,0,0,0,1,0,0,0,0,0,0,0,0,0,0,0,0,1,0,0,0,0.0,7.40184157874383,0.0,0.0,0.0,0.0,0.0,0.0,0.0,0.0,0.0,0.0,0.0,0.0,0.0,7.876258882303226
249803,1185000.0,1344,7.203405521083095,1.806336,1344,7.203405521083095,0,0.0,0,0.0,0.0,0,0.0,0.0,0,2,1.0986122886681098,0.004,2.0,1.0986122886681098,2,2,0,2.0,1.0,336.0,1.0,1,0,0,0,0,0,0,0,0,0,0,0,0,0,0,0,0,0,0,0,1,0,0,0,1,0,0,0.0,0.0,0.0,0.0,0.0,0.0,0.0,0.0,0.0,0.0,0.0,7.203405521083095,0.0,7.203405521083095,1.0986122886681098,0.0
251493,385950.0,1682,7.427738840532894,2.829124,1682,7.427738840532894,0,0.0,665,6.501289670540389,0.0,3422,8.138272638530186,2.0344827586206895,0,1,0.6931471805599453,0.001,1.0,0.6931471805599453,3,2,1,2.5,0.8333333333333334,336.4,2.0,0,0,1,1,0,0,1,0,0,0,0,0,0,0,0,0,0,0,0,0,0,0,1,0,0,0,0,0.0,0.0,0.0,0.0,0.0,0.0,0.0,0.0,0.0,0.0,0.0,0.0,0.0,0.0,0.0,8.138272638530186
252371,502000.0,1340,7.200424892944957,1.7956,1340,7.200424892944957,0,0.0,0,0.0,0.0,0,0.0,0.0,0,14,2.70805020110221,0.196,14.0,2.70805020110221,2,2,0,2.0,1.0,335.0,1.0,1,1,0,0,0,0,0,0,0,0,0,1,0,0,0,0,0,0,0,0,0,0,0,0,1,0,0,0.0,0.0,7.200424892944957,0.0,0.0,0.0,0.0,0.0,0.0,0.0,0.0,0.0,0.0,7.200424892944957,2.70805020110221,0.0
252739,992500.0,3000,8.006367567650246,9.0,4214,8.346167594364134,1214,7.102499355774649,1428,7.264730177929867,0.8501400560224089,7780,8.95944014361693,2.5933333333333333,0,15,2.772588722239781,0.225,15.0,2.772588722239781,4,3,1,3.5,0.875,428.57142857142856,2.0,0,1,1,1,1,0,0,0,0,0,1,0,0,0,0,0,0,0,0,0,0,0,1,0,0,0,0,0.0,8.006367567650246,0.0,0.0,0.0,0.0,0.0,0.0,0.0,0.0,0.0,0.0,0.0,0.0,0.0,8.95944014361693
253277,324025.0,1729,7.455298485683291,2.989441,1729,7.455298485683291,0,0.0,0,0.0,0.0,2160,7.6783263565068856,1.249277038750723,0,1,0.6931471805599453,0.001,1.0,0.6931471805599453,3,2,1,2.5,0.8333333333333334,345.8,2.0,0,0,1,0,0,0,1,0,0,0,0,0,0,0,0,0,0,0,0,0,0,0,0,0,1,0,0,0.0,0.0,0.0,0.0,0.0,0.0,0.0,0.0,0.0,0.0,0.0,0.0,0.0,0.0,0.0,7.6783263565068856
253930,973539.0,2528,7.8351837552667485,6.390784,2528,7.8351837552667485,0,0.0,1000,6.90875477931522,0.0,3600,8.188966863648876,1.4240506329113924,0,0,0.0,0.0,0.0,0.0,3,3,1,3.5,1.1666666666666667,421.3333333333333,2.0,0,0,1,1,0,0,1,0,0,0,1,0,0,0,0,0,0,0,0,0,0,0,1,0,0,0,0,0.0,7.8351837552667485,0.0,0.0,0.0,0.0,0.0,0.0,0.0,0.0,0.0,0.0,0.0,0.0,0.0,8.188966863648876
254294,192100.0,618,6.42648845745769,0.381924,618,6.42648845745769,0,0.0,0,0.0,0.0,0,0.0,0.0,0,36,3.6109179126442243,1.296,0.0,0.0,1,1,0,1.0,1.0,309.0,1.0,1,1,0,0,0,0,0,0,0,0,0,0,0,0,0,1,0,0,0,0,0,0,0,0,1,0,0,0.0,0.0,0.0,0.0,0.0,0.0,6.42648845745769,0.0,0.0,0.0,0.0,0.0,0.0,6.42648845745769,3.6109179126442243,0.0
254720,500000.0,2442,7.80057265467065,5.963364,3610,8.191463051326927,1168,7.063903961472068,1229,7.114769448366463,0.950366151342555,8160,9.007121989469242,3.3415233415233416,0,40,3.713572066704308,1.6,0.0,0.0,3,4,0,4.0,1.3333333333333333,348.85714285714283,2.0,0,1,1,1,1,0,0,0,0,0,0,0,1,0,0,0,0,0,0,0,0,0,1,0,0,0,0,0.0,0.0,0.0,7.80057265467065,0.0,0.0,0.0,0.0,0.0,0.0,0.0,0.0,0.0,0.0,0.0,9.007121989469242
255006,443000.0,2139,7.668093709082406,4.575321,2139,7.668093709082406,0,0.0,0,0.0,0.0,6665,8.804775258867686,3.1159420289855073,0,5,1.791759469228055,0.025,5.0,1.791759469228055,3,3,0,3.0,1.0,356.5,1.5,0,0,1,0,0,0,0,0,0,0,0,0,0,0,0,0,0,0,0,0,0,0,0,0,0,0,1,0.0,0.0,0.0,0.0,0.0,0.0,0.0,0.0,0.0,0.0,0.0,0.0,0.0,0.0,0.0,8.804775258867686
255092,510000.0,1156,7.052721049232323,1.336336,1156,7.052721049232323,0,0.0,0,0.0,0.0,1103,7.00669522683704,0.9541522491349481,0,4,1.6094379124341003,0.016,4.0,1.6094379124341003,1,1,1,1.5,1.5,578.0,3.0,0,0,1,0,0,0,0,0,0,0,0,0,0,0,1,0,0,0,0,0,0,0,0,1,0,0,0,0.0,0.0,0.0,0.0,0.0,7.052721049232323,0.0,0.0,0.0,0.0,0.0,0.0,0.0,0.0,0.0,7.00669522683704
255510,520000.0,1441,7.273092595999522,2.076481,1441,7.273092595999522,0,0.0,0,0.0,0.0,783,6.664409020350408,0.5433726578764747,0,3,1.3862943611198906,0.009,3.0,1.3862943611198906,2,2,2,3.0,1.5,360.25,3.0,0,0,1,0,0,0,0,0,0,0,0,0,0,0,0,0,0,0,0,1,0,0,0,0,1,0,0,0.0,0.0,0.0,0.0,0.0,0.0,0.0,0.0,0.0,0.0,7.273092595999522,0.0,0.0,0.0,0.0,6.664409020350408
255761,272000.0,865,6.762729506931879,0.748225,865,6.762729506931879,0,0.0,0,0.0,0.0,0,0.0,0.0,0,63,4.1588830833596715,3.969,12.0,2.5649493574615367,1,1,0,1.0,1.0,432.5,1.0,1,1,0,0,0,0,0,0,0,0,0,0,0,0,0,0,0,1,0,0,0,0,0,1,0,0,0,0.0,0.0,0.0,0.0,0.0,0.0,0.0,0.0,6.762729506931879,0.0,0.0,0.0,0.0,6.762729506931879,4.1588830833596715,0.0
255984,483500.0,1314,7.1808311990445555,1.726596,1314,7.1808311990445555,0,0.0,300,5.707110264748875,0.0,1020,6.928537818164665,0.776255707762557,0,110,4.709530201312334,12.1,1.0,0.6931471805599453,2,2,0,2.0,1.0,328.5,2.0,0,1,1,1,0,0,0,1,0,0,0,1,0,0,0,0,0,0,0,0,0,0,0,0,1,0,0,0.0,0.0,7.1808311990445555,0.0,0.0,0.0,0.0,0.0,0.0,0.0,0.0,0.0,0.0,0.0,0.0,6.928537818164665
256103,199000.0,728,6.590301048196686,0.529984,728,6.590301048196686,0,0.0,0,0.0,0.0,0,0.0,0.0,0,41,3.7376696182833684,1.681,0.0,0.0,1,1,0,1.0,1.0,364.0,1.0,1,1,0,0,0,0,0,0,0,0,0,0,1,0,0,0,0,0,0,0,0,0,0,0,1,0,0,0.0,0.0,0.0,6.590301048196686,0.0,0.0,0.0,0.0,0.0,0.0,0.0,0.0,0.0,6.590301048196686,3.7376696182833684,0.0
256634,455000.0,2953,7.990576881743923,8.720209,3562,8.178077463849608,609,6.413458957167357,651,6.480044561926653,0.9354838709677419,5000,8.517393171418904,1.6931933626820184,0,5,1.791759469228055,0.025,5.0,1.791759469228055,5,3,1,3.5,0.7,369.125,2.5,0,0,1,1,1,0,0,0,0,0,0,0,0,0,0,0,0,0,0,0,0,0,0,0,0,0,1,0.0,0.0,0.0,0.0,0.0,0.0,0.0,0.0,0.0,0.0,0.0,0.0,0.0,0.0,0.0,8.517393171418904
256868,447000.0,931,6.836259277277067,0.866761,931,6.836259277277067,0,0.0,0,0.0,0.0,0,0.0,0.0,0,110,4.709530201312334,12.1,4.0,1.6094379124341003,1,2,0,2.0,2.0,310.3333333333333,2.0,1,1,0,0,0,0,0,1,0,0,0,1,0,0,0,0,0,0,0,0,0,0,0,1,0,0,0,0.0,0.0,6.836259277277067,0.0,0.0,0.0,0.0,0.0,0.0,0.0,0.0,0.0,0.0,6.836259277277067,4.709530201312334,0.0
257358,705000.0,1195,7.085901464365611,1.428025,1597,7.3758821482150125,402,5.998936561946683,502,6.220590170099739,0.8007968127490039,6250,8.740496729931813,5.2301255230125525,0,92,4.532599493153256,8.464,12.0,2.5649493574615367,2,2,0,2.0,1.0,298.75,1.0,0,1,1,1,1,0,0,1,0,1,0,0,0,0,0,0,0,0,0,0,0,0,0,0,0,0,0,7.085901464365611,0.0,0.0,0.0,0.0,0.0,0.0,0.0,0.0,0.0,0.0,0.0,0.0,0.0,0.0,8.740496729931813
257496,465000.0,1615,7.387090235656757,2.608225,1615,7.387090235656757,0,0.0,563,6.335054251498059,0.0,9480,9.15704507491796,5.869969040247678,500,57,4.060443010546419,3.249,0.0,0.0,4,2,1,2.5,0.625,269.1666666666667,1.0,0,1,1,1,0,1,0,0,0,0,0,0,1,0,0,0,0,0,0,0,0,0,0,0,0,1,0,0.0,0.0,0.0,7.387090235656757,0.0,0.0,0.0,0.0,0.0,0.0,0.0,0.0,0.0,0.0,0.0,9.15704507491796
259090,170000.0,800,6.684611727667927,0.64,800,6.684611727667927,0,0.0,0,0.0,0.0,0,0.0,0.0,0,46,3.8501476017100584,2.116,46.0,3.8501476017100584,1,1,0,1.0,1.0,400.0,1.0,1,0,0,0,0,0,0,0,0,0,0,0,1,0,0,0,0,0,0,0,0,0,0,0,1,0,0,0.0,0.0,0.0,6.684611727667927,0.0,0.0,0.0,0.0,0.0,0.0,0.0,0.0,0.0,6.684611727667927,3.8501476017100584,0.0
259279,258000.0,755,6.626717749249025,0.570025,755,6.626717749249025,0,0.0,0,0.0,0.0,0,0.0,0.0,0,60,4.110873864173311,3.6,3.0,1.3862943611198906,2,1,0,1.0,0.5,251.66666666666666,1.0,1,1,0,0,0,0,0,0,0,0,0,0,0,0,0,0,0,1,0,0,0,0,0,0,1,0,0,0.0,0.0,0.0,0.0,0.0,0.0,0.0,0.0,6.626717749249025,0.0,0.0,0.0,0.0,6.626717749249025,4.110873864173311,0.0
259322,285000.0,827,6.717804695023691,0.683929,827,6.717804695023691,0,0.0,0,0.0,0.0,0,0.0,0.0,0,13,2.6390573296152584,0.169,13.0,2.6390573296152584,1,1,0,1.0,1.0,413.5,1.0,1,0,0,0,0,0,0,0,0,0,1,0,0,0,0,0,0,0,0,0,0,0,0,0,1,0,0,0.0,6.717804695023691,0.0,0.0,0.0,0.0,0.0,0.0,0.0,0.0,0.0,0.0,0.0,6.717804695023691,2.6390573296152584,0.0
259407,599000.0,1444,7.275172319452771,2.085136,1444,7.275172319452771,0,0.0,0,0.0,0.0,1235,7.119635638017636,0.8552631578947368,0,3,1.3862943611198906,0.009,3.0,1.3862943611198906,3,2,1,2.5,0.8333333333333334,288.8,3.0,0,0,1,0,0,0,0,0,0,0,0,0,0,0,0,0,0,0,0,1,0,0,0,0,1,0,0,0.0,0.0,0.0,0.0,0.0,0.0,0.0,0.0,0.0,0.0,7.275172319452771,0.0,0.0,0.0,0.0,7.119635638017636
259722,351500.0,1320,7.1853870155804165,1.7424,1320,7.1853870155804165,0,0.0,638,6.459904454377535,0.0,1584,7.368339686311381,1.2,0,38,3.6635616461296463,1.444,38.0,3.6635616461296463,3,1,1,1.5,0.5,330.0,2.0,0,0,1,1,0,0,0,0,0,0,0,0,1,0,0,0,0,0,0,0,0,0,0,0,1,0,0,0.0,0.0,0.0,7.1853870155804165,0.0,0.0,0.0,0.0,0.0,0.0,0.0,0.0,0.0,0.0,0.0,7.368339686311381
259723,160000.0,855,6.75110146893676,0.731025,855,6.75110146893676,0,0.0,0,0.0,0.0,0,0.0,0.0,0,49,3.912023005428146,2.401,49.0,3.912023005428146,1,1,0,1.0,1.0,427.5,1.0,1,0,0,0,0,0,0,0,0,0,0,0,0,0,0,0,0,0,0,0,0,1,0,0,1,0,0,0.0,0.0,0.0,0.0,0.0,0.0,0.0,0.0,0.0,0.0,0.0,0.0,6.75110146893676,6.75110146893676,3.912023005428146,0.0
259868,475000.0,2231,7.7102051944325325,4.977361,3111,8.042699496897637,880,6.78105762593618,978,6.88653164253051,0.8997955010224948,7000,8.853808274977197,3.137606454504706,0,50,3.9318256327243257,2.5,0.0,0.0,4,3,1,3.5,0.875,318.7142857142857,2.0,0,1,1,1,1,0,0,0,0,0,0,0,0,1,0,0,0,0,0,0,0,0,1,0,0,0,0,0.0,0.0,0.0,0.0,7.7102051944325325,0.0,0.0,0.0,0.0,0.0,0.0,0.0,0.0,0.0,0.0,8.853808274977197
260394,522956.0,1764,7.475339236566737,3.111696,2477,7.814803429489359,713,6.570882962339584,842,6.736966958001855,0.8467933491686461,2662,7.887208585813932,1.5090702947845804,0,0,0.0,0.0,0.0,0.0,3,3,1,3.5,1.1666666666666667,294.0,2.0,0,0,1,1,1,0,1,0,0,0,1,0,0,0,0,0,0,0,0,0,0,0,0,1,0,0,0,0.0,7.475339236566737,0.0,0.0,0.0,0.0,0.0,0.0,0.0,0.0,0.0,0.0,0.0,0.0,0.0,7.887208585813932
261840,307000.0,556,6.320768294250582,0.309136,556,6.320768294250582,0,0.0,0,0.0,0.0,1584,7.368339686311381,2.8489208633093526,0,66,4.204692619390966,4.356,12.0,2.5649493574615367,1,1,0,1.0,1.0,278.0,1.0,0,1,1,0,0,0,0,0,0,0,0,0,0,0,1,0,0,0,0,0,0,0,0,1,0,0,0,0.0,0.0,0.0,0.0,0.0,6.320768294250582,0.0,0.0,0.0,0.0,0.0,0.0,0.0,0.0,0.0,7.368339686311381
262867,297000.0,1194,7.085064293952548,1.425636,1194,7.085064293952548,0,0.0,0,0.0,0.0,0,0.0,0.0,0,45,3.828641396489095,2.025,0.0,0.0,2,2,0,2.0,1.0,298.5,1.0,1,1,0,0,0,0,0,0,0,0,0,0,0,0,0,0,0,0,0,0,0,1,0,0,1,0,0,0.0,0.0,0.0,0.0,0.0,0.0,0.0,0.0,0.0,0.0,0.0,0.0,7.085064293952548,7.085064293952548,3.828641396489095,0.0
264023,1109499.0,3249,8.0861025356691,10.556001,4481,8.407601514786142,1232,7.117205503164344,1552,7.347943823148687,0.7938144329896907,7272,8.89192414015454,2.2382271468144044,0,1,0.6931471805599453,0.001,1.0,0.6931471805599453,3,3,1,3.5,1.1666666666666667,541.5,2.0,0,0,1,1,1,0,1,0,0,0,1,0,0,0,0,0,0,0,0,0,0,0,1,0,0,0,0,0.0,8.0861025356691,0.0,0.0,0.0,0.0,0.0,0.0,0.0,0.0,0.0,0.0,0.0,0.0,0.0,8.89192414015454
264070,640000.0,2171,7.682943169878292,4.713241,2171,7.682943169878292,0,0.0,0,0.0,0.0,1760,7.473637108496206,0.8106863196683556,0,0,0.0,0.0,0.0,0.0,3,2,1,2.5,0.8333333333333334,434.2,3.0,0,0,1,0,0,0,1,0,0,0,1,0,0,0,0,0,0,0,0,0,0,0,0,0,1,0,0,0.0,7.682943169878292,0.0,0.0,0.0,0.0,0.0,0.0,0.0,0.0,0.0,0.0,0.0,0.0,0.0,7.473637108496206
264815,682000.0,1480,7.299797366758161,2.1904,2213,7.70210434005105,733,6.598509028614515,733,6.598509028614515,1.0,0,0.0,0.0,0,130,4.875197323201151,16.9,7.0,2.0794415416798357,2,2,1,2.5,1.25,370.0,2.0,1,1,0,1,1,0,0,1,0,0,0,1,0,0,0,0,0,0,0,0,0,0,0,1,0,0,0,0.0,0.0,7.299797366758161,0.0,0.0,0.0,0.0,0.0,0.0,0.0,0.0,0.0,0.0,7.299797366758161,4.875197323201151,0.0
265211,360000.0,1731,7.456454555176209,2.996361,1731,7.456454555176209,0,0.0,0,0.0,0.0,3466,8.151044945685024,2.0023108030040437,0,15,2.772588722239781,0.225,15.0,2.772588722239781,4,2,1,2.5,0.625,288.5,2.0,0,0,1,0,0,0,0,0,0,0,0,0,0,0,0,0,0,0,0,0,0,0,1,0,0,0,0,0.0,0.0,0.0,0.0,0.0,0.0,0.0,0.0,0.0,0.0,0.0,0.0,0.0,0.0,0.0,8.151044945685024
265747,718506.0,2349,7.761744984658913,5.517801,3309,8.104401307921613,960,6.8679744089702925,1253,7.134093721192866,0.7661612130885874,4171,8.336150816120663,1.7756492124308216,0,1,0.6931471805599453,0.001,1.0,0.6931471805599453,3,4,0,4.0,1.3333333333333333,335.57142857142856,2.0,0,0,1,1,1,0,1,0,0,0,1,0,0,0,0,0,0,0,0,0,0,0,1,0,0,0,0,0.0,7.761744984658913,0.0,0.0,0.0,0.0,0.0,0.0,0.0,0.0,0.0,0.0,0.0,0.0,0.0,8.336150816120663
265861,165000.0,1200,7.090076835776092,1.44,1200,7.090076835776092,0,0.0,0,0.0,0.0,0,0.0,0.0,0,49,3.912023005428146,2.401,0.0,0.0,2,2,0,2.0,1.0,300.0,1.0,1,1,0,0,0,0,0,0,0,0,0,0,0,0,0,0,0,0,0,0,0,1,0,0,1,0,0,0.0,0.0,0.0,0.0,0.0,0.0,0.0,0.0,0.0,0.0,0.0,0.0,7.090076835776092,7.090076835776092,3.912023005428146,0.0
266012,355905.0,2255,7.720905251936779,5.085025,2255,7.720905251936779,0,0.0,0,0.0,0.0,4500,8.412054873292933,1.9955654101995566,0,1,0.6931471805599453,0.001,1.0,0.6931471805599453,3,2,1,2.5,0.8333333333333334,451.0,2.0,0,0,1,0,0,0,1,0,0,0,0,0,0,0,0,0,0,0,0,0,0,0,1,0,0,0,0,0.0,0.0,0.0,0.0,0.0,0.0,0.0,0.0,0.0,0.0,0.0,0.0,0.0,0.0,0.0,8.412054873292933
266018,335000.0,1190,7.081708586105575,1.4161,1190,7.081708586105575,0,0.0,0,0.0,0.0,3131,8.049427057110695,2.63109243697479,0,137,4.927253685157205,18.769,0.0,0.0,3,2,0,2.0,0.6666666666666666,238.0,1.0,0,1,1,0,0,0,0,1,0,0,0,1,0,0,0,0,0,0,0,0,0,0,0,0,0,0,0,0.0,0.0,7.081708586105575,0.0,0.0,0.0,0.0,0.0,0.0,0.0,0.0,0.0,0.0,0.0,0.0,8.049427057110695
267220,413000.0,890,6.7912214627261855,0.7921,890,6.7912214627261855,0,0.0,0,0.0,0.0,0,0.0,0.0,0,34,3.5553480614894135,1.156,4.0,1.6094379124341003,2,2,0,2.0,1.0,222.5,1.0,1,1,0,0,0,0,0,0,0,1,0,0,0,0,0,0,0,0,0,0,0,0,0,1,0,0,0,6.7912214627261855,0.0,0.0,0.0,0.0,0.0,0.0,0.0,0.0,0.0,0.0,0.0,0.0,6.7912214627261855,3.5553480614894135,0.0
267503,1293768.0,3080,8.03268487596762,9.4864,3080,8.03268487596762,0,0.0,1442,7.274479558773871,0.0,4927,8.502688505213357,1.5996753246753246,0,0,0.0,0.0,0.0,0.0,5,4,0,4.0,0.8,342.22222222222223,2.0,0,0,1,1,0,0,1,0,0,0,1,0,0,0,0,0,0,0,0,0,0,0,1,0,0,0,0,0.0,8.03268487596762,0.0,0.0,0.0,0.0,0.0,0.0,0.0,0.0,0.0,0.0,0.0,0.0,0.0,8.502688505213357
267811,415000.0,1202,7.091742115095153,1.444804,1202,7.091742115095153,0,0.0,0,0.0,0.0,708,6.5638555265321274,0.589018302828619,0,21,3.091042453358316,0.441,21.0,3.091042453358316,2,2,1,2.5,1.25,300.5,2.0,0,0,1,0,0,0,0,0,0,1,0,0,0,0,0,0,0,0,0,0,0,0,0,0,1,0,0,7.091742115095153,0.0,0.0,0.0,0.0,0.0,0.0,0.0,0.0,0.0,0.0,0.0,0.0,0.0,0.0,6.5638555265321274
268601,405000.0,1424,7.261225091971921,2.027776,2050,7.6255950721324535,626,6.440946540632921,696,6.546785410760524,0.8994252873563219,6390,8.762646029650282,4.487359550561798,399,35,3.58351893845611,1.225,0.0,0.0,3,3,1,3.5,1.1666666666666667,237.33333333333334,1.0,0,1,1,1,1,1,0,0,0,0,0,0,0,0,0,0,0,0,0,0,0,0,0,0,0,1,0,0.0,0.0,0.0,0.0,0.0,0.0,0.0,0.0,0.0,0.0,0.0,0.0,0.0,0.0,0.0,8.762646029650282
268646,238000.0,1318,7.183870715062453,1.737124,1318,7.183870715062453,0,0.0,0,0.0,0.0,0,0.0,0.0,0,45,3.828641396489095,2.025,45.0,3.828641396489095,2,2,0,2.0,1.0,329.5,1.0,1,0,0,0,0,0,0,0,0,0,0,0,0,1,0,0,0,0,0,0,0,0,0,0,1,0,0,0.0,0.0,0.0,0.0,7.183870715062453,0.0,0.0,0.0,0.0,0.0,0.0,0.0,0.0,7.183870715062453,3.828641396489095,0.0
269660,1150000.0,1402,7.2456550675945355,1.965604,1402,7.2456550675945355,0,0.0,0,0.0,0.0,0,0.0,0.0,0,2,1.0986122886681098,0.004,2.0,1.0986122886681098,2,2,0,2.0,1.0,350.5,1.0,1,0,0,0,0,0,0,0,0,0,0,0,0,0,0,0,0,0,0,0,1,0,0,0,1,0,0,0.0,0.0,0.0,0.0,0.0,0.0,0.0,0.0,0.0,0.0,0.0,7.2456550675945355,0.0,7.2456550675945355,1.0986122886681098,0.0
269926,257500.0,908,6.811244378601294,0.824464,908,6.811244378601294,0,0.0,0,0.0,0.0,453,6.118097198041348,0.4988986784140969,0,73,4.30406509320417,5.329,18.0,2.9444389791664403,2,1,0,1.0,0.5,302.6666666666667,2.0,0,1,1,0,0,0,0,0,0,0,0,0,0,0,0,0,0,0,1,0,0,0,0,0,1,0,0,0.0,0.0,0.0,0.0,0.0,0.0,0.0,0.0,0.0,6.811244378601294,0.0,0.0,0.0,0.0,0.0,6.118097198041348
270278,420000.0,1007,6.914730892718563,1.014049,1007,6.914730892718563,0,0.0,0,0.0,0.0,6200,8.732465848349879,6.156901688182721,0,72,4.290459441148391,5.184,0.0,0.0,3,2,0,2.0,0.6666666666666666,201.4,1.0,0,1,1,0,0,0,0,0,0,0,0,0,0,0,0,0,0,0,1,0,0,0,0,0,0,0,0,0.0,0.0,0.0,0.0,0.0,0.0,0.0,0.0,0.0,6.914730892718563,0.0,0.0,0.0,0.0,0.0,8.732465848349879
270883,182000.0,900,6.802394763324311,0.81,900,6.802394763324311,0,0.0,0,0.0,0.0,470,6.154858094016418,0.5222222222222223,0,46,3.8501476017100584,2.116,46.0,3.8501476017100584,2,1,1,1.5,0.75,300.0,2.0,0,0,1,0,0,0,0,0,0,0,0,0,0,1,0,0,0,0,0,0,0,0,0,0,1,0,0,0.0,0.0,0.0,0.0,6.802394763324311,0.0,0.0,0.0,0.0,0.0,0.0,0.0,0.0,0.0,0.0,6.154858094016418
271193,450000.0,2594,7.860956364876389,6.728836,2594,7.860956364876389,0,0.0,0,0.0,0.0,0,0.0,0.0,0,40,3.713572066704308,1.6,3.0,1.3862943611198906,3,3,0,3.0,1.0,432.3333333333333,2.0,1,1,0,0,0,0,0,0,0,0,0,0,1,0,0,0,0,0,0,0,0,0,0,0,1,0,0,0.0,0.0,0.0,7.860956364876389,0.0,0.0,0.0,0.0,0.0,0.0,0.0,0.0,0.0,7.860956364876389,3.713572066704308,0.0
271224,240250.0,2042,7.621684998724611,4.169764,2042,7.621684998724611,0,0.0,0,0.0,0.0,4175,8.337109129562474,2.044564152791381,0,14,2.70805020110221,0.196,14.0,2.70805020110221,3,2,1,2.5,0.8333333333333334,408.4,2.0,0,0,1,0,0,0,0,0,0,0,0,0,0,0,0,0,0,0,0,0,0,0,1,0,0,0,0,0.0,0.0,0.0,0.0,0.0,0.0,0.0,0.0,0.0,0.0,0.0,0.0,0.0,0.0,0.0,8.337109129562474
271257,250000.0,1100,7.003065458786462,1.21,1100,7.003065458786462,0,0.0,0,0.0,0.0,0,0.0,0.0,0,41,3.7376696182833684,1.681,41.0,3.7376696182833684,2,2,0,2.0,1.0,275.0,1.0,1,0,0,0,0,0,0,0,0,0,0,0,1,0,0,0,0,0,0,0,0,0,0,1,0,0,0,0.0,0.0,0.0,7.003065458786462,0.0,0.0,0.0,0.0,0.0,0.0,0.0,0.0,0.0,7.003065458786462,3.7376696182833684,0.0
271422,313500.0,1534,7.335633981927201,2.353156,1534,7.335633981927201,0,0.0,600,6.398594934535208,0.0,1753,7.469654172932128,1.1427640156453716,0,1,0.6931471805599453,0.001,1.0,0.6931471805599453,3,2,1,2.5,0.8333333333333334,306.8,2.0,0,0,1,1,0,0,1,0,0,0,0,0,0,0,0,0,0,0,0,0,0,0,0,1,0,0,0,0.0,0.0,0.0,0.0,0.0,0.0,0.0,0.0,0.0,0.0,0.0,0.0,0.0,0.0,0.0,7.469654172932128
271648,259900.0,1050,6.956545443151569,1.1025,1050,6.956545443151569,0,0.0,0,0.0,0.0,0,0.0,0.0,0,18,2.9444389791664403,0.324,18.0,2.9444389791664403,2,2,0,2.0,1.0,262.5,1.0,1,0,0,0,0,0,0,0,0,0,0,0,0,0,0,1,0,0,0,0,0,0,0,1,0,0,0,0.0,0.0,0.0,0.0,0.0,0.0,6.956545443151569,0.0,0.0,0.0,0.0,0.0,0.0,6.956545443151569,2.9444389791664403,0.0
272593,224446.0,1232,7.116394144093465,1.517824,1232,7.116394144093465,0,0.0,0,0.0,0.0,1918,7.5595594960077,1.5568181818181819,0,1,0.6931471805599453,0.001,1.0,0.6931471805599453,2,1,1,1.5,0.75,410.6666666666667,2.0,0,0,1,0,0,0,1,0,0,0,1,0,0,0,0,0,0,0,0,0,0,0,0,1,0,0,0,0.0,7.116394144093465,0.0,0.0,0.0,0.0,0.0,0.0,0.0,0.0,0.0,0.0,0.0,0.0,0.0,7.5595594960077
272758,232167.0,1232,7.116394144093465,1.517824,1232,7.116394144093465,0,0.0,0,0.0,0.0,1381,7.231287004327616,1.1209415584415585,0,1,0.6931471805599453,0.001,1.0,0.6931471805599453,2,1,1,1.5,0.75,410.6666666666667,2.0,0,0,1,0,0,0,1,0,0,0,1,0,0,0,0,0,0,0,0,0,0,0,0,0,1,0,0,0.0,7.116394144093465,0.0,0.0,0.0,0.0,0.0,0.0,0.0,0.0,0.0,0.0,0.0,0.0,0.0,7.231287004327616
272772,267000.0,1173,7.067319848653476,1.375929,1173,7.067319848653476,0,0.0,0,0.0,0.0,0,0.0,0.0,0,41,3.7376696182833684,1.681,1.0,0.6931471805599453,2,2,0,2.0,1.0,293.25,1.0,1,1,0,0,0,0,0,0,0,0,0,0,1,0,0,0,0,0,0,0,0,0,0,0,1,0,0,0.0,0.0,0.0,7.067319848653476,0.0,0.0,0.0,0.0,0.0,0.0,0.0,0.0,0.0,7.067319848653476,3.7376696182833684,0.0
273029,520000.0,700,6.551080335043404,0.49,1330,7.1929342212158,630,6.447305862541213,700,6.55250788703459,0.9,6250,8.740496729931813,8.928571428571429,0,91,4.5217885770490405,8.281,4.0,1.6094379124341003,1,2,0,2.0,2.0,233.33333333333334,1.0,0,1,1,1,1,0,0,1,0,0,0,0,0,0,0,0,0,1,0,0,0,0,0,0,0,0,0,0.0,0.0,0.0,0.0,0.0,0.0,0.0,0.0,6.551080335043404,0.0,0.0,0.0,0.0,0.0,0.0,8.740496729931813
273127,662000.0,2224,7.707062655370473,4.946176,2952,7.990238185720363,728,6.591673732008658,971,6.879355804460439,0.7497425334706488,7870,8.97094039814245,3.5386690647482015,0,46,3.8501476017100584,2.116,4.0,1.6094379124341003,4,2,1,2.5,0.625,370.6666666666667,2.0,0,1,1,1,1,0,0,0,0,0,0,0,0,1,0,0,0,0,0,0,0,0,1,0,0,0,0,0.0,0.0,0.0,0.0,7.707062655370473,0.0,0.0,0.0,0.0,0.0,0.0,0.0,0.0,0.0,0.0,8.97094039814245
273305,455000.0,1115,7.016609683894219,1.243225,1115,7.016609683894219,0,0.0,0,0.0,0.0,0,0.0,0.0,0,17,2.8903717578961645,0.289,17.0,2.8903717578961645,2,2,0,2.0,1.0,278.75,1.0,1,1,0,0,0,0,0,0,0,0,0,1,0,0,0,0,0,0,0,0,0,0,0,1,0,0,0,0.0,0.0,7.016609683894219,0.0,0.0,0.0,0.0,0.0,0.0,0.0,0.0,0.0,0.0,7.016609683894219,2.8903717578961645,0.0
273332,255500.0,940,6.84587987526405,0.8836,940,6.84587987526405,0,0.0,0,0.0,0.0,0,0.0,0.0,0,57,4.060443010546419,3.249,57.0,4.060443010546419,2,1,1,1.5,0.75,313.3333333333333,1.0,1,0,0,0,0,0,0,0,0,0,0,0,0,0,0,0,0,1,0,0,0,0,0,1,0,0,0,0.0,0.0,0.0,0.0,0.0,0.0,0.0,0.0,6.84587987526405,0.0,0.0,0.0,0.0,6.84587987526405,4.060443010546419,0.0
273709,355000.0,1257,7.136483208590247,1.580049,1817,7.504942068396171,560,6.329720905522696,589,6.380122536899765,0.9507640067911715,8175,9.008958312443486,6.5035799522673035,0,36,3.6109179126442243,1.296,36.0,3.6109179126442243,3,2,1,2.5,0.8333333333333334,251.4,1.0,0,0,1,1,1,0,0,0,0,0,0,0,0,0,0,1,0,0,0,0,0,0,0,0,0,0,0,0.0,0.0,0.0,0.0,0.0,0.0,7.136483208590247,0.0,0.0,0.0,0.0,0.0,0.0,0.0,0.0,9.008958312443486
273863,715000.0,1584,7.367708572374371,2.509056,2276,7.730174795246222,692,6.541029999189903,792,6.675823221634848,0.8737373737373737,4687,8.452761331256848,2.9589646464646466,0,113,4.736198448394496,12.769,12.0,2.5649493574615367,3,3,0,3.0,1.0,264.0,2.0,0,1,1,1,1,0,0,1,0,1,0,0,0,0,0,0,0,0,0,0,0,0,1,0,0,0,0,7.367708572374371,0.0,0.0,0.0,0.0,0.0,0.0,0.0,0.0,0.0,0.0,0.0,0.0,0.0,0.0,8.452761331256848
274139,679900.0,2128,7.662937850461535,4.528384,3089,8.035602692918582,961,6.8690144506657065,1099,7.003065458786462,0.8744313011828936,4050,8.30671904320269,1.9031954887218046,0,0,0.0,0.0,0.0,0.0,3,3,1,3.5,1.1666666666666667,354.6666666666667,2.0,0,0,1,1,1,0,1,0,0,0,1,0,0,0,0,0,0,0,0,0,0,0,1,0,0,0,0,0.0,7.662937850461535,0.0,0.0,0.0,0.0,0.0,0.0,0.0,0.0,0.0,0.0,0.0,0.0,0.0,8.30671904320269
274203,795000.0,1159,7.055312843339752,1.343281,1159,7.055312843339752,0,0.0,0,0.0,0.0,0,0.0,0.0,0,2,1.0986122886681098,0.004,2.0,1.0986122886681098,2,2,0,2.0,1.0,289.75,1.0,1,0,0,0,0,0,0,0,0,0,0,0,0,0,0,0,0,0,0,0,1,0,0,1,0,0,0,0.0,0.0,0.0,0.0,0.0,0.0,0.0,0.0,0.0,0.0,0.0,7.055312843339752,0.0,7.055312843339752,1.0986122886681098,0.0
275368,405000.0,1560,7.352441100243583,2.4336,1560,7.352441100243583,0,0.0,0,0.0,0.0,1217,7.1049654482698426,0.7801282051282051,0,21,3.091042453358316,0.441,21.0,3.091042453358316,2,2,1,2.5,1.25,390.0,2.0,0,0,1,0,0,0,0,0,0,0,0,0,0,0,0,0,0,0,0,0,0,1,0,0,1,0,0,0.0,0.0,0.0,0.0,0.0,0.0,0.0,0.0,0.0,0.0,0.0,0.0,7.352441100243583,0.0,0.0,7.1049654482698426
276479,335000.0,907,6.810142450115136,0.822649,1223,7.109062135687172,316,5.75890177387728,416,6.0330862217988015,0.7596153846153846,6100,8.716207971151853,6.725468577728776,468,34,3.5553480614894135,1.156,34.0,3.5553480614894135,3,2,0,2.0,0.6666666666666666,181.4,1.0,0,0,1,1,1,1,0,0,0,0,0,0,0,0,0,0,0,0,0,0,0,0,0,0,0,1,0,0.0,0.0,0.0,0.0,0.0,0.0,0.0,0.0,0.0,0.0,0.0,0.0,0.0,0.0,0.0,8.716207971151853
276586,313738.0,1534,7.335633981927201,2.353156,1534,7.335633981927201,0,0.0,600,6.398594934535208,0.0,1724,7.45298232946546,1.1238591916558018,0,1,0.6931471805599453,0.001,1.0,0.6931471805599453,3,2,1,2.5,0.8333333333333334,306.8,2.0,0,0,1,1,0,0,1,0,0,0,0,0,0,0,0,0,0,0,0,0,0,0,0,1,0,0,0,0.0,0.0,0.0,0.0,0.0,0.0,0.0,0.0,0.0,0.0,0.0,0.0,0.0,0.0,0.0,7.45298232946546
276629,332000.0,1248,7.129297548929373,1.557504,1248,7.129297548929373,0,0.0,0,0.0,0.0,8279,9.021598247379305,6.633814102564102,0,18,2.9444389791664403,0.324,18.0,2.9444389791664403,3,1,1,1.5,0.5,312.0,2.0,0,0,1,0,0,0,0,0,0,0,0,0,0,0,0,0,0,0,0,0,0,0,1,0,0,0,0,0.0,0.0,0.0,0.0,0.0,0.0,0.0,0.0,0.0,0.0,0.0,0.0,0.0,0.0,0.0,9.021598247379305
276790,445000.0,2699,7.900636613018005,7.284601,2699,7.900636613018005,0,0.0,918,6.823286122355687,0.0,6500,8.77971129020447,2.4082993701370876,0,3,1.3862943611198906,0.009,3.0,1.3862943611198906,4,2,1,2.5,0.625,449.8333333333333,2.0,0,0,1,1,0,0,0,0,0,0,0,0,0,0,0,0,0,0,0,0,0,0,1,0,0,0,0,0.0,0.0,0.0,0.0,0.0,0.0,0.0,0.0,0.0,0.0,0.0,0.0,0.0,0.0,0.0,8.77971129020447
278467,315000.0,1243,7.1252830915107115,1.545049,1243,7.1252830915107115,0,0.0,0,0.0,0.0,2800,7.937731775260109,2.252614641995173,0,14,2.70805020110221,0.196,14.0,2.70805020110221,3,2,0,2.0,0.6666666666666666,248.6,2.0,0,0,1,0,0,0,0,0,0,0,0,0,0,0,0,0,0,0,0,0,0,0,1,0,0,0,0,0.0,0.0,0.0,0.0,0.0,0.0,0.0,0.0,0.0,0.0,0.0,0.0,0.0,0.0,0.0,7.937731775260109
279833,313225.0,1538,7.338238150065589,2.365444,1538,7.338238150065589,0,0.0,0,0.0,0.0,1400,7.244941546337007,0.9102730819245773,0,1,0.6931471805599453,0.001,1.0,0.6931471805599453,3,2,1,2.5,0.8333333333333334,307.6,2.0,0,0,1,0,0,0,1,0,0,0,0,0,0,0,0,0,0,0,0,0,0,0,0,0,1,0,0,0.0,0.0,0.0,0.0,0.0,0.0,0.0,0.0,0.0,0.0,0.0,0.0,0.0,0.0,0.0,7.244941546337007
280091,563474.0,1832,7.513163545234075,3.356224,2512,7.828834527588089,680,6.523562306149512,808,6.695798917058491,0.8415841584158416,3239,8.083328608786376,1.7680131004366813,0,0,0.0,0.0,0.0,0.0,3,3,1,3.5,1.1666666666666667,305.3333333333333,2.0,0,0,1,1,1,0,1,0,0,0,1,0,0,0,0,0,0,0,0,0,0,0,1,0,0,0,0,0.0,7.513163545234075,0.0,0.0,0.0,0.0,0.0,0.0,0.0,0.0,0.0,0.0,0.0,0.0,0.0,8.083328608786376
281046,1050000.0,2887,7.967973179662935,8.334769,4184,8.339023005744759,1297,7.168579897264035,1297,7.168579897264035,1.0,4600,8.434028950155469,1.5933494977485279,0,133,4.897839799950911,17.689,4.0,1.6094379124341003,3,4,1,4.5,1.5,412.42857142857144,2.0,0,1,1,1,1,0,0,1,0,0,0,0,0,0,1,0,0,0,0,0,0,0,1,0,0,0,0,0.0,0.0,0.0,0.0,0.0,7.967973179662935,0.0,0.0,0.0,0.0,0.0,0.0,0.0,0.0,0.0,8.434028950155469
281255,387500.0,2732,7.912789220690681,7.463824,2732,7.912789220690681,0,0.0,0,0.0,0.0,7049,8.860782895806315,2.580161054172767,0,15,2.772588722239781,0.225,1.0,0.6931471805599453,4,2,1,2.5,0.625,455.3333333333333,2.0,0,1,1,0,0,0,0,0,0,0,0,0,0,0,0,0,0,0,0,0,0,0,1,0,0,0,0,0.0,0.0,0.0,0.0,0.0,0.0,0.0,0.0,0.0,0.0,0.0,0.0,0.0,0.0,0.0,8.860782895806315
281601,600000.0,1560,7.352441100243583,2.4336,1560,7.352441100243583,0,0.0,0,0.0,0.0,1401,7.2456550675945355,0.8980769230769231,0,7,2.0794415416798357,0.049,7.0,2.0794415416798357,2,2,1,2.5,1.25,390.0,3.0,0,0,1,0,0,0,0,0,0,0,0,0,0,0,1,0,0,0,0,0,0,0,0,1,0,0,0,0.0,0.0,0.0,0.0,0.0,7.352441100243583,0.0,0.0,0.0,0.0,0.0,0.0,0.0,0.0,0.0,7.2456550675945355
282010,191000.0,1440,7.272398392570047,2.0736,1935,7.5678626054638825,495,6.206575926724928,720,6.580639137284949,0.6875,0,0.0,0.0,0,53,3.9889840465642745,2.809,53.0,3.9889840465642745,3,1,2,2.0,0.6666666666666666,360.0,2.0,1,0,0,1,1,0,0,0,0,0,0,0,0,1,0,0,0,0,0,0,0,0,0,0,1,0,0,0.0,0.0,0.0,0.0,7.272398392570047,0.0,0.0,0.0,0.0,0.0,0.0,0.0,0.0,7.272398392570047,3.9889840465642745,0.0
282175,350000.0,1646,7.406103381237015,2.709316,1646,7.406103381237015,0,0.0,0,0.0,0.0,4050,8.30671904320269,2.4605103280680436,0,20,3.044522437723423,0.4,20.0,3.044522437723423,3,2,1,2.5,0.8333333333333334,329.2,2.0,0,1,1,0,0,0,0,0,0,0,0,0,0,0,0,0,0,0,0,0,0,0,1,0,0,0,0,0.0,0.0,0.0,0.0,0.0,0.0,0.0,0.0,0.0,0.0,0.0,0.0,0.0,0.0,0.0,8.30671904320269
282437,340000.0,483,6.180016653652572,0.233289,483,6.180016653652572,0,0.0,0,0.0,0.0,0,0.0,0.0,0,2,1.0986122886681098,0.004,2.0,1.0986122886681098,0,1,0,1.0,1.0,483.0,1.0,1,0,0,0,0,0,0,0,1,0,0,0,0,0,0,0,0,0,0,0,1,0,0,0,1,0,0,0.0,0.0,0.0,0.0,0.0,0.0,0.0,0.0,0.0,0.0,0.0,6.180016653652572,0.0,6.180016653652572,1.0986122886681098,0.0
282636,1100000.0,3394,8.129764445794171,11.519236,3394,8.129764445794171,0,0.0,0,0.0,0.0,6350,8.756367559802975,1.8709487330583383,0,64,4.174387269895637,4.096,1.0,0.6931471805599453,4,3,1,3.5,0.875,484.85714285714283,2.0,0,1,1,0,0,0,0,0,0,0,0,0,0,0,0,0,0,0,0,1,0,0,1,0,0,0,0,0.0,0.0,0.0,0.0,0.0,0.0,0.0,0.0,0.0,0.0,8.129764445794171,0.0,0.0,0.0,0.0,8.756367559802975
283114,514000.0,1366,7.2196420401307355,1.865956,1366,7.2196420401307355,0,0.0,0,0.0,0.0,1121,7.022868086082641,0.8206442166910688,0,6,1.9459101490553132,0.036,6.0,1.9459101490553132,2,2,0,2.0,1.0,341.5,3.0,0,0,1,0,0,0,0,0,0,0,0,1,0,0,0,0,0,0,0,0,0,0,0,1,0,0,0,0.0,0.0,7.2196420401307355,0.0,0.0,0.0,0.0,0.0,0.0,0.0,0.0,0.0,0.0,0.0,0.0,7.022868086082641
283462,377500.0,1807,7.499423290592229,3.265249,2135,7.666221925662725,328,5.796057750765372,745,6.61472560020376,0.44026845637583895,4521,8.416709652837914,2.5019369120088544,0,9,2.302585092994046,0.081,9.0,2.302585092994046,3,3,1,3.5,1.1666666666666667,301.1666666666667,2.0,0,0,1,1,1,0,0,0,0,0,0,0,0,0,0,0,0,0,0,0,0,0,1,0,0,0,0,0.0,0.0,0.0,0.0,0.0,0.0,0.0,0.0,0.0,0.0,0.0,0.0,0.0,0.0,0.0,8.416709652837914
283548,371000.0,1159,7.055312843339752,1.343281,2086,7.643003635560718,927,6.833031732786201,1159,7.05617528410041,0.7998274374460742,5950,8.691314551644853,5.133735979292494,0,68,4.23410650459726,4.624,10.0,2.3978952727983707,3,2,0,2.0,0.6666666666666666,231.8,1.0,0,1,1,1,1,0,0,0,0,0,0,0,0,0,0,0,0,0,1,0,0,0,0,0,0,0,0,0.0,0.0,0.0,0.0,0.0,0.0,0.0,0.0,0.0,7.055312843339752,0.0,0.0,0.0,0.0,0.0,8.691314551644853
283771,237000.0,652,6.480044561926653,0.425104,652,6.480044561926653,0,0.0,0,0.0,0.0,0,0.0,0.0,0,66,4.204692619390966,4.356,12.0,2.5649493574615367,1,1,0,1.0,1.0,326.0,1.0,1,1,0,0,0,0,0,0,0,1,0,0,0,0,0,0,0,0,0,0,0,0,0,1,0,0,0,6.480044561926653,0.0,0.0,0.0,0.0,0.0,0.0,0.0,0.0,0.0,0.0,0.0,0.0,6.480044561926653,4.204692619390966,0.0
283861,335000.0,1893,7.545918151209323,3.583449,1893,7.545918151209323,0,0.0,0,0.0,0.0,3000,8.006700845440367,1.5847860538827259,0,18,2.9444389791664403,0.324,18.0,2.9444389791664403,4,2,1,2.5,0.625,315.5,2.0,0,1,1,0,0,0,0,0,0,0,0,0,0,0,0,0,0,0,0,0,0,0,1,0,0,0,0,0.0,0.0,0.0,0.0,0.0,0.0,0.0,0.0,0.0,0.0,0.0,0.0,0.0,0.0,0.0,8.006700845440367
284391,495000.0,1496,7.310550158534422,2.238016,2056,7.628517626575055,560,6.329720905522696,622,6.434546518787453,0.9003215434083601,13600,9.517898598432753,9.090909090909092,315,52,3.970291913552122,2.704,0.0,0.0,3,2,1,2.5,0.8333333333333334,299.2,1.0,0,1,1,1,1,1,0,0,0,0,0,0,1,0,0,0,0,0,0,0,0,0,0,0,0,1,0,0.0,0.0,0.0,7.310550158534422,0.0,0.0,0.0,0.0,0.0,0.0,0.0,0.0,0.0,0.0,0.0,9.517898598432753
284464,463000.0,1020,6.927557906278317,1.0404,1971,7.58629630715272,951,6.858565034791365,1002,6.910750787961936,0.9491017964071856,4078,8.313607139317558,3.9980392156862745,0,33,3.5263605246161616,1.089,3.0,1.3862943611198906,1,2,1,2.5,2.5,340.0,1.0,0,1,1,1,1,0,0,0,0,0,0,0,0,1,0,0,0,0,0,0,0,0,0,1,0,0,0,0.0,0.0,0.0,0.0,6.927557906278317,0.0,0.0,0.0,0.0,0.0,0.0,0.0,0.0,0.0,0.0,8.313607139317558
284568,150000.0,763,6.637258031284457,0.582169,763,6.637258031284457,0,0.0,0,0.0,0.0,0,0.0,0.0,0,48,3.8918202981106265,2.304,1.0,0.6931471805599453,1,1,0,1.0,1.0,381.5,1.0,1,1,0,0,0,0,0,0,0,0,0,0,0,1,0,0,0,0,0,0,0,0,0,0,1,0,0,0.0,0.0,0.0,0.0,6.637258031284457,0.0,0.0,0.0,0.0,0.0,0.0,0.0,0.0,6.637258031284457,3.8918202981106265,0.0
284705,361000.0,1370,7.222566018822171,1.8769,1370,7.222566018822171,0,0.0,420,6.042632833682381,0.0,5280,8.571870752706934,3.854014598540146,0,34,3.5553480614894135,1.156,0.0,0.0,3,2,1,2.5,0.8333333333333334,274.0,2.0,0,1,1,1,0,0,0,0,0,0,0,0,0,0,0,0,0,0,0,0,0,0,0,0,0,1,0,0.0,0.0,0.0,0.0,0.0,0.0,0.0,0.0,0.0,0.0,0.0,0.0,0.0,0.0,0.0,8.571870752706934
285102,176000.0,1200,7.090076835776092,1.44,1200,7.090076835776092,0,0.0,0,0.0,0.0,0,0.0,0.0,0,55,4.02535169073515,3.025,0.0,0.0,2,2,0,2.0,1.0,300.0,1.0,1,1,0,0,0,0,0,0,0,0,0,0,0,0,0,0,0,0,0,0,0,1,0,0,1,0,0,0.0,0.0,0.0,0.0,0.0,0.0,0.0,0.0,0.0,0.0,0.0,0.0,7.090076835776092,7.090076835776092,4.02535169073515,0.0
285136,529900.0,1196,7.086737934510577,1.430416,1543,7.341483852363161,347,5.8522024797744745,365,5.902633333401366,0.9506849315068493,2550,7.844240718141811,2.132107023411371,0,109,4.700480365792417,11.881,5.0,1.791759469228055,1,2,0,2.0,2.0,398.6666666666667,1.0,0,1,1,1,1,0,0,1,0,0,0,0,0,0,1,0,0,0,0,0,0,0,0,1,0,0,0,0.0,0.0,0.0,0.0,0.0,7.086737934510577,0.0,0.0,0.0,0.0,0.0,0.0,0.0,0.0,0.0,7.844240718141811
285257,298350.0,1194,7.085064293952548,1.425636,1194,7.085064293952548,0,0.0,0,0.0,0.0,0,0.0,0.0,0,44,3.8066624897703196,1.936,44.0,3.8066624897703196,2,2,0,2.0,1.0,298.5,1.0,1,0,0,0,0,0,0,0,0,0,0,0,0,0,0,0,0,0,0,0,0,1,0,0,1,0,0,0.0,0.0,0.0,0.0,0.0,0.0,0.0,0.0,0.0,0.0,0.0,0.0,7.085064293952548,7.085064293952548,3.8066624897703196,0.0
285637,415000.0,2255,7.720905251936779,5.085025,3175,8.063062911326792,920,6.825460036255307,920,6.825460036255307,1.0,4070,8.31164394850298,1.8048780487804879,0,2,1.0986122886681098,0.004,2.0,1.0986122886681098,3,2,1,2.5,0.8333333333333334,451.0,2.0,0,0,1,1,1,0,0,0,0,0,0,0,0,0,0,0,0,0,0,0,0,0,1,0,0,0,0,0.0,0.0,0.0,0.0,0.0,0.0,0.0,0.0,0.0,0.0,0.0,0.0,0.0,0.0,0.0,8.31164394850298
285677,749000.0,1384,7.232733136177615,1.915456,1384,7.232733136177615,0,0.0,0,0.0,0.0,0,0.0,0.0,0,1,0.6931471805599453,0.001,1.0,0.6931471805599453,2,2,1,2.5,1.25,346.0,2.0,1,0,0,0,0,0,1,0,0,0,0,1,0,0,0,0,0,0,0,0,0,0,0,1,0,0,0,0.0,0.0,7.232733136177615,0.0,0.0,0.0,0.0,0.0,0.0,0.0,0.0,0.0,0.0,7.232733136177615,0.6931471805599453,0.0
285747,428361.0,1806,7.498869733976931,3.261636,1806,7.498869733976931,0,0.0,0,0.0,0.0,1116,7.018401799069201,0.6179401993355482,0,1,0.6931471805599453,0.001,1.0,0.6931471805599453,2,2,1,2.5,1.25,451.5,3.0,0,0,1,0,0,0,1,0,0,0,1,0,0,0,0,0,0,0,0,0,0,0,0,0,1,0,0,0.0,7.498869733976931,0.0,0.0,0.0,0.0,0.0,0.0,0.0,0.0,0.0,0.0,0.0,0.0,0.0,7.018401799069201
285977,740000.0,1880,7.539027055823995,3.5344,1880,7.539027055823995,0,0.0,0,0.0,0.0,0,0.0,0.0,0,91,4.5217885770490405,8.281,18.0,2.9444389791664403,2,2,0,2.0,1.0,470.0,2.0,1,1,0,0,0,0,0,1,0,0,0,0,0,0,0,0,0,0,0,0,1,0,0,1,0,0,0,0.0,0.0,0.0,0.0,0.0,0.0,0.0,0.0,0.0,0.0,0.0,7.539027055823995,0.0,7.539027055823995,4.5217885770490405,0.0
287381,674999.0,2349,7.761744984658913,5.517801,3309,8.104401307921613,960,6.8679744089702925,1253,7.134093721192866,0.7661612130885874,4275,8.360773272144936,1.8199233716475096,0,2,1.0986122886681098,0.004,2.0,1.0986122886681098,3,3,1,3.5,1.1666666666666667,391.5,2.0,0,0,1,1,1,0,0,0,0,0,1,0,0,0,0,0,0,0,0,0,0,0,1,0,0,0,0,0.0,7.761744984658913,0.0,0.0,0.0,0.0,0.0,0.0,0.0,0.0,0.0,0.0,0.0,0.0,0.0,8.360773272144936
287651,191000.0,701,6.55250788703459,0.491401,701,6.55250788703459,0,0.0,0,0.0,0.0,0,0.0,0.0,0,36,3.6109179126442243,1.296,0.0,0.0,1,1,0,1.0,1.0,350.5,1.0,1,1,0,0,0,0,0,0,0,0,0,0,0,0,0,0,0,0,0,0,0,1,0,1,0,0,0,0.0,0.0,0.0,0.0,0.0,0.0,0.0,0.0,0.0,0.0,0.0,0.0,6.55250788703459,6.55250788703459,3.6109179126442243,0.0
288324,937500.0,1912,7.555905093611346,3.655744,1912,7.555905093611346,0,0.0,0,0.0,0.0,0,0.0,0.0,0,124,4.8283137373023015,15.376,0.0,0.0,2,2,0,2.0,1.0,478.0,1.0,1,1,0,0,0,0,0,1,0,0,0,0,0,0,0,0,0,0,0,0,1,0,0,1,0,0,0,0.0,0.0,0.0,0.0,0.0,0.0,0.0,0.0,0.0,0.0,0.0,7.555905093611346,0.0,7.555905093611346,4.8283137373023015,0.0
288857,765000.0,2089,7.644440761556566,4.363921,2089,7.644440761556566,0,0.0,0,0.0,0.0,1678,7.425953657077541,0.8032551460028722,0,4,1.6094379124341003,0.016,4.0,1.6094379124341003,3,3,2,4.0,1.3333333333333333,348.1666666666667,3.0,0,0,1,0,0,0,0,0,0,0,0,0,0,0,0,0,0,0,0,1,0,0,0,0,1,0,0,0.0,0.0,0.0,0.0,0.0,0.0,0.0,0.0,0.0,0.0,7.644440761556566,0.0,0.0,0.0,0.0,7.425953657077541
289091,825000.0,1662,7.415776975415394,2.762244,1662,7.415776975415394,0,0.0,774,6.652863029353347,0.0,4160,8.333510708982942,2.503008423586041,0,120,4.795790545596741,14.4,15.0,2.772588722239781,2,2,0,2.0,1.0,415.5,1.5,0,1,1,1,0,0,0,1,0,1,0,0,0,0,0,0,0,0,0,0,0,0,0,0,0,0,1,7.415776975415394,0.0,0.0,0.0,0.0,0.0,0.0,0.0,0.0,0.0,0.0,0.0,0.0,0.0,0.0,8.333510708982942
289281,249000.0,1148,7.045776576879511,1.317904,1148,7.045776576879511,0,0.0,0,0.0,0.0,0,0.0,0.0,0,17,2.8903717578961645,0.289,17.0,2.8903717578961645,2,2,0,2.0,1.0,287.0,2.0,1,0,0,0,0,0,0,0,0,0,0,0,0,0,0,0,0,0,0,0,0,0,0,0,1,0,0,0.0,0.0,0.0,0.0,0.0,0.0,0.0,0.0,0.0,0.0,0.0,0.0,0.0,7.045776576879511,2.8903717578961645,0.0
289399,304000.0,1538,7.338238150065589,2.365444,1538,7.338238150065589,0,0.0,0,0.0,0.0,1420,7.259116128097101,0.9232769830949284,0,1,0.6931471805599453,0.001,1.0,0.6931471805599453,3,2,1,2.5,0.8333333333333334,307.6,2.0,0,0,1,0,0,0,1,0,0,0,0,0,0,0,0,0,0,0,0,0,0,0,0,0,1,0,0,0.0,0.0,0.0,0.0,0.0,0.0,0.0,0.0,0.0,0.0,0.0,0.0,0.0,0.0,0.0,7.259116128097101
289499,205000.0,1200,7.090076835776092,1.44,1200,7.090076835776092,0,0.0,0,0.0,0.0,0,0.0,0.0,0,47,3.871201010907891,2.209,4.0,1.6094379124341003,2,2,0,2.0,1.0,300.0,1.0,1,1,0,0,0,0,0,0,0,0,0,0,0,0,0,0,0,0,0,0,0,1,0,0,1,0,0,0.0,0.0,0.0,0.0,0.0,0.0,0.0,0.0,0.0,0.0,0.0,0.0,7.090076835776092,7.090076835776092,3.871201010907891,0.0
290641,500000.0,1227,7.112327444710911,1.505529,2331,7.754052639035757,1104,7.007600613951853,1227,7.113142108707088,0.8997555012224939,9937,9.204121072162266,8.098614506927465,0,56,4.04305126783455,3.136,0.0,0.0,3,3,0,3.0,1.0,204.5,1.0,0,1,1,1,1,0,0,0,0,0,0,0,0,1,0,0,0,0,0,0,0,0,0,0,0,0,0,0.0,0.0,0.0,0.0,7.112327444710911,0.0,0.0,0.0,0.0,0.0,0.0,0.0,0.0,0.0,0.0,9.204121072162266
290709,460000.0,999,6.906754778648554,0.998001,999,6.906754778648554,0,0.0,0,0.0,0.0,0,0.0,0.0,0,109,4.700480365792417,11.881,18.0,2.9444389791664403,1,1,1,1.5,1.5,499.5,1.0,1,1,0,0,0,0,0,1,0,0,0,1,0,0,0,0,0,0,0,0,0,0,0,0,1,0,0,0.0,0.0,6.906754778648554,0.0,0.0,0.0,0.0,0.0,0.0,0.0,0.0,0.0,0.0,6.906754778648554,4.700480365792417,0.0
290820,625000.0,1545,7.3427791893318455,2.387025,1545,7.3427791893318455,0,0.0,120,4.795790545596741,0.0,4120,8.323851131338817,2.6666666666666665,0,119,4.787491742782046,14.161,9.0,2.302585092994046,3,2,0,2.0,0.6666666666666666,309.0,1.5,0,1,1,1,0,0,0,1,0,0,0,0,0,0,1,0,0,0,0,0,0,0,0,0,0,0,1,0.0,0.0,0.0,0.0,0.0,7.3427791893318455,0.0,0.0,0.0,0.0,0.0,0.0,0.0,0.0,0.0,8.323851131338817
291133,190793.0,1626,7.3938782901077555,2.643876,1626,7.3938782901077555,0,0.0,0,0.0,0.0,2800,7.937731775260109,1.7220172201722017,0,17,2.8903717578961645,0.289,17.0,2.8903717578961645,3,2,1,2.5,0.8333333333333334,325.2,2.0,0,0,1,0,0,0,0,0,0,0,0,0,0,0,0,0,0,0,0,0,0,0,1,0,0,0,0,0.0,0.0,0.0,0.0,0.0,0.0,0.0,0.0,0.0,0.0,0.0,0.0,0.0,0.0,0.0,7.937731775260109
291167,537000.0,900,6.802394763324311,0.81,1755,7.470224135899966,855,6.752270376141742,900,6.803505257608338,0.95,6750,8.81744592104187,7.5,0,72,4.290459441148391,5.184,2.0,1.0986122886681098,2,2,0,2.0,1.0,225.0,1.0,0,1,1,1,1,0,0,0,0,0,0,0,0,0,0,0,0,1,0,0,0,0,0,0,0,0,0,0.0,0.0,0.0,0.0,0.0,0.0,0.0,0.0,6.802394763324311,0.0,0.0,0.0,0.0,0.0,0.0,8.81744592104187
291586,945000.0,1372,7.22402480828583,1.882384,1372,7.22402480828583,0,0.0,0,0.0,0.0,1690,7.43307534889858,1.2317784256559767,0,0,0.0,0.0,0.0,0.0,2,2,1,2.5,1.25,343.0,3.0,0,0,1,0,0,0,1,0,0,0,1,0,0,0,0,0,0,0,0,0,0,0,0,1,0,0,0,0.0,7.22402480828583,0.0,0.0,0.0,0.0,0.0,0.0,0.0,0.0,0.0,0.0,0.0,0.0,0.0,7.43307534889858
291632,262000.0,1428,7.2640301428995295,2.039184,1428,7.2640301428995295,0,0.0,0,0.0,0.0,0,0.0,0.0,0,44,3.8066624897703196,1.936,44.0,3.8066624897703196,2,2,0,2.0,1.0,357.0,1.0,1,0,0,0,0,0,0,0,0,0,0,0,0,0,0,0,0,0,0,0,0,1,0,1,0,0,0,0.0,0.0,0.0,0.0,0.0,0.0,0.0,0.0,0.0,0.0,0.0,0.0,7.2640301428995295,7.2640301428995295,3.8066624897703196,0.0
291675,336000.0,931,6.836259277277067,0.866761,931,6.836259277277067,0,0.0,0,0.0,0.0,8000,8.987321812850125,8.592910848549947,830,47,3.871201010907891,2.209,47.0,3.871201010907891,3,2,0,2.0,0.6666666666666666,186.2,1.0,0,0,1,0,0,1,0,0,0,0,0,0,0,0,0,0,1,0,0,0,0,0,0,0,0,1,0,0.0,0.0,0.0,0.0,0.0,0.0,0.0,6.836259277277067,0.0,0.0,0.0,0.0,0.0,0.0,0.0,8.987321812850125
292005,180064.0,1182,7.074963197966044,1.397124,1182,7.074963197966044,0,0.0,0,0.0,0.0,1064,6.970730078143525,0.9001692047377327,0,2,1.0986122886681098,0.004,2.0,1.0986122886681098,2,2,1,2.5,1.25,295.5,2.0,0,0,1,0,0,0,0,0,0,0,1,0,0,0,0,0,0,0,0,0,0,0,0,0,1,0,0,0.0,7.074963197966044,0.0,0.0,0.0,0.0,0.0,0.0,0.0,0.0,0.0,0.0,0.0,0.0,0.0,6.970730078143525
292147,725000.0,2065,7.632885505395133,4.264225,2215,7.703007682479236,150,5.017279836814924,308,5.733341276897746,0.487012987012987,3125,8.047509510981422,1.513317191283293,0,134,4.90527477843843,17.956,9.0,2.302585092994046,4,3,0,3.0,0.75,295.0,2.0,0,1,1,1,1,0,0,1,0,0,0,1,0,0,0,0,0,0,0,0,0,0,1,0,0,0,0,0.0,0.0,7.632885505395133,0.0,0.0,0.0,0.0,0.0,0.0,0.0,0.0,0.0,0.0,0.0,0.0,8.047509510981422
292226,675351.0,1569,7.358193752733032,2.461761,2638,7.87777633327726,1069,6.975413927455952,1569,7.358830898342354,0.681325685149777,4619,8.438149984075784,2.943913320586361,0,1,0.6931471805599453,0.001,1.0,0.6931471805599453,2,3,0,3.0,1.5,313.8,1.0,0,0,1,1,1,0,1,0,0,0,1,0,0,0,0,0,0,0,0,0,0,0,0,0,0,0,0,0.0,7.358193752733032,0.0,0.0,0.0,0.0,0.0,0.0,0.0,0.0,0.0,0.0,0.0,0.0,0.0,8.438149984075784
292235,1100000.0,2253,7.720017940432244,5.076009,3174,8.062747901086354,921,6.826545223556594,969,6.877296071497429,0.9504643962848297,3435,8.142063283104147,1.5246338215712383,0,2,1.0986122886681098,0.004,2.0,1.0986122886681098,3,3,2,4.0,1.3333333333333333,375.5,3.0,0,0,1,1,1,0,0,0,0,0,0,0,0,0,0,0,0,0,0,1,0,0,0,1,0,0,0,0.0,0.0,0.0,0.0,0.0,0.0,0.0,0.0,0.0,0.0,7.720017940432244,0.0,0.0,0.0,0.0,8.142063283104147
292690,245200.0,501,6.2166061010848646,0.251001,501,6.2166061010848646,0,0.0,0,0.0,0.0,0,0.0,0.0,0,93,4.543294782270004,8.649,12.0,2.5649493574615367,1,1,0,1.0,1.0,250.5,1.0,1,1,0,0,0,0,0,1,0,1,0,0,0,0,0,0,0,0,0,0,0,0,0,1,0,0,0,6.2166061010848646,0.0,0.0,0.0,0.0,0.0,0.0,0.0,0.0,0.0,0.0,0.0,0.0,6.2166061010848646,4.543294782270004,0.0
293767,222000.0,1147,7.044905117129371,1.315609,1147,7.044905117129371,0,0.0,0,0.0,0.0,1594,7.374629015218945,1.3897122929380994,0,0,0.0,0.0,0.0,0.0,2,1,1,1.5,0.75,382.3333333333333,2.0,0,0,1,0,0,0,1,0,0,0,1,0,0,0,0,0,0,0,0,0,0,0,0,0,1,0,0,0.0,7.044905117129371,0.0,0.0,0.0,0.0,0.0,0.0,0.0,0.0,0.0,0.0,0.0,0.0,0.0,7.374629015218945
294356,515000.0,1341,7.201170883281678,1.798281,1341,7.201170883281678,0,0.0,0,0.0,0.0,928,6.834108738813838,0.692020879940343,0,5,1.791759469228055,0.025,5.0,1.791759469228055,2,2,1,2.5,1.25,335.25,3.0,0,0,1,0,0,0,0,0,0,0,0,0,0,0,1,0,0,0,0,0,0,0,0,0,1,0,0,0.0,0.0,0.0,0.0,0.0,7.201170883281678,0.0,0.0,0.0,0.0,0.0,0.0,0.0,0.0,0.0,6.834108738813838
294524,369900.0,862,6.759255270663693,0.743044,862,6.759255270663693,0,0.0,0,0.0,0.0,0,0.0,0.0,0,12,2.5649493574615367,0.144,12.0,2.5649493574615367,1,1,0,1.0,1.0,431.0,1.0,1,0,0,0,0,0,0,0,0,0,0,1,0,0,0,0,0,0,0,0,0,0,0,0,1,0,0,0.0,0.0,6.759255270663693,0.0,0.0,0.0,0.0,0.0,0.0,0.0,0.0,0.0,0.0,6.759255270663693,2.5649493574615367,0.0
297513,178000.0,752,6.62273632394984,0.565504,752,6.62273632394984,0,0.0,0,0.0,0.0,0,0.0,0.0,0,45,3.828641396489095,2.025,3.0,1.3862943611198906,1,1,0,1.0,1.0,376.0,1.0,1,1,0,0,0,0,0,0,0,0,0,0,1,0,0,0,0,0,0,0,0,0,0,0,1,0,0,0.0,0.0,0.0,6.62273632394984,0.0,0.0,0.0,0.0,0.0,0.0,0.0,0.0,0.0,6.62273632394984,3.828641396489095,0.0
297749,459950.0,1402,7.2456550675945355,1.965604,2202,7.697121317282625,800,6.68586094706836,1233,7.1180162044653335,0.64882400648824,10900,9.296609807128359,7.774607703281027,0,56,4.04305126783455,3.136,56.0,4.04305126783455,3,2,0,2.0,0.6666666666666666,280.4,1.0,0,0,1,1,1,0,0,0,0,0,0,0,0,1,0,0,0,0,0,0,0,0,0,0,0,0,0,0.0,0.0,0.0,0.0,7.2456550675945355,0.0,0.0,0.0,0.0,0.0,0.0,0.0,0.0,0.0,0.0,9.296609807128359
298285,495000.0,1176,7.069874128458572,1.382976,1176,7.069874128458572,0,0.0,0,0.0,0.0,0,0.0,0.0,0,17,2.8903717578961645,0.289,17.0,2.8903717578961645,2,2,0,2.0,1.0,294.0,2.0,1,0,0,0,0,0,0,0,0,0,0,1,0,0,0,0,0,0,0,0,0,0,0,0,1,0,0,0.0,0.0,7.069874128458572,0.0,0.0,0.0,0.0,0.0,0.0,0.0,0.0,0.0,0.0,7.069874128458572,2.8903717578961645,0.0
299738,732000.0,2431,7.796057974316123,5.909761,2431,7.796057974316123,0,0.0,0,0.0,0.0,6550,8.787372988731876,2.6943644590703415,0,67,4.219507705176107,4.489,0.0,0.0,4,3,1,3.5,0.875,347.2857142857143,2.0,0,1,1,0,0,0,0,0,0,0,0,0,0,0,0,0,0,1,0,0,0,0,1,0,0,0,0,0.0,0.0,0.0,0.0,0.0,0.0,0.0,0.0,7.796057974316123,0.0,0.0,0.0,0.0,0.0,0.0,8.787372988731876
300181,850000.0,1821,7.507141079727608,3.316041,1821,7.507141079727608,0,0.0,664,6.499787040655854,0.0,7197,8.881558488638976,3.952224052718287,0,124,4.8283137373023015,15.376,1.0,0.6931471805599453,3,2,1,2.5,0.8333333333333334,364.2,2.0,0,1,1,1,0,0,0,1,0,0,0,0,0,0,1,0,0,0,0,0,0,0,1,0,0,0,0,0.0,0.0,0.0,0.0,0.0,7.507141079727608,0.0,0.0,0.0,0.0,0.0,0.0,0.0,0.0,0.0,8.881558488638976
300686,280000.0,874,6.773080375655535,0.763876,874,6.773080375655535,0,0.0,0,0.0,0.0,0,0.0,0.0,0,52,3.970291913552122,2.704,0.0,0.0,1,1,0,1.0,1.0,437.0,1.0,1,1,0,0,0,0,0,0,0,1,0,0,0,0,0,0,0,0,0,0,0,0,0,0,1,0,0,6.773080375655535,0.0,0.0,0.0,0.0,0.0,0.0,0.0,0.0,0.0,0.0,0.0,0.0,6.773080375655535,3.970291913552122,0.0
300723,300000.0,1354,7.21081845347222,1.833316,1354,7.21081845347222,0,0.0,480,6.175867270105761,0.0,3960,8.284251797621916,2.9246676514032495,0,21,3.091042453358316,0.441,21.0,3.091042453358316,3,2,1,2.5,0.8333333333333334,270.8,2.0,0,0,1,1,0,0,0,0,0,0,0,0,0,0,0,0,1,0,0,0,0,0,0,1,0,0,0,0.0,0.0,0.0,0.0,0.0,0.0,0.0,7.21081845347222,0.0,0.0,0.0,0.0,0.0,0.0,0.0,8.284251797621916
301147,570000.0,2023,7.612336837167746,4.092529,2967,7.995306620290822,944,6.851184927493743,994,6.902742737158593,0.9496981891348089,3656,8.204398418149381,1.8072170044488383,0,5,1.791759469228055,0.025,5.0,1.791759469228055,2,3,1,3.5,1.75,404.6,2.0,0,0,1,1,1,0,0,0,0,0,1,0,0,0,0,0,0,0,0,0,0,0,0,1,0,0,0,0.0,7.612336837167746,0.0,0.0,0.0,0.0,0.0,0.0,0.0,0.0,0.0,0.0,0.0,0.0,0.0,8.204398418149381
301396,500000.0,833,6.725033642166843,0.693889,1666,7.418180822726788,833,6.726233402358747,833,6.726233402358747,1.0,7630,8.939974177289633,9.159663865546218,0,72,4.290459441148391,5.184,0.0,0.0,2,2,0,2.0,1.0,208.25,1.0,0,1,1,1,1,0,0,0,0,0,0,0,0,0,0,0,0,0,1,0,0,0,0,0,0,0,0,0.0,0.0,0.0,0.0,0.0,0.0,0.0,0.0,0.0,6.725033642166843,0.0,0.0,0.0,0.0,0.0,8.939974177289633
301441,207900.0,678,6.519147287940395,0.459684,678,6.519147287940395,0,0.0,0,0.0,0.0,0,0.0,0.0,0,32,3.4965075614664802,1.024,32.0,3.4965075614664802,1,1,0,1.0,1.0,339.0,1.0,1,0,0,0,0,0,0,0,0,0,0,0,0,0,0,1,0,0,0,0,0,0,0,1,0,0,0,0.0,0.0,0.0,0.0,0.0,0.0,6.519147287940395,0.0,0.0,0.0,0.0,0.0,0.0,6.519147287940395,3.4965075614664802,0.0
302002,712500.0,2200,7.696212639346407,4.84,2200,7.696212639346407,0,0.0,0,0.0,0.0,2613,7.868636894184167,1.1877272727272727,0,13,2.6390573296152584,0.169,13.0,2.6390573296152584,2,3,0,3.0,1.5,440.0,3.0,0,0,1,0,0,0,0,0,0,0,1,0,0,0,0,0,0,0,0,0,0,0,0,1,0,0,0,0.0,7.696212639346407,0.0,0.0,0.0,0.0,0.0,0.0,0.0,0.0,0.0,0.0,0.0,0.0,0.0,7.868636894184167
302250,621329.0,2118,7.658227526161352,4.485924,3084,8.03398273468322,966,6.874198495453294,1036,6.9440872082295275,0.9324324324324325,4050,8.30671904320269,1.9121813031161472,0,0,0.0,0.0,0.0,0.0,2,3,1,3.5,1.75,423.6,2.0,0,0,1,1,1,0,1,0,0,0,1,0,0,0,0,0,0,0,0,0,0,0,0,1,0,0,0,0.0,7.658227526161352,0.0,0.0,0.0,0.0,0.0,0.0,0.0,0.0,0.0,0.0,0.0,0.0,0.0,8.30671904320269
302713,408000.0,2381,7.7752758464868625,5.669161,2381,7.7752758464868625,0,0.0,0,0.0,0.0,5617,8.633731007664188,2.3590928181436372,0,4,1.6094379124341003,0.016,4.0,1.6094379124341003,3,2,1,2.5,0.8333333333333334,476.2,2.5,0,0,1,0,0,0,0,0,0,0,0,0,0,0,0,0,0,0,0,0,0,0,0,0,0,0,1,0.0,0.0,0.0,0.0,0.0,0.0,0.0,0.0,0.0,0.0,0.0,0.0,0.0,0.0,0.0,8.633731007664188
302974,440000.0,1404,7.247080584585756,1.971216,1404,7.247080584585756,0,0.0,710,6.566672429803241,0.0,7439,8.914626127827137,5.298433048433049,400,36,3.6109179126442243,1.296,10.0,2.3978952727983707,3,2,1,2.5,0.8333333333333334,280.8,1.0,0,1,1,1,0,1,0,0,0,0,0,0,0,0,0,1,0,0,0,0,0,0,0,0,0,1,0,0.0,0.0,0.0,0.0,0.0,0.0,7.247080584585756,0.0,0.0,0.0,0.0,0.0,0.0,0.0,0.0,8.914626127827137
303169,940963.0,3269,8.092239406724211,10.686361,3269,8.092239406724211,0,0.0,1528,7.332369205929062,0.0,7000,8.853808274977197,2.1413276231263385,0,0,0.0,0.0,0.0,0.0,4,3,1,3.5,0.875,467.0,2.0,0,0,1,1,0,0,1,0,0,0,1,0,0,0,0,0,0,0,0,0,0,0,1,0,0,0,0,0.0,8.092239406724211,0.0,0.0,0.0,0.0,0.0,0.0,0.0,0.0,0.0,0.0,0.0,0.0,0.0,8.853808274977197
303692,730000.0,2512,7.828834527588089,6.310144,3773,8.235625719964311,1261,7.140453043101158,1328,7.192182058713246,0.9495481927710844,3080,8.033009498596668,1.2261146496815287,0,41,3.7376696182833684,1.681,12.0,2.5649493574615367,3,3,1,3.5,1.1666666666666667,418.6666666666667,2.0,0,1,1,1,1,0,0,0,0,0,0,0,0,1,0,0,0,0,0,0,0,0,0,0,1,0,0,0.0,0.0,0.0,0.0,7.828834527588089,0.0,0.0,0.0,0.0,0.0,0.0,0.0,0.0,0.0,0.0,8.033009498596668
303695,338000.0,1066,6.97166860472579,1.136356,1066,6.97166860472579,0,0.0,0,0.0,0.0,1578,7.364547014255642,1.4803001876172608,0,135,4.912654885736052,18.225,135.0,4.912654885736052,2,1,0,1.0,0.5,355.3333333333333,2.0,0,0,1,0,0,0,0,1,0,0,0,1,0,0,0,0,0,0,0,0,0,0,0,1,0,0,0,0.0,0.0,6.97166860472579,0.0,0.0,0.0,0.0,0.0,0.0,0.0,0.0,0.0,0.0,0.0,0.0,7.364547014255642
303723,1640000.0,3056,8.024862150286411,9.339136,4261,8.357259153499912,1205,7.095064377287131,1564,7.355641102974253,0.770460358056266,8920,9.096163326913784,2.918848167539267,0,106,4.672828834461906,11.236,11.0,2.4849066497880004,4,3,1,3.5,0.875,436.57142857142856,2.0,0,1,1,1,1,0,0,1,0,0,0,0,0,0,0,0,0,0,1,0,0,0,1,0,0,0,0,0.0,0.0,0.0,0.0,0.0,0.0,0.0,0.0,0.0,8.024862150286411,0.0,0.0,0.0,0.0,0.0,9.096163326913784
304042,346000.0,1406,7.2485040723706105,1.976836,1826,7.509883061154913,420,6.042632833682381,420,6.042632833682381,1.0,3990,8.291797105048733,2.8378378378378377,0,25,3.258096538021482,0.625,25.0,3.258096538021482,3,2,1,2.5,0.8333333333333334,281.2,2.0,0,0,1,1,1,0,0,0,0,0,0,0,0,0,0,0,0,0,0,0,0,0,0,0,0,1,0,0.0,0.0,0.0,0.0,0.0,0.0,0.0,0.0,0.0,0.0,0.0,0.0,0.0,0.0,0.0,8.291797105048733
304124,300000.0,1360,7.215239978730097,1.8496,1360,7.215239978730097,0,0.0,0,0.0,0.0,2471,7.812782818577581,1.8169117647058823,0,16,2.833213344056216,0.256,16.0,2.833213344056216,2,2,1,2.5,1.25,340.0,2.0,0,0,1,0,0,0,0,0,0,0,0,0,0,0,0,0,0,0,0,0,0,0,0,0,1,0,0,0.0,0.0,0.0,0.0,0.0,0.0,0.0,0.0,0.0,0.0,0.0,0.0,0.0,0.0,0.0,7.812782818577581
304645,335000.0,876,6.775366090936392,0.767376,876,6.775366090936392,0,0.0,0,0.0,0.0,0,0.0,0.0,0,14,2.70805020110221,0.196,14.0,2.70805020110221,2,2,0,2.0,1.0,219.0,1.0,1,0,0,0,0,0,0,0,0,0,1,0,0,0,0,0,0,0,0,0,0,0,0,0,1,0,0,0.0,6.775366090936392,0.0,0.0,0.0,0.0,0.0,0.0,0.0,0.0,0.0,0.0,0.0,6.775366090936392,2.70805020110221,0.0
305647,434000.0,1588,7.370230641807081,2.521744,1588,7.370230641807081,0,0.0,619,6.429719478039138,0.0,2880,7.9658927350845286,1.81360201511335,0,2,1.0986122886681098,0.004,2.0,1.0986122886681098,2,2,1,2.5,1.25,397.0,2.0,0,0,1,1,0,0,0,0,0,0,1,0,0,0,0,0,0,0,0,0,0,0,0,1,0,0,0,0.0,7.370230641807081,0.0,0.0,0.0,0.0,0.0,0.0,0.0,0.0,0.0,0.0,0.0,0.0,0.0,7.9658927350845286
305916,455000.0,1283,7.1569563646156364,1.646089,1283,7.1569563646156364,0,0.0,0,0.0,0.0,0,0.0,0.0,0,39,3.6888794541139363,1.521,1.0,0.6931471805599453,2,2,0,2.0,1.0,320.75,1.0,1,1,0,0,0,0,0,0,0,0,0,0,0,0,0,0,0,0,0,0,1,0,0,1,0,0,0,0.0,0.0,0.0,0.0,0.0,0.0,0.0,0.0,0.0,0.0,0.0,7.1569563646156364,0.0,7.1569563646156364,3.6888794541139363,0.0
305964,370000.0,2162,7.6787889981991535,4.674244,2162,7.6787889981991535,0,0.0,0,0.0,0.0,3145,8.053887083618223,1.4546716003700277,0,0,0.0,0.0,0.0,0.0,3,2,1,2.5,0.8333333333333334,432.4,3.0,0,0,1,0,0,0,1,0,0,0,0,0,0,0,1,0,0,0,0,0,0,0,0,0,0,0,1,0.0,0.0,0.0,0.0,0.0,7.6787889981991535,0.0,0.0,0.0,0.0,0.0,0.0,0.0,0.0,0.0,8.053887083618223
306182,335000.0,488,6.1903154058531475,0.238144,488,6.1903154058531475,0,0.0,0,0.0,0.0,0,0.0,0.0,0,2,1.0986122886681098,0.004,2.0,1.0986122886681098,0,1,0,1.0,1.0,488.0,1.0,1,0,0,0,0,0,0,0,1,0,0,0,0,0,0,0,0,0,0,0,1,0,0,0,1,0,0,0.0,0.0,0.0,0.0,0.0,0.0,0.0,0.0,0.0,0.0,0.0,6.1903154058531475,0.0,6.1903154058531475,1.0986122886681098,0.0
306626,634000.0,1827,7.510430556378006,3.337929,2505,7.826044013518965,678,6.520621127558696,897,6.8001700683022,0.7558528428093646,7752,8.955835144218959,4.2430213464696225,0,3,1.3862943611198906,0.009,3.0,1.3862943611198906,3,3,1,3.5,1.1666666666666667,304.5,2.0,0,0,1,1,1,0,0,0,0,0,1,0,0,0,0,0,0,0,0,0,0,0,1,0,0,0,0,0.0,7.510430556378006,0.0,0.0,0.0,0.0,0.0,0.0,0.0,0.0,0.0,0.0,0.0,0.0,0.0,8.955835144218959
306676,663000.0,1666,7.418180822726788,2.775556,1666,7.418180822726788,0,0.0,833,6.726233402358747,0.0,2595,7.86172707782398,1.5576230492196879,0,22,3.1354942159291497,0.484,22.0,3.1354942159291497,3,2,1,2.5,0.8333333333333334,333.2,2.0,0,0,1,1,0,0,0,0,0,0,0,0,0,0,0,0,0,0,0,1,0,0,1,0,0,0,0,0.0,0.0,0.0,0.0,0.0,0.0,0.0,0.0,0.0,0.0,7.418180822726788,0.0,0.0,0.0,0.0,7.86172707782398
306763,205000.0,812,6.699500340161678,0.659344,812,6.699500340161678,0,0.0,0,0.0,0.0,0,0.0,0.0,0,32,3.4965075614664802,1.024,32.0,3.4965075614664802,1,1,0,1.0,1.0,406.0,1.0,1,0,0,0,0,0,0,0,0,0,0,0,0,0,0,1,0,0,0,0,0,0,0,0,1,0,0,0.0,0.0,0.0,0.0,0.0,0.0,6.699500340161678,0.0,0.0,0.0,0.0,0.0,0.0,6.699500340161678,3.4965075614664802,0.0
307018,605000.0,920,6.824373670043086,0.8464,1720,7.450079569807499,800,6.68586094706836,920,6.825460036255307,0.8695652173913043,6850,8.832149906002899,7.445652173913044,0,87,4.477336814478207,7.569,0.0,0.0,2,2,0,2.0,1.0,230.0,1.0,0,1,1,1,1,0,0,1,0,0,0,0,0,0,0,0,0,0,0,1,0,0,0,0,0,0,0,0.0,0.0,0.0,0.0,0.0,0.0,0.0,0.0,0.0,0.0,6.824373670043086,0.0,0.0,0.0,0.0,8.832149906002899
308473,540000.0,1202,7.091742115095153,1.444804,2080,7.640123172695364,878,6.778784897685177,924,6.829793737512425,0.9502164502164502,6500,8.77971129020447,5.40765391014975,0,66,4.204692619390966,4.356,21.0,3.091042453358316,2,2,1,2.5,1.25,300.5,1.0,0,1,1,1,1,0,0,0,0,0,0,0,0,0,0,0,0,1,0,0,0,0,0,0,0,0,0,0.0,0.0,0.0,0.0,0.0,0.0,0.0,0.0,7.091742115095153,0.0,0.0,0.0,0.0,0.0,0.0,8.77971129020447
308808,524346.0,1464,7.288927694521257,2.143296,2750,7.919356190660617,1286,7.160069207596127,1464,7.289610521451167,0.8784153005464481,3375,8.124446855715847,2.305327868852459,0,0,0.0,0.0,0.0,0.0,2,3,0,3.0,1.5,292.8,1.0,0,0,1,1,1,0,1,0,0,0,1,0,0,0,0,0,0,0,0,0,0,0,0,1,0,0,0,0.0,7.288927694521257,0.0,0.0,0.0,0.0,0.0,0.0,0.0,0.0,0.0,0.0,0.0,0.0,0.0,8.124446855715847
309434,715000.0,1206,7.095064377287131,1.454436,2291,7.736743682453495,1085,6.990256500493881,1206,7.095893221097532,0.8996683250414593,6500,8.77971129020447,5.389718076285241,0,77,4.356708826689592,5.929,11.0,2.4849066497880004,2,2,0,2.0,1.0,301.5,1.0,0,1,1,1,1,0,0,0,0,0,0,0,0,0,0,0,0,0,1,0,0,0,0,0,0,0,0,0.0,0.0,0.0,0.0,0.0,0.0,0.0,0.0,0.0,7.095064377287131,0.0,0.0,0.0,0.0,0.0,8.77971129020447
309701,500000.0,3105,8.040768994367578,9.641025,3704,8.21716859576607,599,6.396929655216146,630,6.447305862541213,0.9507936507936507,4690,8.453401058328458,1.5104669887278583,0,125,4.836281906951478,15.625,0.0,0.0,5,3,0,3.0,0.6,388.125,1.5,0,1,1,1,1,0,0,1,0,0,0,0,0,0,0,0,0,0,0,1,0,0,0,0,0,0,1,0.0,0.0,0.0,0.0,0.0,0.0,0.0,0.0,0.0,0.0,8.040768994367578,0.0,0.0,0.0,0.0,8.453401058328458
309851,515000.0,1414,7.254177846456518,1.999396,1414,7.254177846456518,0,0.0,0,0.0,0.0,6250,8.740496729931813,4.42008486562942,0,67,4.219507705176107,4.489,0.0,0.0,3,2,0,2.0,0.6666666666666666,282.8,1.0,0,1,1,0,0,0,0,0,0,0,0,0,0,0,0,0,0,0,1,0,0,0,0,0,0,0,0,0.0,0.0,0.0,0.0,0.0,0.0,0.0,0.0,0.0,7.254177846456518,0.0,0.0,0.0,0.0,0.0,8.740496729931813
310591,285936.0,806,6.692083742506628,0.649636,806,6.692083742506628,0,0.0,0,0.0,0.0,0,0.0,0.0,0,2,1.0986122886681098,0.004,2.0,1.0986122886681098,2,1,0,1.0,0.5,268.6666666666667,1.0,1,0,0,0,0,0,0,0,0,0,0,0,0,0,0,0,0,0,0,0,1,0,0,0,1,0,0,0.0,0.0,0.0,0.0,0.0,0.0,0.0,0.0,0.0,0.0,0.0,6.692083742506628,0.0,6.692083742506628,1.0986122886681098,0.0
310889,530000.0,1276,7.151485463904735,1.628176,2209,7.700295203420117,933,6.839476438228843,1276,7.152268856032539,0.7311912225705329,3116,8.044626279767337,2.4420062695924765,0,0,0.0,0.0,0.0,0.0,2,3,0,3.0,1.5,255.2,1.0,0,0,1,1,1,0,1,0,0,0,1,0,0,0,0,0,0,0,0,0,0,0,0,1,0,0,0,0.0,7.151485463904735,0.0,0.0,0.0,0.0,0.0,0.0,0.0,0.0,0.0,0.0,0.0,0.0,0.0,8.044626279767337
311132,515000.0,2170,7.682482446534506,4.7089,2990,8.003028666384733,820,6.710523109452428,930,6.836259277277067,0.8817204301075269,3421,8.137980454452139,1.5764976958525345,0,0,0.0,0.0,0.0,0.0,3,3,1,3.5,1.1666666666666667,361.6666666666667,2.0,0,0,1,1,1,0,1,0,0,0,1,0,0,0,0,0,0,0,0,0,0,0,1,0,0,0,0,0.0,7.682482446534506,0.0,0.0,0.0,0.0,0.0,0.0,0.0,0.0,0.0,0.0,0.0,0.0,0.0,8.137980454452139
311918,606942.0,1432,7.266827347520591,2.050624,2831,7.9483852851118995,1399,7.24422751560335,1432,7.267525427828172,0.9769553072625698,4050,8.30671904320269,2.828212290502793,0,0,0.0,0.0,0.0,0.0,2,3,0,3.0,1.5,286.4,1.0,0,0,1,1,1,0,1,0,0,0,1,0,0,0,0,0,0,0,0,0,0,0,0,0,0,0,0,0.0,7.266827347520591,0.0,0.0,0.0,0.0,0.0,0.0,0.0,0.0,0.0,0.0,0.0,0.0,0.0,8.30671904320269
312605,415000.0,1000,6.907755278982137,1.0,1311,7.1785454837637,311,5.7430031878094825,327,5.793013608384144,0.9510703363914373,0,0.0,0.0,0,115,4.7535901911063645,13.225,18.0,2.9444389791664403,2,2,0,2.0,1.0,250.0,2.0,1,1,0,1,1,0,0,1,0,1,0,0,0,0,0,0,0,0,0,0,0,0,0,1,0,0,0,6.907755278982137,0.0,0.0,0.0,0.0,0.0,0.0,0.0,0.0,0.0,0.0,0.0,0.0,6.907755278982137,4.7535901911063645,0.0
312735,179500.0,1200,7.090076835776092,1.44,1200,7.090076835776092,0,0.0,0,0.0,0.0,0,0.0,0.0,0,50,3.9318256327243257,2.5,0.0,0.0,2,2,0,2.0,1.0,300.0,1.0,1,1,0,0,0,0,0,0,0,0,0,0,0,0,0,0,0,0,0,0,0,1,0,0,1,0,0,0.0,0.0,0.0,0.0,0.0,0.0,0.0,0.0,0.0,0.0,0.0,0.0,7.090076835776092,7.090076835776092,3.9318256327243257,0.0
313184,733536.0,1794,7.492203042618741,3.218436,2560,7.847762537473608,766,6.642486801367256,866,6.7650389767805414,0.8845265588914549,3960,8.284251797621916,2.2073578595317724,0,0,0.0,0.0,0.0,0.0,3,3,1,3.5,1.1666666666666667,299.0,2.0,0,0,1,1,1,0,1,0,0,0,1,0,0,0,0,0,0,0,0,0,0,0,1,0,0,0,0,0.0,7.492203042618741,0.0,0.0,0.0,0.0,0.0,0.0,0.0,0.0,0.0,0.0,0.0,0.0,0.0,8.284251797621916
313414,415000.0,1458,7.284820912568604,2.125764,1458,7.284820912568604,0,0.0,0,0.0,0.0,983,6.891625897052253,0.6742112482853223,0,6,1.9459101490553132,0.036,6.0,1.9459101490553132,3,2,1,2.5,0.8333333333333334,291.6,2.0,0,0,1,0,0,0,0,0,0,0,1,0,0,0,0,0,0,0,0,0,0,0,0,1,0,0,0,0.0,7.284820912568604,0.0,0.0,0.0,0.0,0.0,0.0,0.0,0.0,0.0,0.0,0.0,0.0,0.0,6.891625897052253
314005,632059.0,1367,7.220373836723949,1.868689,1367,7.220373836723949,0,0.0,0,0.0,0.0,814,6.703188113240863,0.5954645208485735,0,2,1.0986122886681098,0.004,2.0,1.0986122886681098,2,2,1,2.5,1.25,341.75,3.0,0,0,1,0,0,0,0,0,0,0,0,1,0,0,0,0,0,0,0,0,0,0,0,0,1,0,0,0.0,0.0,7.220373836723949,0.0,0.0,0.0,0.0,0.0,0.0,0.0,0.0,0.0,0.0,0.0,0.0,6.703188113240863
314569,295000.0,880,6.779921907472252,0.7744,880,6.779921907472252,0,0.0,0,0.0,0.0,0,0.0,0.0,0,13,2.6390573296152584,0.169,13.0,2.6390573296152584,1,1,0,1.0,1.0,440.0,1.0,1,0,0,0,0,0,0,0,0,0,1,0,0,0,0,0,0,0,0,0,0,0,0,0,1,0,0,0.0,6.779921907472252,0.0,0.0,0.0,0.0,0.0,0.0,0.0,0.0,0.0,0.0,0.0,6.779921907472252,2.6390573296152584,0.0
314665,422000.0,2957,7.9919305198524775,8.743849,2957,7.9919305198524775,0,0.0,655,6.486160788944089,0.0,5000,8.517393171418904,1.6909029421711195,0,5,1.791759469228055,0.025,5.0,1.791759469228055,4,2,1,2.5,0.625,492.8333333333333,2.5,0,0,1,1,0,0,0,0,0,0,0,0,0,0,0,0,0,0,0,0,0,0,0,0,0,0,1,0.0,0.0,0.0,0.0,0.0,0.0,0.0,0.0,0.0,0.0,0.0,0.0,0.0,0.0,0.0,8.517393171418904
315320,223000.0,1142,7.040536390215956,1.304164,1142,7.040536390215956,0,0.0,0,0.0,0.0,0,0.0,0.0,0,47,3.871201010907891,2.209,2.0,1.0986122886681098,2,1,1,1.5,0.75,380.6666666666667,2.0,1,1,0,0,0,0,0,0,0,0,0,0,0,0,0,0,0,0,0,0,0,1,0,0,1,0,0,0.0,0.0,0.0,0.0,0.0,0.0,0.0,0.0,0.0,0.0,0.0,0.0,7.040536390215956,7.040536390215956,3.871201010907891,0.0
315882,570000.0,1791,7.490529402060711,3.207681,1791,7.490529402060711,0,0.0,0,0.0,0.0,1210,7.099201743553092,0.6756002233389168,0,2,1.0986122886681098,0.004,2.0,1.0986122886681098,3,3,1,3.5,1.1666666666666667,298.5,3.0,0,0,1,0,0,0,0,0,0,0,0,0,0,0,0,0,0,1,0,0,0,0,0,0,1,0,0,0.0,0.0,0.0,0.0,0.0,0.0,0.0,0.0,7.490529402060711,0.0,0.0,0.0,0.0,0.0,0.0,7.099201743553092
317466,530000.0,1284,7.157735484249907,1.648656,2487,7.818832443803404,1203,7.093404625868766,1284,7.158513997329321,0.9369158878504673,2970,7.9966538754626075,2.3130841121495327,0,0,0.0,0.0,0.0,0.0,2,3,0,3.0,1.5,256.8,1.0,0,0,1,1,1,0,1,0,0,0,1,0,0,0,0,0,0,0,0,0,0,0,0,1,0,0,0,0.0,7.157735484249907,0.0,0.0,0.0,0.0,0.0,0.0,0.0,0.0,0.0,0.0,0.0,0.0,0.0,7.9966538754626075
318177,270000.0,608,6.410174881966167,0.369664,608,6.410174881966167,0,0.0,0,0.0,0.0,0,0.0,0.0,0,60,4.110873864173311,3.6,0.0,0.0,1,1,0,1.0,1.0,304.0,1.0,1,1,0,0,0,0,0,0,0,1,0,0,0,0,0,0,0,0,0,0,0,0,0,0,1,0,0,6.410174881966167,0.0,0.0,0.0,0.0,0.0,0.0,0.0,0.0,0.0,0.0,0.0,0.0,6.410174881966167,4.110873864173311,0.0
319048,950000.0,1424,7.261225091971921,2.027776,1424,7.261225091971921,0,0.0,0,0.0,0.0,0,0.0,0.0,0,2,1.0986122886681098,0.004,2.0,1.0986122886681098,3,2,0,2.0,0.6666666666666666,284.8,1.0,1,0,0,0,0,0,0,0,0,0,0,0,0,0,0,0,0,0,0,0,1,0,0,1,0,0,0,0.0,0.0,0.0,0.0,0.0,0.0,0.0,0.0,0.0,0.0,0.0,7.261225091971921,0.0,7.261225091971921,1.0986122886681098,0.0
319194,512500.0,1653,7.410347097821024,2.732409,2371,7.771067086065406,718,6.577861357721047,803,6.6895992691789665,0.8941469489414695,2878,7.965198290612176,1.7410768300060495,0,0,0.0,0.0,0.0,0.0,3,3,1,3.5,1.1666666666666667,275.5,2.0,0,0,1,1,1,0,1,0,0,0,1,0,0,0,0,0,0,0,0,0,0,0,0,1,0,0,0,0.0,7.410347097821024,0.0,0.0,0.0,0.0,0.0,0.0,0.0,0.0,0.0,0.0,0.0,0.0,0.0,7.965198290612176
319358,690000.0,1383,7.232010331664759,1.912689,2766,7.925157512224703,1383,7.232733136177615,1383,7.232733136177615,1.0,7810,8.963288275610298,5.647143890093998,0,96,4.574710978503383,9.216,96.0,4.574710978503383,2,2,0,2.0,1.0,345.75,1.0,0,0,1,1,1,0,0,1,0,0,0,0,0,0,0,0,0,0,1,0,0,0,0,0,0,0,0,0.0,0.0,0.0,0.0,0.0,0.0,0.0,0.0,0.0,7.232010331664759,0.0,0.0,0.0,0.0,0.0,8.963288275610298
319536,312900.0,948,6.854354502255021,0.898704,948,6.854354502255021,0,0.0,0,0.0,0.0,0,0.0,0.0,0,13,2.6390573296152584,0.169,13.0,2.6390573296152584,1,1,0,1.0,1.0,474.0,1.0,1,0,0,0,0,0,0,0,0,0,1,0,0,0,0,0,0,0,0,0,0,0,0,0,1,0,0,0.0,6.854354502255021,0.0,0.0,0.0,0.0,0.0,0.0,0.0,0.0,0.0,0.0,0.0,6.854354502255021,2.6390573296152584,0.0
319588,722291.0,2724,7.909856667269403,7.420176,2724,7.909856667269403,0,0.0,1055,6.962243464266207,0.0,2705,7.903226808730733,0.9930249632892805,0,0,0.0,0.0,0.0,0.0,3,3,1,3.5,1.1666666666666667,454.0,3.0,0,0,1,1,0,0,1,0,0,0,1,0,0,0,0,0,0,0,0,0,0,0,0,1,0,0,0,0.0,7.909856667269403,0.0,0.0,0.0,0.0,0.0,0.0,0.0,0.0,0.0,0.0,0.0,0.0,0.0,7.903226808730733
319600,384059.0,2010,7.605890001053122,4.0401,2010,7.605890001053122,0,0.0,828,6.720220155135295,0.0,4950,8.507344855361422,2.462686567164179,0,1,0.6931471805599453,0.001,1.0,0.6931471805599453,4,2,1,2.5,0.625,335.0,2.0,0,0,1,1,0,0,1,0,0,0,0,0,0,0,0,0,0,0,0,0,0,0,1,0,0,0,0,0.0,0.0,0.0,0.0,0.0,0.0,0.0,0.0,0.0,0.0,0.0,0.0,0.0,0.0,0.0,8.507344855361422
320139,499900.0,1612,7.385230923066573,2.598544,1612,7.385230923066573,0,0.0,0,0.0,0.0,3840,8.253488028345904,2.3821339950372207,0,16,2.833213344056216,0.256,16.0,2.833213344056216,3,2,1,2.5,0.8333333333333334,322.4,2.0,0,1,1,0,0,0,0,0,0,0,1,0,0,0,0,0,0,0,0,0,0,0,1,0,0,0,0,0.0,7.385230923066573,0.0,0.0,0.0,0.0,0.0,0.0,0.0,0.0,0.0,0.0,0.0,0.0,0.0,8.253488028345904
320165,340000.0,2509,7.827639546366422,6.295081,2509,7.827639546366422,0,0.0,1071,6.977281341630747,0.0,7810,8.963288275610298,3.112793941809486,0,0,0.0,0.0,0.0,0.0,3,2,2,3.0,1.0,501.8,3.0,0,0,1,1,0,0,1,0,0,0,0,0,0,0,0,0,0,0,1,0,0,0,0,0,0,0,1,0.0,0.0,0.0,0.0,0.0,0.0,0.0,0.0,0.0,7.827639546366422,0.0,0.0,0.0,0.0,0.0,8.963288275610298
320374,412224.0,2010,7.605890001053122,4.0401,2010,7.605890001053122,0,0.0,828,6.720220155135295,0.0,4950,8.507344855361422,2.462686567164179,0,1,0.6931471805599453,0.001,1.0,0.6931471805599453,3,2,1,2.5,0.8333333333333334,402.0,2.0,0,0,1,1,0,0,1,0,0,0,0,0,0,0,0,0,0,0,0,0,0,0,1,0,0,0,0,0.0,0.0,0.0,0.0,0.0,0.0,0.0,0.0,0.0,0.0,0.0,0.0,0.0,0.0,0.0,8.507344855361422
320507,832000.0,1653,7.410347097821024,2.732409,1653,7.410347097821024,0,0.0,0,0.0,0.0,0,0.0,0.0,0,17,2.8903717578961645,0.289,17.0,2.8903717578961645,2,2,0,2.0,1.0,413.25,1.0,1,1,0,0,0,0,0,0,0,0,0,0,0,0,0,0,0,0,0,0,1,0,0,1,0,0,0,0.0,0.0,0.0,0.0,0.0,0.0,0.0,0.0,0.0,0.0,0.0,7.410347097821024,0.0,7.410347097821024,2.8903717578961645,0.0
321363,340000.0,1731,7.456454555176209,2.996361,1731,7.456454555176209,0,0.0,0,0.0,0.0,2800,7.937731775260109,1.6175621028307337,0,15,2.772588722239781,0.225,15.0,2.772588722239781,3,2,1,2.5,0.8333333333333334,346.2,2.0,0,0,1,0,0,0,0,0,0,0,0,0,0,0,0,0,0,0,0,0,0,0,1,0,0,0,0,0.0,0.0,0.0,0.0,0.0,0.0,0.0,0.0,0.0,0.0,0.0,0.0,0.0,0.0,0.0,7.937731775260109
322061,495000.0,1802,7.496652438168283,3.247204,2500,7.824046010856292,698,6.54965074223381,728,6.591673732008658,0.9587912087912088,14100,9.55400099583723,7.824639289678135,0,70,4.2626798770413155,4.9,0.0,0.0,3,3,0,3.0,1.0,300.3333333333333,1.0,0,1,1,1,1,0,0,0,0,0,0,0,0,0,0,0,0,0,1,0,0,0,0,0,0,0,0,0.0,0.0,0.0,0.0,0.0,0.0,0.0,0.0,0.0,7.496652438168283,0.0,0.0,0.0,0.0,0.0,9.55400099583723
322209,180000.0,1050,6.956545443151569,1.1025,1050,6.956545443151569,0,0.0,0,0.0,0.0,0,0.0,0.0,0,45,3.828641396489095,2.025,15.0,2.772588722239781,2,2,0,2.0,1.0,262.5,1.0,1,1,0,0,0,0,0,0,0,0,0,0,1,0,0,0,0,0,0,0,0,0,0,1,0,0,0,0.0,0.0,0.0,6.956545443151569,0.0,0.0,0.0,0.0,0.0,0.0,0.0,0.0,0.0,6.956545443151569,3.828641396489095,0.0
322455,511000.0,1863,7.529943370601589,3.470769,1863,7.529943370601589,0,0.0,0,0.0,0.0,2014,7.608374474380783,1.0810520665593129,0,2,1.0986122886681098,0.004,2.0,1.0986122886681098,2,2,1,2.5,1.25,465.75,3.0,0,0,1,0,0,0,0,0,0,0,1,0,0,0,0,0,0,0,0,0,0,0,0,1,0,0,0,0.0,7.529943370601589,0.0,0.0,0.0,0.0,0.0,0.0,0.0,0.0,0.0,0.0,0.0,0.0,0.0,7.608374474380783
322845,1387000.0,3350,8.116715624819111,11.2225,4488,8.409162447202533,1138,7.037905963447182,1264,7.142827401161621,0.9003164556962026,5970,8.694669696546992,1.782089552238806,0,2,1.0986122886681098,0.004,2.0,1.0986122886681098,5,5,0,5.0,1.0,335.0,2.5,0,0,1,1,1,0,0,0,0,0,0,0,0,0,0,0,0,0,0,1,0,0,0,0,0,0,1,0.0,0.0,0.0,0.0,0.0,0.0,0.0,0.0,0.0,0.0,8.116715624819111,0.0,0.0,0.0,0.0,8.694669696546992
322915,665000.0,1109,7.011213987350367,1.229881,2107,7.653020413804189,998,6.906754778648554,1109,7.01211529430638,0.8999098286744815,4690,8.453401058328458,4.229035166816952,0,94,4.553876891600541,8.836,8.0,2.1972245773362196,2,3,0,3.0,1.5,221.8,1.0,0,1,1,1,1,0,0,1,0,0,0,0,0,0,0,0,0,0,1,0,0,0,0,0,0,0,0,0.0,0.0,0.0,0.0,0.0,0.0,0.0,0.0,0.0,7.011213987350367,0.0,0.0,0.0,0.0,0.0,8.453401058328458
323504,540000.0,1945,7.573017256052546,3.783025,2717,7.907283609426348,772,6.650279048587422,1945,7.57353126274595,0.3969151670951157,6866,8.834482608620677,3.530077120822622,0,1,0.6931471805599453,0.001,1.0,0.6931471805599453,2,2,0,2.0,1.0,486.25,1.0,0,0,1,1,1,0,1,0,0,0,0,0,0,0,0,0,0,0,0,0,0,0,0,0,0,0,0,0.0,0.0,0.0,0.0,0.0,0.0,0.0,0.0,0.0,0.0,0.0,0.0,0.0,0.0,0.0,8.834482608620677
323732,333000.0,1076,6.98100574072173,1.157776,1826,7.509883061154913,750,6.621405651764134,860,6.7580945044277305,0.872093023255814,6500,8.77971129020447,6.04089219330855,0,70,4.2626798770413155,4.9,0.0,0.0,2,2,0,2.0,1.0,269.0,1.0,0,1,1,1,1,0,0,0,0,0,0,0,0,0,0,0,0,0,1,0,0,0,0,0,0,0,0,0.0,0.0,0.0,0.0,0.0,0.0,0.0,0.0,0.0,6.98100574072173,0.0,0.0,0.0,0.0,0.0,8.77971129020447
323958,641979.0,4064,8.309922989258318,16.516096,4064,8.309922989258318,0,0.0,1966,7.584264818389059,0.0,11534,9.353141170607854,2.8380905511811023,0,0,0.0,0.0,0.0,0.0,5,3,0,3.0,0.6,508.0,2.0,0,0,1,1,0,0,1,0,0,0,0,0,0,0,0,0,0,0,0,0,0,0,1,0,0,0,0,0.0,0.0,0.0,0.0,0.0,0.0,0.0,0.0,0.0,0.0,0.0,0.0,0.0,0.0,0.0,9.353141170607854
324828,370000.0,904,6.806829360392176,0.817216,904,6.806829360392176,0,0.0,0,0.0,0.0,6800,8.824824939175638,7.522123893805309,502,36,3.6109179126442243,1.296,36.0,3.6109179126442243,3,2,0,2.0,0.6666666666666666,180.8,1.0,0,0,1,0,0,1,0,0,0,0,0,0,0,0,0,1,0,0,0,0,0,0,0,0,0,1,0,0.0,0.0,0.0,0.0,0.0,0.0,6.806829360392176,0.0,0.0,0.0,0.0,0.0,0.0,0.0,0.0,8.824824939175638
324964,335000.0,1650,7.408530566894626,2.7225,1650,7.408530566894626,0,0.0,0,0.0,0.0,4452,8.401333305321703,2.6981818181818182,0,13,2.6390573296152584,0.169,13.0,2.6390573296152584,3,2,1,2.5,0.8333333333333334,330.0,2.0,0,0,1,0,0,0,0,0,0,0,0,0,0,0,0,0,0,0,0,0,0,0,1,0,0,0,0,0.0,0.0,0.0,0.0,0.0,0.0,0.0,0.0,0.0,0.0,0.0,0.0,0.0,0.0,0.0,8.401333305321703
324988,213000.0,890,6.7912214627261855,0.7921,890,6.7912214627261855,0,0.0,0,0.0,0.0,0,0.0,0.0,0,49,3.912023005428146,2.401,10.0,2.3978952727983707,2,1,1,1.5,0.75,296.6666666666667,2.0,1,1,0,0,0,0,0,0,0,0,0,0,1,0,0,0,0,0,0,0,0,0,0,0,1,0,0,0.0,0.0,0.0,6.7912214627261855,0.0,0.0,0.0,0.0,0.0,0.0,0.0,0.0,0.0,6.7912214627261855,3.912023005428146,0.0
325162,178500.0,1200,7.090076835776092,1.44,1200,7.090076835776092,0,0.0,0,0.0,0.0,0,0.0,0.0,0,49,3.912023005428146,2.401,0.0,0.0,2,2,0,2.0,1.0,300.0,1.0,1,1,0,0,0,0,0,0,0,0,0,0,0,0,0,0,0,0,0,0,0,1,0,0,1,0,0,0.0,0.0,0.0,0.0,0.0,0.0,0.0,0.0,0.0,0.0,0.0,0.0,7.090076835776092,7.090076835776092,3.912023005428146,0.0
325884,115000.0,973,6.880384082186005,0.946729,973,6.880384082186005,0,0.0,0,0.0,0.0,0,0.0,0.0,0,47,3.871201010907891,2.209,47.0,3.871201010907891,2,1,0,1.0,0.5,324.3333333333333,2.0,1,0,0,0,0,0,0,0,0,0,0,0,1,0,0,0,0,0,0,0,0,0,0,1,0,0,0,0.0,0.0,0.0,6.880384082186005,0.0,0.0,0.0,0.0,0.0,0.0,0.0,0.0,0.0,6.880384082186005,3.871201010907891,0.0
326041,1020000.0,1209,7.097548850614793,1.461681,1209,7.097548850614793,0,0.0,0,0.0,0.0,0,0.0,0.0,0,2,1.0986122886681098,0.004,2.0,1.0986122886681098,2,2,0,2.0,1.0,302.25,1.0,1,0,0,0,0,0,0,0,0,0,0,0,0,0,0,0,0,0,0,0,1,0,0,0,1,0,0,0.0,0.0,0.0,0.0,0.0,0.0,0.0,0.0,0.0,0.0,0.0,7.097548850614793,0.0,7.097548850614793,1.0986122886681098,0.0
326087,882437.0,2710,7.904703913873747,7.3441,2710,7.904703913873747,0,0.0,2710,7.905072849498666,0.0,6691,8.808668062106715,2.4690036900369003,0,1,0.6931471805599453,0.001,1.0,0.6931471805599453,3,2,1,2.5,0.8333333333333334,542.0,1.0,0,0,1,1,0,0,1,0,0,0,1,0,0,0,0,0,0,0,0,0,0,0,0,0,0,0,0,0.0,7.904703913873747,0.0,0.0,0.0,0.0,0.0,0.0,0.0,0.0,0.0,0.0,0.0,0.0,0.0,8.808668062106715
326185,170000.0,870,6.76849321164863,0.7569,870,6.76849321164863,0,0.0,0,0.0,0.0,0,0.0,0.0,0,56,4.04305126783455,3.136,3.0,1.3862943611198906,2,1,0,1.0,0.5,290.0,1.0,1,1,0,0,0,0,0,0,0,0,0,0,0,0,0,0,0,0,0,0,0,1,0,1,0,0,0,0.0,0.0,0.0,0.0,0.0,0.0,0.0,0.0,0.0,0.0,0.0,0.0,6.76849321164863,6.76849321164863,4.04305126783455,0.0
326243,310000.0,1026,6.933423025730715,1.052676,1026,6.933423025730715,0,0.0,0,0.0,0.0,7510,8.924123891686012,7.319688109161794,976,51,3.9512437185814275,2.601,51.0,3.9512437185814275,2,2,0,2.0,1.0,256.5,1.0,0,0,1,0,0,1,0,0,0,0,0,0,0,0,0,0,1,0,0,0,0,0,0,0,0,1,0,0.0,0.0,0.0,0.0,0.0,0.0,0.0,6.933423025730715,0.0,0.0,0.0,0.0,0.0,0.0,0.0,8.924123891686012
326444,600000.0,2184,7.688913336864796,4.769856,3077,8.031710375322042,893,6.795705775173514,940,6.846943139585379,0.95,7000,8.853808274977197,3.2051282051282053,0,51,3.9512437185814275,2.601,0.0,0.0,3,2,1,2.5,0.8333333333333334,436.8,2.0,0,1,1,1,1,0,0,0,0,0,0,0,0,1,0,0,0,0,0,0,0,0,1,0,0,0,0,0.0,0.0,0.0,0.0,7.688913336864796,0.0,0.0,0.0,0.0,0.0,0.0,0.0,0.0,0.0,0.0,8.853808274977197
327112,276236.0,842,6.7357800142423265,0.708964,1592,7.3727463664043285,750,6.621405651764134,800,6.68586094706836,0.9375,5400,8.594339400592892,6.4133016627078385,0,37,3.6375861597263857,1.369,37.0,3.6375861597263857,2,3,0,3.0,1.5,168.4,1.0,0,0,1,1,1,0,0,0,0,0,0,0,0,0,0,0,1,0,0,0,0,0,0,0,0,0,0,0.0,0.0,0.0,0.0,0.0,0.0,0.0,6.7357800142423265,0.0,0.0,0.0,0.0,0.0,0.0,0.0,8.594339400592892
327159,661000.0,1500,7.313220387090301,2.25,2789,7.933438387627489,1289,7.162397497355718,1357,7.213768308118642,0.9498894620486367,5586,8.628197749459149,3.724,0,83,4.430816798843313,6.889,33.0,3.5263605246161616,3,2,0,2.0,0.6666666666666666,300.0,1.0,0,1,1,1,1,0,0,1,0,0,0,0,0,0,0,0,0,1,0,0,0,0,0,0,0,0,0,0.0,0.0,0.0,0.0,0.0,0.0,0.0,0.0,7.313220387090301,0.0,0.0,0.0,0.0,0.0,0.0,8.628197749459149
328117,390000.0,1282,7.156176637480615,1.643524,1282,7.156176637480615,0,0.0,0,0.0,0.0,0,0.0,0.0,0,58,4.07753744390572,3.364,0.0,0.0,2,2,0,2.0,1.0,320.5,1.0,1,1,0,0,0,0,0,0,0,1,0,0,0,0,0,0,0,0,0,0,0,0,0,1,0,0,0,7.156176637480615,0.0,0.0,0.0,0.0,0.0,0.0,0.0,0.0,0.0,0.0,0.0,0.0,7.156176637480615,4.07753744390572,0.0
329164,430000.0,880,6.779921907472252,0.7744,880,6.779921907472252,0,0.0,0,0.0,0.0,0,0.0,0.0,0,131,4.882801922586371,17.161,22.0,3.1354942159291497,1,1,0,1.0,1.0,440.0,1.0,1,1,0,0,0,0,0,1,0,0,0,0,0,0,1,0,0,0,0,0,0,0,0,0,1,0,0,0.0,0.0,0.0,0.0,0.0,6.779921907472252,0.0,0.0,0.0,0.0,0.0,0.0,0.0,6.779921907472252,4.882801922586371,0.0
329586,429475.0,1656,7.412160334945205,2.742336,3099,8.038834757787749,1443,7.275172319452771,1656,7.4127640174265625,0.8713768115942029,5050,8.527341522468053,3.0495169082125604,0,1,0.6931471805599453,0.001,1.0,0.6931471805599453,2,3,0,3.0,1.5,331.2,1.0,0,0,1,1,1,0,1,0,0,0,0,0,0,0,0,0,0,0,0,0,0,0,0,0,0,0,0,0.0,0.0,0.0,0.0,0.0,0.0,0.0,0.0,0.0,0.0,0.0,0.0,0.0,0.0,0.0,8.527341522468053
330103,945000.0,1649,7.407924322559599,2.719201,1649,7.407924322559599,0,0.0,0,0.0,0.0,1865,7.531552381407289,1.130988477865373,0,0,0.0,0.0,0.0,0.0,3,2,1,2.5,0.8333333333333334,329.8,3.0,0,0,1,0,0,0,1,0,0,0,1,0,0,0,0,0,0,0,0,0,0,0,0,1,0,0,0,0.0,7.407924322559599,0.0,0.0,0.0,0.0,0.0,0.0,0.0,0.0,0.0,0.0,0.0,0.0,0.0,7.531552381407289
330691,260923.0,1352,7.20934025660291,1.827904,1352,7.20934025660291,0,0.0,0,0.0,0.0,1912,7.556427969440253,1.4142011834319526,0,1,0.6931471805599453,0.001,1.0,0.6931471805599453,3,2,1,2.5,0.8333333333333334,270.4,2.0,0,0,1,0,0,0,1,0,0,0,1,0,0,0,0,0,0,0,0,0,0,0,0,1,0,0,0,0.0,7.20934025660291,0.0,0.0,0.0,0.0,0.0,0.0,0.0,0.0,0.0,0.0,0.0,0.0,0.0,7.556427969440253
330923,341020.0,1642,7.403670290012373,2.696164,1642,7.403670290012373,0,0.0,646,6.472346294500901,0.0,1289,7.162397497355718,0.7850182704019488,0,1,0.6931471805599453,0.001,1.0,0.6931471805599453,3,2,1,2.5,0.8333333333333334,328.4,2.0,0,0,1,1,0,0,1,0,0,0,0,0,0,0,0,0,0,0,0,0,0,0,0,0,1,0,0,0.0,0.0,0.0,0.0,0.0,0.0,0.0,0.0,0.0,0.0,0.0,0.0,0.0,0.0,0.0,7.162397497355718
331212,325000.0,810,6.697034247666484,0.6561,810,6.697034247666484,0,0.0,0,0.0,0.0,2579,7.855544677915663,3.1839506172839505,0,79,4.382026634673881,6.241,1.0,0.6931471805599453,2,1,0,1.0,0.5,270.0,1.0,0,1,1,0,0,0,0,0,0,0,0,0,0,0,0,0,0,1,0,0,0,0,0,1,0,0,0,0.0,0.0,0.0,0.0,0.0,0.0,0.0,0.0,6.697034247666484,0.0,0.0,0.0,0.0,0.0,0.0,7.855544677915663
331744,321500.0,969,6.876264611890766,0.938961,969,6.876264611890766,0,0.0,0,0.0,0.0,0,0.0,0.0,0,57,4.060443010546419,3.249,0.0,0.0,2,2,0,2.0,1.0,242.25,1.0,1,1,0,0,0,0,0,0,0,0,0,0,0,0,0,0,0,1,0,0,0,0,0,1,0,0,0,0.0,0.0,0.0,0.0,0.0,0.0,0.0,0.0,6.876264611890766,0.0,0.0,0.0,0.0,6.876264611890766,4.060443010546419,0.0
332322,571554.0,1898,7.5485559791698735,3.602404,2524,7.8336002236611035,626,6.440946540632921,871,6.77078942390898,0.7187141216991964,3443,8.144388865547622,1.8140147523709167,0,0,0.0,0.0,0.0,0.0,3,3,1,3.5,1.1666666666666667,316.3333333333333,2.0,0,0,1,1,1,0,1,0,0,0,1,0,0,0,0,0,0,0,0,0,0,0,1,0,0,0,0,0.0,7.5485559791698735,0.0,0.0,0.0,0.0,0.0,0.0,0.0,0.0,0.0,0.0,0.0,0.0,0.0,8.144388865547622
332408,759141.0,2280,7.731930721948486,5.1984,3549,8.174421152646497,1269,7.146772179452637,1426,7.2633296174768365,0.8899018232819075,5901,8.683046555502886,2.588157894736842,0,1,0.6931471805599453,0.001,0.0,0.0,2,4,1,4.5,2.25,380.0,1.0,0,1,1,1,1,0,1,0,0,0,1,0,0,0,0,0,0,0,0,0,0,0,0,0,0,0,0,0.0,7.731930721948486,0.0,0.0,0.0,0.0,0.0,0.0,0.0,0.0,0.0,0.0,0.0,0.0,0.0,8.683046555502886
333121,1185000.0,2718,7.907651594711089,7.387524,3875,8.262300941787448,1157,7.05444965813294,1217,7.1049654482698426,0.9506984387838948,6250,8.740496729931813,2.299484915378955,0,97,4.584967478670572,9.409,2.0,1.0986122886681098,4,4,0,4.0,1.0,339.75,2.0,0,1,1,1,1,0,0,1,0,1,0,0,0,0,0,0,0,0,0,0,0,0,1,0,0,0,0,7.907651594711089,0.0,0.0,0.0,0.0,0.0,0.0,0.0,0.0,0.0,0.0,0.0,0.0,0.0,0.0,8.740496729931813
333128,302725.0,1454,7.282073658093465,2.114116,1454,7.282073658093465,0,0.0,0,0.0,0.0,1500,7.313886831633462,1.031636863823934,0,1,0.6931471805599453,0.001,1.0,0.6931471805599453,3,2,1,2.5,0.8333333333333334,290.8,2.0,0,0,1,0,0,0,1,0,0,0,0,0,0,0,0,0,0,0,0,0,0,0,0,0,1,0,0,0.0,0.0,0.0,0.0,0.0,0.0,0.0,0.0,0.0,0.0,0.0,0.0,0.0,0.0,0.0,7.313886831633462
333292,657500.0,2308,7.744136627627991,5.326864,3262,8.09009578318096,954,6.86171134048073,1154,7.051855622955894,0.8266897746967071,3780,8.237743803890933,1.6377816291161178,0,17,2.8903717578961645,0.289,17.0,2.8903717578961645,4,3,1,3.5,0.875,329.7142857142857,2.0,0,1,1,1,1,0,0,0,0,0,1,0,0,0,0,0,0,0,0,0,0,0,1,0,0,0,0,0.0,7.744136627627991,0.0,0.0,0.0,0.0,0.0,0.0,0.0,0.0,0.0,0.0,0.0,0.0,0.0,8.237743803890933
333500,420000.0,1064,6.96979066990159,1.132096,1064,6.96979066990159,0,0.0,0,0.0,0.0,0,0.0,0.0,0,132,4.890349128221754,17.424,18.0,2.9444389791664403,2,1,0,1.0,0.5,354.6666666666667,2.0,1,1,0,0,0,0,0,1,0,0,0,1,0,0,0,0,0,0,0,0,0,0,0,1,0,0,0,0.0,0.0,6.96979066990159,0.0,0.0,0.0,0.0,0.0,0.0,0.0,0.0,0.0,0.0,6.96979066990159,4.890349128221754,0.0
333561,420000.0,840,6.733401891837359,0.7056,1482,7.301147805856032,642,6.466144724237619,840,6.734591659972948,0.7642857142857142,6250,8.740496729931813,7.440476190476191,0,69,4.248495242049359,4.761,3.0,1.3862943611198906,2,2,0,2.0,1.0,210.0,1.0,0,1,1,1,1,0,0,0,0,0,0,0,0,0,0,0,0,0,1,0,0,0,0,0,0,0,0,0.0,0.0,0.0,0.0,0.0,0.0,0.0,0.0,0.0,6.733401891837359,0.0,0.0,0.0,0.0,0.0,8.740496729931813
334274,1000000.0,2680,7.893572073504902,7.1824,3104,8.04044688130311,424,6.052089168924417,524,6.263398262591624,0.8091603053435115,3000,8.006700845440367,1.1194029850746268,0,0,0.0,0.0,0.0,0.0,4,3,2,4.0,1.0,382.85714285714283,2.5,0,0,1,1,1,0,1,0,0,0,1,0,0,0,0,0,0,0,0,0,0,0,0,0,0,0,1,0.0,7.893572073504902,0.0,0.0,0.0,0.0,0.0,0.0,0.0,0.0,0.0,0.0,0.0,0.0,0.0,8.006700845440367
334582,362000.0,1803,7.497207223203318,3.250809,1803,7.497207223203318,0,0.0,0,0.0,0.0,6028,8.704336438489406,3.3433166943982253,0,16,2.833213344056216,0.256,0.0,0.0,3,2,1,2.5,0.8333333333333334,360.6,2.0,0,1,1,0,0,0,0,0,0,0,0,0,0,0,0,0,0,0,0,0,0,0,1,0,0,0,0,0.0,0.0,0.0,0.0,0.0,0.0,0.0,0.0,0.0,0.0,0.0,0.0,0.0,0.0,0.0,8.704336438489406
334660,336000.0,1653,7.410347097821024,2.732409,1653,7.410347097821024,0,0.0,405,6.0063531596017325,0.0,8444,9.041329829241901,5.1082879612825165,0,20,3.044522437723423,0.4,20.0,3.044522437723423,4,2,1,2.5,0.625,275.5,2.0,0,0,1,1,0,0,0,0,0,0,0,0,0,0,0,0,1,0,0,0,0,0,1,0,0,0,0,0.0,0.0,0.0,0.0,0.0,0.0,0.0,7.410347097821024,0.0,0.0,0.0,0.0,0.0,0.0,0.0,9.041329829241901
334821,525000.0,1650,7.408530566894626,2.7225,2407,7.786136437783072,757,6.630683385642372,797,6.682108597449809,0.9498117942283564,2201,7.697121317282625,1.333939393939394,0,5,1.791759469228055,0.025,5.0,1.791759469228055,2,3,1,3.5,1.75,330.0,2.0,0,0,1,1,1,0,0,0,0,0,1,0,0,0,0,0,0,0,0,0,0,0,0,0,1,0,0,0.0,7.408530566894626,0.0,0.0,0.0,0.0,0.0,0.0,0.0,0.0,0.0,0.0,0.0,0.0,0.0,7.697121317282625
335193,306500.0,1754,7.469654172932128,3.076516,1754,7.469654172932128,0,0.0,0,0.0,0.0,3115,8.044305406990638,1.7759407069555302,0,15,2.772588722239781,0.225,15.0,2.772588722239781,3,2,1,2.5,0.8333333333333334,350.8,2.0,0,0,1,0,0,0,0,0,0,0,0,0,0,0,0,0,0,0,0,0,0,0,1,0,0,0,0,0.0,0.0,0.0,0.0,0.0,0.0,0.0,0.0,0.0,0.0,0.0,0.0,0.0,0.0,0.0,8.044305406990638
335544,650000.0,2312,7.7458682297922685,5.345344,2312,7.7458682297922685,0,0.0,2312,7.746300662231439,0.0,7144,8.874168090363968,3.0899653979238755,0,8,2.1972245773362196,0.064,0.0,0.0,3,2,1,2.5,0.8333333333333334,462.4,1.0,0,1,1,1,0,0,0,0,0,0,0,0,0,1,0,0,0,0,0,0,0,0,0,0,0,0,0,0.0,0.0,0.0,0.0,7.7458682297922685,0.0,0.0,0.0,0.0,0.0,0.0,0.0,0.0,0.0,0.0,8.874168090363968
335739,335000.0,1650,7.408530566894626,2.7225,1650,7.408530566894626,0,0.0,0,0.0,0.0,3280,8.0959035329611,1.9878787878787878,0,12,2.5649493574615367,0.144,12.0,2.5649493574615367,3,2,1,2.5,0.8333333333333334,330.0,2.0,0,0,1,0,0,0,0,0,0,0,0,0,0,0,0,0,0,0,0,0,0,0,1,0,0,0,0,0.0,0.0,0.0,0.0,0.0,0.0,0.0,0.0,0.0,0.0,0.0,0.0,0.0,0.0,0.0,8.0959035329611
335798,434700.0,2139,7.668093709082406,4.575321,3020,8.013012110368916,881,6.782192056006791,958,6.8658910748834385,0.9196242171189979,4545,8.422003004412488,2.1248246844319776,0,1,0.6931471805599453,0.001,1.0,0.6931471805599453,4,3,1,3.5,0.875,305.57142857142856,2.0,0,0,1,1,1,0,1,0,0,0,0,0,0,0,0,0,0,0,0,0,0,0,1,0,0,0,0,0.0,0.0,0.0,0.0,0.0,0.0,0.0,0.0,0.0,0.0,0.0,0.0,0.0,0.0,0.0,8.422003004412488
335811,352500.0,1845,7.520234556474628,3.404025,1845,7.520234556474628,0,0.0,0,0.0,0.0,6483,8.777092882855566,3.513821138211382,0,17,2.8903717578961645,0.289,17.0,2.8903717578961645,3,2,1,2.5,0.8333333333333334,369.0,2.0,0,0,1,0,0,0,0,0,0,0,0,0,0,0,0,0,0,0,0,0,0,0,1,0,0,0,0,0.0,0.0,0.0,0.0,0.0,0.0,0.0,0.0,0.0,0.0,0.0,0.0,0.0,0.0,0.0,8.777092882855566
336149,666847.0,1966,7.583756300707112,3.865156,2687,7.8961806086154915,721,6.582025138892826,1021,6.92951677076365,0.7061704211557297,3174,8.063062911326792,1.6144455747711088,0,1,0.6931471805599453,0.001,1.0,0.6931471805599453,3,3,1,3.5,1.1666666666666667,327.6666666666667,2.0,0,0,1,1,1,0,1,0,0,0,1,0,0,0,0,0,0,0,0,0,0,0,1,0,0,0,0,0.0,7.583756300707112,0.0,0.0,0.0,0.0,0.0,0.0,0.0,0.0,0.0,0.0,0.0,0.0,0.0,8.063062911326792
336475,232000.0,711,6.566672429803241,0.505521,711,6.566672429803241,0,0.0,0,0.0,0.0,0,0.0,0.0,0,61,4.127134385045092,3.721,61.0,4.127134385045092,1,1,0,1.0,1.0,355.5,1.0,1,0,0,0,0,0,0,0,0,1,0,0,0,0,0,0,0,0,0,0,0,0,0,0,1,0,0,6.566672429803241,0.0,0.0,0.0,0.0,0.0,0.0,0.0,0.0,0.0,0.0,0.0,0.0,6.566672429803241,4.127134385045092,0.0
336490,800000.0,2689,7.896924656268864,7.230721,3331,8.11102783819368,642,6.466144724237619,1285,7.1592919047975645,0.49961089494163424,11280,9.33087517360492,4.194867980661956,0,53,3.9889840465642745,2.809,4.0,1.6094379124341003,4,2,1,2.5,0.625,448.1666666666667,2.0,0,1,1,1,1,0,0,0,0,0,0,0,0,1,0,0,0,0,0,0,0,0,1,0,0,0,0,0.0,0.0,0.0,0.0,7.896924656268864,0.0,0.0,0.0,0.0,0.0,0.0,0.0,0.0,0.0,0.0,9.33087517360492
336493,144000.0,855,6.75110146893676,0.731025,855,6.75110146893676,0,0.0,0,0.0,0.0,0,0.0,0.0,0,53,3.9889840465642745,2.809,0.0,0.0,1,1,0,1.0,1.0,427.5,1.0,1,1,0,0,0,0,0,0,0,0,0,0,0,0,0,0,0,0,0,0,0,1,0,0,1,0,0,0.0,0.0,0.0,0.0,0.0,0.0,0.0,0.0,0.0,0.0,0.0,0.0,6.75110146893676,6.75110146893676,3.9889840465642745,0.0
336785,182850.0,1000,6.907755278982137,1.0,1000,6.907755278982137,0,0.0,0,0.0,0.0,0,0.0,0.0,0,46,3.8501476017100584,2.116,0.0,0.0,2,1,0,1.0,0.5,333.3333333333333,1.0,1,1,0,0,0,0,0,0,0,0,0,0,1,0,0,0,0,0,0,0,0,0,0,1,0,0,0,0.0,0.0,0.0,6.907755278982137,0.0,0.0,0.0,0.0,0.0,0.0,0.0,0.0,0.0,6.907755278982137,3.8501476017100584,0.0
336830,1150000.0,1389,7.236339342754344,1.929321,1389,7.236339342754344,0,0.0,0,0.0,0.0,0,0.0,0.0,0,2,1.0986122886681098,0.004,2.0,1.0986122886681098,2,2,0,2.0,1.0,347.25,1.0,1,0,0,0,0,0,0,0,0,0,0,0,0,0,0,0,0,0,0,0,1,0,0,0,1,0,0,0.0,0.0,0.0,0.0,0.0,0.0,0.0,0.0,0.0,0.0,0.0,7.236339342754344,0.0,7.236339342754344,1.0986122886681098,0.0
337424,379900.0,1423,7.260522598089852,2.024929,1423,7.260522598089852,0,0.0,0,0.0,0.0,0,0.0,0.0,0,22,3.1354942159291497,0.484,22.0,3.1354942159291497,2,2,0,2.0,1.0,355.75,1.0,1,0,0,0,0,0,0,0,0,0,0,0,0,0,0,1,0,0,0,0,0,0,0,1,0,0,0,0.0,0.0,0.0,0.0,0.0,0.0,7.260522598089852,0.0,0.0,0.0,0.0,0.0,0.0,7.260522598089852,3.1354942159291497,0.0
338454,590000.0,2112,7.655390644826152,4.460544,2112,7.655390644826152,0,0.0,294,5.68697535633982,0.0,6290,8.74687531957003,2.978219696969697,0,128,4.859812404361672,16.384,0.0,0.0,3,1,1,1.5,0.5,528.0,2.0,0,1,1,1,0,0,0,1,0,0,0,0,0,0,0,0,0,0,0,1,0,0,1,0,0,0,0,0.0,0.0,0.0,0.0,0.0,0.0,0.0,0.0,0.0,0.0,7.655390644826152,0.0,0.0,0.0,0.0,8.74687531957003
338815,296975.0,1317,7.183111701743281,1.734489,1317,7.183111701743281,0,0.0,0,0.0,0.0,1975,7.588829878307813,1.4996203492786637,0,1,0.6931471805599453,0.001,1.0,0.6931471805599453,2,2,1,2.5,1.25,329.25,2.0,0,0,1,0,0,0,1,0,0,0,0,0,0,0,0,0,0,0,0,0,0,0,0,1,0,0,0,0.0,0.0,0.0,0.0,0.0,0.0,0.0,0.0,0.0,0.0,0.0,0.0,0.0,0.0,0.0,7.588829878307813
338862,183808.0,1182,7.074963197966044,1.397124,1182,7.074963197966044,0,0.0,0,0.0,0.0,1654,7.411556287811163,1.3993231810490694,0,2,1.0986122886681098,0.004,2.0,1.0986122886681098,2,2,1,2.5,1.25,295.5,2.0,0,0,1,0,0,0,0,0,0,0,1,0,0,0,0,0,0,0,0,0,0,0,0,1,0,0,0,0.0,7.074963197966044,0.0,0.0,0.0,0.0,0.0,0.0,0.0,0.0,0.0,0.0,0.0,0.0,0.0,7.411556287811163
338948,706500.0,2613,7.868254265520613,6.827769,3470,8.151909872940905,857,6.754604099487962,937,6.843749949006225,0.9146211312700107,3631,8.197538739721184,1.3895905089934941,0,4,1.6094379124341003,0.016,4.0,1.6094379124341003,3,3,1,3.5,1.1666666666666667,435.5,2.5,0,0,1,1,1,0,0,0,0,0,1,0,0,0,0,0,0,0,0,0,0,0,0,0,0,0,1,0.0,7.868254265520613,0.0,0.0,0.0,0.0,0.0,0.0,0.0,0.0,0.0,0.0,0.0,0.0,0.0,8.197538739721184
339967,319000.0,1164,7.059617628291383,1.354896,1164,7.059617628291383,0,0.0,0,0.0,0.0,5197,8.556029215201436,4.464776632302406,0,19,2.995732273553991,0.361,19.0,2.995732273553991,3,2,0,2.0,0.6666666666666666,232.8,1.0,0,1,1,0,0,0,0,0,0,0,0,0,0,0,0,0,0,0,0,0,0,0,0,0,0,0,0,0.0,0.0,0.0,0.0,0.0,0.0,0.0,0.0,0.0,0.0,0.0,0.0,0.0,0.0,0.0,8.556029215201436
341400,350000.0,1271,7.147559271189454,1.615441,1770,7.478734825567875,499,6.214608098422191,624,6.437751649736401,0.7996794871794872,5110,8.53915035876828,4.020456333595594,0,33,3.5263605246161616,1.089,0.0,0.0,2,2,1,2.5,1.25,317.75,2.0,0,1,1,1,1,0,0,0,0,0,0,0,0,0,0,0,0,0,0,0,0,0,1,0,0,0,0,0.0,0.0,0.0,0.0,0.0,0.0,0.0,0.0,0.0,0.0,0.0,0.0,0.0,0.0,0.0,8.53915035876828
342944,506450.0,2927,7.9817332866918855,8.567329,4241,8.352554369474591,1314,7.181591944611865,1314,7.181591944611865,1.0,7000,8.853808274977197,2.3915271609156132,0,12,2.5649493574615367,0.144,12.0,2.5649493574615367,4,3,1,3.5,0.875,418.14285714285717,2.0,0,0,1,1,1,0,0,0,0,0,0,0,0,0,0,0,0,0,0,0,0,0,1,0,0,0,0,0.0,0.0,0.0,0.0,0.0,0.0,0.0,0.0,0.0,0.0,0.0,0.0,0.0,0.0,0.0,8.853808274977197
342970,312500.0,934,6.839476438228843,0.872356,934,6.839476438228843,0,0.0,528,6.270988431858299,0.0,5600,8.630700432209832,5.995717344753747,0,34,3.5553480614894135,1.156,0.0,0.0,2,1,0,1.0,0.5,311.3333333333333,1.0,0,1,1,1,0,0,0,0,0,0,0,0,0,0,0,0,0,0,0,0,0,0,0,0,0,0,0,0.0,0.0,0.0,0.0,0.0,0.0,0.0,0.0,0.0,0.0,0.0,0.0,0.0,0.0,0.0,8.630700432209832
343887,355000.0,1960,7.580699752224563,3.8416,1960,7.580699752224563,0,0.0,0,0.0,0.0,4427,8.395703293828527,2.2586734693877553,0,15,2.772588722239781,0.225,15.0,2.772588722239781,3,2,1,2.5,0.8333333333333334,392.0,2.0,0,1,1,0,0,0,0,0,0,0,0,0,0,0,0,0,0,0,0,0,0,0,1,0,0,0,0,0.0,0.0,0.0,0.0,0.0,0.0,0.0,0.0,0.0,0.0,0.0,0.0,0.0,0.0,0.0,8.395703293828527
345065,275000.0,426,6.054439346269371,0.181476,426,6.054439346269371,0,0.0,0,0.0,0.0,0,0.0,0.0,0,2,1.0986122886681098,0.004,2.0,1.0986122886681098,0,1,0,1.0,1.0,426.0,1.0,1,0,0,0,0,0,0,0,1,0,0,0,0,0,0,0,0,0,0,0,1,0,0,0,1,0,0,0.0,0.0,0.0,0.0,0.0,0.0,0.0,0.0,0.0,0.0,0.0,6.054439346269371,0.0,6.054439346269371,1.0986122886681098,0.0
345231,165000.0,547,6.304448802421981,0.299209,547,6.304448802421981,0,0.0,0,0.0,0.0,0,0.0,0.0,0,129,4.867534450455582,16.641,19.0,2.995732273553991,0,1,0,1.0,1.0,547.0,1.0,1,1,0,0,0,0,0,1,1,0,0,1,0,0,0,0,0,0,0,0,0,0,0,1,0,0,0,0.0,0.0,6.304448802421981,0.0,0.0,0.0,0.0,0.0,0.0,0.0,0.0,0.0,0.0,6.304448802421981,4.867534450455582,0.0
346227,570000.0,1048,6.954638864880987,1.098304,2043,7.622174594817622,995,6.903747257584598,1048,6.955592608396297,0.9494274809160306,6250,8.740496729931813,5.963740458015267,0,73,4.30406509320417,5.329,7.0,2.0794415416798357,3,2,0,2.0,0.6666666666666666,209.6,1.0,0,1,1,1,1,0,0,0,0,0,0,0,0,0,0,0,0,0,1,0,0,0,0,0,0,0,0,0.0,0.0,0.0,0.0,0.0,0.0,0.0,0.0,0.0,6.954638864880987,0.0,0.0,0.0,0.0,0.0,8.740496729931813
347118,922878.0,1966,7.583756300707112,3.865156,2866,7.960672608388117,900,6.803505257608338,1021,6.92951677076365,0.881488736532811,3600,8.188966863648876,1.8311291963377416,0,0,0.0,0.0,0.0,0.0,3,3,1,3.5,1.1666666666666667,327.6666666666667,2.0,0,0,1,1,1,0,1,0,0,0,1,0,0,0,0,0,0,0,0,0,0,0,1,0,0,0,0,0.0,7.583756300707112,0.0,0.0,0.0,0.0,0.0,0.0,0.0,0.0,0.0,0.0,0.0,0.0,0.0,8.188966863648876
347346,175000.0,692,6.539585955617669,0.478864,692,6.539585955617669,0,0.0,0,0.0,0.0,0,0.0,0.0,0,41,3.7376696182833684,1.681,0.0,0.0,1,1,0,1.0,1.0,346.0,1.0,1,1,0,0,0,0,0,0,0,0,0,0,0,1,0,0,0,0,0,0,0,0,0,0,1,0,0,0.0,0.0,0.0,0.0,6.539585955617669,0.0,0.0,0.0,0.0,0.0,0.0,0.0,0.0,6.539585955617669,3.7376696182833684,0.0
347452,475000.0,1264,7.142036574706803,1.597696,2401,7.783640596221253,1137,7.037027614686276,1264,7.142827401161621,0.8995253164556962,14900,9.60918360377546,11.787974683544304,0,53,3.9889840465642745,2.809,0.0,0.0,3,3,0,3.0,1.0,210.66666666666666,1.0,0,1,1,1,1,0,0,0,0,0,0,0,1,0,0,0,0,0,0,0,0,0,0,0,0,0,0,0.0,0.0,0.0,7.142036574706803,0.0,0.0,0.0,0.0,0.0,0.0,0.0,0.0,0.0,0.0,0.0,9.60918360377546
347751,508934.0,1639,7.40184157874383,2.686321,2260,7.723120092266331,621,6.432940092739179,759,6.633318433280377,0.8181818181818182,3039,8.019612794400267,1.8541793776693105,0,0,0.0,0.0,0.0,0.0,3,3,1,3.5,1.1666666666666667,273.1666666666667,2.0,0,0,1,1,1,0,1,0,0,0,1,0,0,0,0,0,0,0,0,0,0,0,0,1,0,0,0,0.0,7.40184157874383,0.0,0.0,0.0,0.0,0.0,0.0,0.0,0.0,0.0,0.0,0.0,0.0,0.0,8.019612794400267
348349,234900.0,975,6.882437470997847,0.950625,975,6.882437470997847,0,0.0,0,0.0,0.0,0,0.0,0.0,0,14,2.70805020110221,0.196,14.0,2.70805020110221,2,2,0,2.0,1.0,243.75,1.0,1,0,0,0,0,0,0,0,0,0,0,0,0,0,0,1,0,0,0,0,0,0,0,0,1,0,0,0.0,0.0,0.0,0.0,0.0,0.0,6.882437470997847,0.0,0.0,0.0,0.0,0.0,0.0,6.882437470997847,2.70805020110221,0.0
349380,435000.0,959,6.8658910748834385,0.919681,1226,7.111512116496157,267,5.5909869805108565,281,5.641907070938114,0.9501779359430605,2160,7.6783263565068856,2.2523461939520333,0,113,4.736198448394496,12.769,0.0,0.0,2,1,0,1.0,0.5,319.6666666666667,1.0,0,1,1,1,1,0,0,1,0,0,0,0,0,0,0,0,0,0,0,1,0,0,0,0,1,0,0,0.0,0.0,0.0,0.0,0.0,0.0,0.0,0.0,0.0,0.0,6.8658910748834385,0.0,0.0,0.0,0.0,7.6783263565068856
350318,465000.0,794,6.677083461247136,0.630436,794,6.677083461247136,0,0.0,0,0.0,0.0,0,0.0,0.0,0,2,1.0986122886681098,0.004,2.0,1.0986122886681098,1,1,0,1.0,1.0,397.0,1.0,1,0,0,0,0,0,0,0,0,0,0,0,0,0,0,0,0,0,0,0,1,0,0,0,1,0,0,0.0,0.0,0.0,0.0,0.0,0.0,0.0,0.0,0.0,0.0,0.0,6.677083461247136,0.0,6.677083461247136,1.0986122886681098,0.0
351440,320000.0,1300,7.170119543449628,1.69,1300,7.170119543449628,0,0.0,0,0.0,0.0,3585,8.184792654165078,2.7576923076923077,0,20,3.044522437723423,0.4,20.0,3.044522437723423,3,2,1,2.5,0.8333333333333334,260.0,2.0,0,1,1,0,0,0,0,0,0,0,0,0,0,0,0,0,0,0,0,0,0,0,1,0,0,0,0,0.0,0.0,0.0,0.0,0.0,0.0,0.0,0.0,0.0,0.0,0.0,0.0,0.0,0.0,0.0,8.184792654165078
351579,957943.0,3298,8.101071503119543,10.876804,4589,8.431417414394833,1291,7.163946684342547,1632,7.398174092970465,0.7910539215686274,4979,8.513185170018698,1.5097028502122498,0,1,0.6931471805599453,0.001,1.0,0.6931471805599453,4,4,1,4.5,1.125,412.25,2.0,0,0,1,1,1,0,1,0,0,0,1,0,0,0,0,0,0,0,0,0,0,0,1,0,0,0,0,0.0,8.101071503119543,0.0,0.0,0.0,0.0,0.0,0.0,0.0,0.0,0.0,0.0,0.0,0.0,0.0,8.513185170018698
351622,525000.0,1950,7.575584651557793,3.8025,2501,7.824445930877619,551,6.313548046277095,785,6.666956792429207,0.7019108280254777,4160,8.333510708982942,2.1333333333333333,0,111,4.718498871295094,12.321,111.0,4.718498871295094,4,3,0,3.0,0.75,278.57142857142856,1.0,0,0,1,1,1,0,0,1,0,1,0,0,0,0,0,0,0,0,0,0,0,0,0,0,0,0,1,7.575584651557793,0.0,0.0,0.0,0.0,0.0,0.0,0.0,0.0,0.0,0.0,0.0,0.0,0.0,0.0,8.333510708982942
351865,320000.0,1133,7.0326242610280065,1.283689,1820,7.506591780070841,687,6.5337888379333435,723,6.584791392385716,0.950207468879668,1060,6.966967138613983,0.9355692850838482,0,37,3.6375861597263857,1.369,0.0,0.0,2,3,0,3.0,1.5,226.6,2.0,0,1,1,1,1,0,0,0,0,0,0,0,1,0,0,0,0,0,0,0,0,0,0,0,1,0,0,0.0,0.0,0.0,7.0326242610280065,0.0,0.0,0.0,0.0,0.0,0.0,0.0,0.0,0.0,0.0,0.0,6.966967138613983
352052,675000.0,3111,8.042699496897637,9.678321,4301,8.366602832783736,1190,7.0825485693553,1652,7.410347097821024,0.7203389830508474,7381,8.906799883589944,2.372549019607843,0,7,2.0794415416798357,0.049,7.0,2.0794415416798357,4,4,1,4.5,1.125,388.875,2.0,0,0,1,1,1,0,0,0,0,0,0,0,0,1,0,0,0,0,0,0,0,0,1,0,0,0,0,0.0,0.0,0.0,0.0,8.042699496897637,0.0,0.0,0.0,0.0,0.0,0.0,0.0,0.0,0.0,0.0,8.906799883589944
352587,255900.0,1584,7.367708572374371,2.509056,1584,7.367708572374371,0,0.0,0,0.0,0.0,0,0.0,0.0,0,55,4.02535169073515,3.025,55.0,4.02535169073515,4,1,1,1.5,0.375,316.8,2.0,1,0,0,0,0,0,0,0,0,0,0,0,0,1,0,0,0,0,0,0,0,0,0,0,1,0,0,0.0,0.0,0.0,0.0,7.367708572374371,0.0,0.0,0.0,0.0,0.0,0.0,0.0,0.0,7.367708572374371,4.02535169073515,0.0
353010,389225.0,1682,7.427738840532894,2.829124,1682,7.427738840532894,0,0.0,665,6.501289670540389,0.0,3600,8.188966863648876,2.140309155766944,0,0,0.0,0.0,0.0,0.0,3,2,1,2.5,0.8333333333333334,336.4,2.0,0,0,1,1,0,0,1,0,0,0,0,0,0,0,0,0,0,0,0,0,0,0,1,0,0,0,0,0.0,0.0,0.0,0.0,0.0,0.0,0.0,0.0,0.0,0.0,0.0,0.0,0.0,0.0,0.0,8.188966863648876
354097,600000.0,1004,6.911747300251674,1.008016,1900,7.549609165154532,896,6.799055862058796,1004,6.912742820493176,0.8924302788844621,6250,8.740496729931813,6.225099601593626,0,91,4.5217885770490405,8.281,1.0,0.6931471805599453,2,2,0,2.0,1.0,251.0,1.0,0,1,1,1,1,0,0,1,0,0,0,0,0,0,0,0,0,0,1,0,0,0,0,0,0,0,0,0.0,0.0,0.0,0.0,0.0,0.0,0.0,0.0,0.0,6.911747300251674,0.0,0.0,0.0,0.0,0.0,8.740496729931813
354302,419026.0,1392,7.238496840894365,1.937664,1392,7.238496840894365,0,0.0,0,0.0,0.0,2380,7.7752758464868625,1.7097701149425288,0,1,0.6931471805599453,0.001,1.0,0.6931471805599453,3,2,1,2.5,0.8333333333333334,278.4,2.0,0,0,1,0,0,0,1,0,0,0,1,0,0,0,0,0,0,0,0,0,0,0,1,0,0,0,0,0.0,7.238496840894365,0.0,0.0,0.0,0.0,0.0,0.0,0.0,0.0,0.0,0.0,0.0,0.0,0.0,7.7752758464868625
354346,179000.0,1200,7.090076835776092,1.44,1200,7.090076835776092,0,0.0,0,0.0,0.0,0,0.0,0.0,0,52,3.970291913552122,2.704,52.0,3.970291913552122,2,2,0,2.0,1.0,300.0,1.0,1,0,0,0,0,0,0,0,0,0,0,0,0,0,0,0,0,0,0,0,0,1,0,0,1,0,0,0.0,0.0,0.0,0.0,0.0,0.0,0.0,0.0,0.0,0.0,0.0,0.0,7.090076835776092,7.090076835776092,3.970291913552122,0.0
354715,310000.0,733,6.597145701886651,0.537289,733,6.597145701886651,0,0.0,168,5.1298987149230735,0.0,888,6.790097235513905,1.2114597544338335,0,113,4.736198448394496,12.769,1.0,0.6931471805599453,1,1,0,1.0,1.0,366.5,1.0,0,1,1,1,0,0,0,1,0,1,0,0,0,0,0,0,0,0,0,0,0,0,0,0,1,0,0,6.597145701886651,0.0,0.0,0.0,0.0,0.0,0.0,0.0,0.0,0.0,0.0,0.0,0.0,0.0,0.0,6.790097235513905
355197,275000.0,960,6.866933284461882,0.9216,960,6.866933284461882,0,0.0,0,0.0,0.0,4714,8.458504195067558,4.910416666666666,0,19,2.995732273553991,0.361,19.0,2.995732273553991,2,1,0,1.0,0.5,320.0,1.0,0,0,1,0,0,0,0,0,0,0,0,0,0,0,0,0,0,0,0,0,0,0,0,0,0,0,0,0.0,0.0,0.0,0.0,0.0,0.0,0.0,0.0,0.0,0.0,0.0,0.0,0.0,0.0,0.0,8.458504195067558
355670,572000.0,1435,7.268920128193722,2.059225,1935,7.5678626054638825,500,6.2166061010848646,556,6.322565239927284,0.8992805755395683,10700,9.278092474027002,7.456445993031359,766,47,3.871201010907891,2.209,0.0,0.0,4,3,1,3.5,0.875,205.0,1.0,0,1,1,1,1,1,0,0,0,0,0,0,0,1,0,0,0,0,0,0,0,0,0,0,0,1,0,0.0,0.0,0.0,0.0,7.268920128193722,0.0,0.0,0.0,0.0,0.0,0.0,0.0,0.0,0.0,0.0,9.278092474027002
355831,1150000.0,2477,7.814803429489359,6.135529,3414,8.135639903354386,937,6.843749949006225,986,6.894670039433482,0.9503042596348884,3125,8.047509510981422,1.2616067823980621,0,1,0.6931471805599453,0.001,1.0,0.6931471805599453,3,3,2,4.0,1.3333333333333333,412.8333333333333,3.0,0,0,1,1,1,0,1,0,0,0,0,0,0,0,1,0,0,0,0,0,0,0,0,1,0,0,0,0.0,0.0,0.0,0.0,0.0,7.814803429489359,0.0,0.0,0.0,0.0,0.0,0.0,0.0,0.0,0.0,8.047509510981422
356592,547500.0,961,6.8679744089702925,0.923521,1589,7.370860166536716,628,6.444131256700441,628,6.444131256700441,1.0,5650,8.639587799629844,5.879292403746097,0,91,4.5217885770490405,8.281,6.0,1.9459101490553132,2,2,0,2.0,1.0,240.25,1.0,0,1,1,1,1,0,0,1,0,0,0,0,0,0,0,0,0,0,1,0,0,0,0,0,0,0,0,0.0,0.0,0.0,0.0,0.0,0.0,0.0,0.0,0.0,6.8679744089702925,0.0,0.0,0.0,0.0,0.0,8.639587799629844
356717,279900.0,1008,6.915723448631314,1.016064,1008,6.915723448631314,0,0.0,0,0.0,0.0,0,0.0,0.0,0,57,4.060443010546419,3.249,0.0,0.0,2,2,0,2.0,1.0,252.0,1.0,1,1,0,0,0,0,0,0,0,0,0,0,0,0,0,0,0,1,0,0,0,0,0,1,0,0,0,0.0,0.0,0.0,0.0,0.0,0.0,0.0,0.0,6.915723448631314,0.0,0.0,0.0,0.0,6.915723448631314,4.060443010546419,0.0
356861,850000.0,3249,8.0861025356691,10.556001,3249,8.0861025356691,0,0.0,1637,7.401231264413015,0.0,4950,8.507344855361422,1.5235457063711912,0,2,1.0986122886681098,0.004,2.0,1.0986122886681098,4,3,1,3.5,0.875,464.14285714285717,2.0,0,0,1,1,0,0,0,0,0,0,1,0,0,0,0,0,0,0,0,0,0,0,1,0,0,0,0,0.0,8.0861025356691,0.0,0.0,0.0,0.0,0.0,0.0,0.0,0.0,0.0,0.0,0.0,0.0,0.0,8.507344855361422
356952,725000.0,1007,6.914730892718563,1.014049,1557,7.350516171833998,550,6.311734809152915,579,6.363028103540465,0.9499136442141624,1610,7.384610383176974,1.5988083416087389,0,2,1.0986122886681098,0.004,2.0,1.0986122886681098,1,2,1,2.5,2.5,335.6666666666667,2.0,0,0,1,1,1,0,0,0,0,0,0,0,0,0,1,0,0,0,0,0,0,0,0,1,0,0,0,0.0,0.0,0.0,0.0,0.0,6.914730892718563,0.0,0.0,0.0,0.0,0.0,0.0,0.0,0.0,0.0,7.384610383176974
357830,510000.0,1139,7.037905963447182,1.297321,1139,7.037905963447182,0,0.0,81,4.406719247264253,0.0,3125,8.047509510981422,2.743634767339772,0,133,4.897839799950911,17.689,133.0,4.897839799950911,1,2,0,2.0,2.0,379.6666666666667,1.0,0,0,1,1,0,0,0,1,0,0,0,1,0,0,0,0,0,0,0,0,0,0,0,0,0,0,0,0.0,0.0,7.037905963447182,0.0,0.0,0.0,0.0,0.0,0.0,0.0,0.0,0.0,0.0,0.0,0.0,8.047509510981422
357937,474025.0,2436,7.798112628829788,5.934096,2436,7.798112628829788,0,0.0,1068,6.974478911025045,0.0,4500,8.412054873292933,1.8472906403940887,0,0,0.0,0.0,0.0,0.0,4,2,1,2.5,0.625,406.0,2.0,0,0,1,1,0,0,1,0,0,0,0,0,0,0,0,0,0,0,0,0,0,0,1,0,0,0,0,0.0,0.0,0.0,0.0,0.0,0.0,0.0,0.0,0.0,0.0,0.0,0.0,0.0,0.0,0.0,8.412054873292933
357955,410000.0,1480,7.299797366758161,2.1904,1480,7.299797366758161,0,0.0,1147,7.045776576879511,0.0,7700,8.94910546953925,5.202702702702703,0,46,3.8501476017100584,2.116,46.0,3.8501476017100584,3,2,0,2.0,0.6666666666666666,296.0,1.0,0,0,1,1,0,0,0,0,0,0,0,0,1,0,0,0,0,0,0,0,0,0,0,0,0,0,0,0.0,0.0,0.0,7.299797366758161,0.0,0.0,0.0,0.0,0.0,0.0,0.0,0.0,0.0,0.0,0.0,8.94910546953925
358594,565000.0,1791,7.490529402060711,3.207681,1791,7.490529402060711,0,0.0,0,0.0,0.0,1210,7.099201743553092,0.6756002233389168,0,2,1.0986122886681098,0.004,2.0,1.0986122886681098,3,3,1,3.5,1.1666666666666667,298.5,3.0,0,0,1,0,0,0,0,0,0,0,0,0,0,0,0,0,0,1,0,0,0,0,0,0,1,0,0,0.0,0.0,0.0,0.0,0.0,0.0,0.0,0.0,7.490529402060711,0.0,0.0,0.0,0.0,0.0,0.0,7.099201743553092
359352,184000.0,959,6.8658910748834385,0.919681,959,6.8658910748834385,0,0.0,0,0.0,0.0,0,0.0,0.0,0,47,3.871201010907891,2.209,47.0,3.871201010907891,2,1,0,1.0,0.5,319.6666666666667,1.0,1,0,0,0,0,0,0,0,0,0,0,0,0,1,0,0,0,0,0,0,0,0,0,1,0,0,0,0.0,0.0,0.0,0.0,6.8658910748834385,0.0,0.0,0.0,0.0,0.0,0.0,0.0,0.0,6.8658910748834385,3.871201010907891,0.0
359693,464999.0,1336,7.197435354096591,1.784896,2407,7.786136437783072,1071,6.977281341630747,1071,6.977281341630747,1.0,10098,9.220191688026556,7.558383233532934,0,49,3.912023005428146,2.401,49.0,3.912023005428146,2,3,0,3.0,1.5,267.2,1.0,0,0,1,1,1,0,0,0,0,0,0,0,0,1,0,0,0,0,0,0,0,0,0,0,0,0,0,0.0,0.0,0.0,0.0,7.197435354096591,0.0,0.0,0.0,0.0,0.0,0.0,0.0,0.0,0.0,0.0,9.220191688026556
359806,592000.0,1195,7.085901464365611,1.428025,1669,7.419979923661835,474,6.163314804034641,948,6.855408798609928,0.5,5850,8.674367865788236,4.895397489539749,0,77,4.356708826689592,5.929,77.0,4.356708826689592,3,2,0,2.0,0.6666666666666666,239.0,1.0,0,0,1,1,1,0,0,0,0,0,0,0,0,0,0,0,0,1,0,0,0,0,0,0,0,0,0,0.0,0.0,0.0,0.0,0.0,0.0,0.0,0.0,7.085901464365611,0.0,0.0,0.0,0.0,0.0,0.0,8.674367865788236
359927,753807.0,3066,8.028129059431759,9.400356,3066,8.028129059431759,0,0.0,953,6.860663671448287,0.0,3150,8.055475141757274,1.0273972602739727,0,0,0.0,0.0,0.0,0.0,3,4,1,4.5,1.5,438.0,2.5,0,0,1,1,0,0,1,0,0,0,1,0,0,0,0,0,0,0,0,0,0,0,0,0,0,0,1,0.0,8.028129059431759,0.0,0.0,0.0,0.0,0.0,0.0,0.0,0.0,0.0,0.0,0.0,0.0,0.0,8.055475141757274
360053,374470.0,2255,7.720905251936779,5.085025,2255,7.720905251936779,0,0.0,0,0.0,0.0,5743,8.65591111072806,2.5467849223946786,0,1,0.6931471805599453,0.001,1.0,0.6931471805599453,3,2,1,2.5,0.8333333333333334,451.0,2.0,0,0,1,0,0,0,1,0,0,0,0,0,0,0,0,0,0,0,0,0,0,0,1,0,0,0,0,0.0,0.0,0.0,0.0,0.0,0.0,0.0,0.0,0.0,0.0,0.0,0.0,0.0,0.0,0.0,8.65591111072806
360116,380000.0,808,6.694562058521095,0.652864,808,6.694562058521095,0,0.0,0,0.0,0.0,0,0.0,0.0,0,134,4.90527477843843,17.956,1.0,0.6931471805599453,1,1,0,1.0,1.0,404.0,1.0,1,1,0,0,0,0,0,1,0,0,0,1,0,0,0,0,0,0,0,0,0,0,0,0,1,0,0,0.0,0.0,6.694562058521095,0.0,0.0,0.0,0.0,0.0,0.0,0.0,0.0,0.0,0.0,6.694562058521095,4.90527477843843,0.0
360152,420000.0,1370,7.222566018822171,1.8769,1370,7.222566018822171,0,0.0,0,0.0,0.0,1532,7.334981878871814,1.1182481751824818,0,7,2.0794415416798357,0.049,7.0,2.0794415416798357,2,2,1,2.5,1.25,342.5,3.0,0,0,1,0,0,0,0,0,0,0,1,0,0,0,0,0,0,0,0,0,0,0,0,1,0,0,0,0.0,7.222566018822171,0.0,0.0,0.0,0.0,0.0,0.0,0.0,0.0,0.0,0.0,0.0,0.0,0.0,7.334981878871814
360464,430000.0,827,6.717804695023691,0.683929,827,6.717804695023691,0,0.0,0,0.0,0.0,0,0.0,0.0,0,22,3.1354942159291497,0.484,22.0,3.1354942159291497,1,1,0,1.0,1.0,413.5,1.0,1,0,0,0,0,0,0,0,0,0,0,0,0,0,0,0,0,0,0,0,1,0,0,1,0,0,0,0.0,0.0,0.0,0.0,0.0,0.0,0.0,0.0,0.0,0.0,0.0,6.717804695023691,0.0,6.717804695023691,3.1354942159291497,0.0
360765,885000.0,2292,7.73718007783463,5.253264,2292,7.73718007783463,0,0.0,0,0.0,0.0,3175,8.063377822367027,1.3852530541012216,0,3,1.3862943611198906,0.009,3.0,1.3862943611198906,3,2,2,3.0,1.0,458.4,3.0,0,0,1,0,0,0,0,0,0,0,0,0,0,0,0,0,0,0,0,1,0,0,0,1,0,0,0,0.0,0.0,0.0,0.0,0.0,0.0,0.0,0.0,0.0,0.0,7.73718007783463,0.0,0.0,0.0,0.0,8.063377822367027
361413,228000.0,1019,6.926577033222725,1.038361,1019,6.926577033222725,0,0.0,0,0.0,0.0,0,0.0,0.0,0,39,3.6888794541139363,1.521,39.0,3.6888794541139363,2,2,0,2.0,1.0,254.75,1.0,1,0,0,0,0,0,0,0,0,0,0,0,0,0,0,0,0,0,0,0,0,1,0,0,1,0,0,0.0,0.0,0.0,0.0,0.0,0.0,0.0,0.0,0.0,0.0,0.0,0.0,6.926577033222725,6.926577033222725,3.6888794541139363,0.0
361427,676072.0,1585,7.368339686311381,2.512225,2344,7.759614150696903,759,6.633318433280377,799,6.684611727667927,0.9499374217772215,2475,7.814399633804487,1.5615141955835963,0,0,0.0,0.0,0.0,0.0,3,3,1,3.5,1.1666666666666667,264.1666666666667,2.0,0,0,1,1,1,0,1,0,0,0,1,0,0,0,0,0,0,0,0,0,0,0,0,1,0,0,0,0.0,7.368339686311381,0.0,0.0,0.0,0.0,0.0,0.0,0.0,0.0,0.0,0.0,0.0,0.0,0.0,7.814399633804487
361781,185312.0,1182,7.074963197966044,1.397124,1182,7.074963197966044,0,0.0,0,0.0,0.0,1064,6.970730078143525,0.9001692047377327,0,2,1.0986122886681098,0.004,2.0,1.0986122886681098,2,2,1,2.5,1.25,295.5,2.0,0,0,1,0,0,0,0,0,0,0,1,0,0,0,0,0,0,0,0,0,0,0,0,0,1,0,0,0.0,7.074963197966044,0.0,0.0,0.0,0.0,0.0,0.0,0.0,0.0,0.0,0.0,0.0,0.0,0.0,6.970730078143525
362878,314000.0,1643,7.404279118037268,2.699449,1643,7.404279118037268,0,0.0,0,0.0,0.0,1988,7.5953872788539725,1.2099817407181985,0,1,0.6931471805599453,0.001,1.0,0.6931471805599453,3,2,1,2.5,0.8333333333333334,328.6,2.0,0,0,1,0,0,0,1,0,0,0,0,0,0,0,0,0,0,0,0,0,0,0,0,1,0,0,0,0.0,0.0,0.0,0.0,0.0,0.0,0.0,0.0,0.0,0.0,0.0,0.0,0.0,0.0,0.0,7.5953872788539725
363611,515000.0,680,6.522092798170152,0.4624,680,6.522092798170152,0,0.0,0,0.0,0.0,0,0.0,0.0,0,2,1.0986122886681098,0.004,2.0,1.0986122886681098,1,1,0,1.0,1.0,340.0,1.0,1,0,0,0,0,0,0,0,0,0,0,0,0,0,0,0,0,0,0,0,1,0,0,0,1,0,0,0.0,0.0,0.0,0.0,0.0,0.0,0.0,0.0,0.0,0.0,0.0,6.522092798170152,0.0,6.522092798170152,1.0986122886681098,0.0
363652,575008.0,3080,8.03268487596762,9.4864,3080,8.03268487596762,0,0.0,1442,7.274479558773871,0.0,5454,8.604287898267172,1.7707792207792208,0,0,0.0,0.0,0.0,0.0,4,3,1,3.5,0.875,440.0,2.0,0,0,1,1,0,0,1,0,0,0,1,0,0,0,0,0,0,0,0,0,0,0,1,0,0,0,0,0.0,8.03268487596762,0.0,0.0,0.0,0.0,0.0,0.0,0.0,0.0,0.0,0.0,0.0,0.0,0.0,8.604287898267172
363844,1025000.0,1133,7.0326242610280065,1.283689,1133,7.0326242610280065,0,0.0,0,0.0,0.0,0,0.0,0.0,0,2,1.0986122886681098,0.004,2.0,1.0986122886681098,2,2,0,2.0,1.0,283.25,1.0,1,0,0,0,0,0,0,0,0,0,0,0,0,0,0,0,0,0,0,0,1,0,0,0,1,0,0,0.0,0.0,0.0,0.0,0.0,0.0,0.0,0.0,0.0,0.0,0.0,7.0326242610280065,0.0,7.0326242610280065,1.0986122886681098,0.0
364058,350000.0,1491,7.307202314764738,2.223081,1491,7.307202314764738,0,0.0,0,0.0,0.0,4370,8.382747094863314,2.9309188464118043,0,8,2.1972245773362196,0.064,8.0,2.1972245773362196,3,2,1,2.5,0.8333333333333334,298.2,2.0,0,0,1,0,0,0,0,0,0,0,0,0,0,0,0,0,0,0,0,0,0,0,1,0,0,0,0,0.0,0.0,0.0,0.0,0.0,0.0,0.0,0.0,0.0,0.0,0.0,0.0,0.0,0.0,0.0,8.382747094863314
364137,182500.0,1200,7.090076835776092,1.44,1200,7.090076835776092,0,0.0,0,0.0,0.0,0,0.0,0.0,0,46,3.8501476017100584,2.116,0.0,0.0,2,2,0,2.0,1.0,300.0,1.0,1,1,0,0,0,0,0,0,0,0,0,0,1,0,0,0,0,0,0,0,0,0,0,1,0,0,0,0.0,0.0,0.0,7.090076835776092,0.0,0.0,0.0,0.0,0.0,0.0,0.0,0.0,0.0,7.090076835776092,3.8501476017100584,0.0
364924,610000.0,1768,7.477604243197589,3.125824,2472,7.812782818577581,704,6.558197802812269,804,6.690842277418564,0.8756218905472637,10300,9.239996256883693,5.82579185520362,821,45,3.828641396489095,2.025,3.0,1.3862943611198906,3,3,0,3.0,1.0,294.6666666666667,1.0,0,1,1,1,1,1,0,0,0,0,0,0,0,1,0,0,0,0,0,0,0,0,0,0,0,1,0,0.0,0.0,0.0,0.0,7.477604243197589,0.0,0.0,0.0,0.0,0.0,0.0,0.0,0.0,0.0,0.0,9.239996256883693
365615,443000.0,2461,7.8083230503910555,6.056521,2461,7.8083230503910555,0,0.0,1133,7.033506484287697,0.0,7111,8.86953877719374,2.8894758228362454,0,2,1.0986122886681098,0.004,2.0,1.0986122886681098,3,2,1,2.5,0.8333333333333334,492.2,2.0,0,0,1,1,0,0,0,0,0,0,0,0,0,0,0,0,0,0,0,0,0,0,1,0,0,0,0,0.0,0.0,0.0,0.0,0.0,0.0,0.0,0.0,0.0,0.0,0.0,0.0,0.0,0.0,0.0,8.86953877719374
365921,950000.0,1749,7.466799475018602,3.059001,1749,7.466799475018602,0,0.0,0,0.0,0.0,0,0.0,0.0,0,13,2.6390573296152584,0.169,13.0,2.6390573296152584,2,2,1,2.5,1.25,437.25,1.0,1,1,0,0,0,0,0,0,0,0,0,1,0,0,0,0,0,0,0,0,0,0,0,1,0,0,0,0.0,0.0,7.466799475018602,0.0,0.0,0.0,0.0,0.0,0.0,0.0,0.0,0.0,0.0,7.466799475018602,2.6390573296152584,0.0
366291,416000.0,1375,7.226209010100671,1.890625,1375,7.226209010100671,0,0.0,0,0.0,0.0,2145,7.671360923190644,1.56,0,4,1.6094379124341003,0.016,4.0,1.6094379124341003,2,2,1,2.5,1.25,343.75,3.0,0,0,1,0,0,0,0,0,0,0,1,0,0,0,0,0,0,0,0,0,0,0,0,1,0,0,0,0.0,7.226209010100671,0.0,0.0,0.0,0.0,0.0,0.0,0.0,0.0,0.0,0.0,0.0,0.0,0.0,7.671360923190644
367338,485000.0,1296,7.16703787691222,1.679616,1296,7.16703787691222,0,0.0,300,5.707110264748875,0.0,1019,6.927557906278317,0.7862654320987654,0,110,4.709530201312334,12.1,9.0,2.302585092994046,1,2,0,2.0,2.0,432.0,2.0,0,1,1,1,0,0,0,1,0,0,0,1,0,0,0,0,0,0,0,0,0,0,0,1,0,0,0,0.0,0.0,7.16703787691222,0.0,0.0,0.0,0.0,0.0,0.0,0.0,0.0,0.0,0.0,0.0,0.0,6.927557906278317
368038,237000.0,1026,6.933423025730715,1.052676,1026,6.933423025730715,0,0.0,0,0.0,0.0,0,0.0,0.0,0,17,2.8903717578961645,0.289,17.0,2.8903717578961645,2,2,0,2.0,1.0,256.5,1.0,1,0,0,0,0,0,0,0,0,0,0,0,0,0,0,0,0,0,0,0,0,0,0,0,1,0,0,0.0,0.0,0.0,0.0,0.0,0.0,0.0,0.0,0.0,0.0,0.0,0.0,0.0,6.933423025730715,2.8903717578961645,0.0
369139,426000.0,847,6.741700694652055,0.717409,847,6.741700694652055,0,0.0,0,0.0,0.0,9230,9.130322663990151,10.89728453364817,788,36,3.6109179126442243,1.296,9.0,2.302585092994046,3,2,0,2.0,0.6666666666666666,169.4,1.0,0,1,1,0,0,1,0,0,0,0,0,0,0,0,0,1,0,0,0,0,0,0,0,0,0,1,0,0.0,0.0,0.0,0.0,0.0,0.0,6.741700694652055,0.0,0.0,0.0,0.0,0.0,0.0,0.0,0.0,9.130322663990151
369167,605000.0,1480,7.299797366758161,2.1904,1480,7.299797366758161,0,0.0,0,0.0,0.0,1122,7.023758954738443,0.7581081081081081,0,2,1.0986122886681098,0.004,2.0,1.0986122886681098,3,3,1,3.5,1.1666666666666667,246.66666666666666,3.0,0,0,1,0,0,0,0,0,0,0,0,0,0,0,0,0,0,0,0,1,0,0,0,0,1,0,0,0.0,0.0,0.0,0.0,0.0,0.0,0.0,0.0,0.0,0.0,7.299797366758161,0.0,0.0,0.0,0.0,7.023758954738443
369543,512000.0,1872,7.534762657037537,3.504384,1872,7.534762657037537,0,0.0,1331,7.194436851100335,0.0,6380,8.761080103868347,3.408119658119658,0,20,3.044522437723423,0.4,20.0,3.044522437723423,2,2,0,2.0,1.0,468.0,1.0,0,0,1,1,0,0,0,0,0,0,0,0,0,0,0,1,0,0,0,0,0,0,0,0,0,0,0,0.0,0.0,0.0,0.0,0.0,0.0,7.534762657037537,0.0,0.0,0.0,0.0,0.0,0.0,0.0,0.0,8.761080103868347
370597,744750.0,2107,7.653020413804189,4.439449,2107,7.653020413804189,0,0.0,275,5.62040086571715,0.0,4690,8.453401058328458,2.2259136212624586,0,121,4.804021044733257,14.641,8.0,2.1972245773362196,4,2,1,2.5,0.625,351.1666666666667,2.5,0,1,1,1,0,0,0,1,0,1,0,0,0,0,0,0,0,0,0,0,0,0,0,0,0,0,1,7.653020413804189,0.0,0.0,0.0,0.0,0.0,0.0,0.0,0.0,0.0,0.0,0.0,0.0,0.0,0.0,8.453401058328458
371443,255500.0,1060,6.966024187106113,1.1236,1450,7.27931883541462,390,5.968707559985366,530,6.274762021241939,0.7358490566037735,0,0.0,0.0,0,49,3.912023005428146,2.401,49.0,3.912023005428146,2,1,1,1.5,0.75,353.3333333333333,2.0,1,0,0,1,1,0,0,0,0,0,0,0,0,1,0,0,0,0,0,0,0,0,0,0,1,0,0,0.0,0.0,0.0,0.0,6.966024187106113,0.0,0.0,0.0,0.0,0.0,0.0,0.0,0.0,6.966024187106113,3.912023005428146,0.0
372696,345000.0,1019,6.926577033222725,1.038361,1019,6.926577033222725,0,0.0,0,0.0,0.0,6590,8.79346036105272,6.467124631992149,0,41,3.7376696182833684,1.681,41.0,3.7376696182833684,3,1,0,1.0,0.3333333333333333,254.75,1.0,0,0,1,0,0,0,0,0,0,0,0,0,0,0,0,1,0,0,0,0,0,0,0,0,0,0,0,0.0,0.0,0.0,0.0,0.0,0.0,6.926577033222725,0.0,0.0,0.0,0.0,0.0,0.0,0.0,0.0,8.79346036105272
372930,180000.0,714,6.570882962339584,0.509796,714,6.570882962339584,0,0.0,0,0.0,0.0,0,0.0,0.0,0,41,3.7376696182833684,1.681,41.0,3.7376696182833684,1,1,0,1.0,1.0,357.0,1.0,1,0,0,0,0,0,0,0,0,0,0,0,1,0,0,0,0,0,0,0,0,0,0,0,1,0,0,0.0,0.0,0.0,6.570882962339584,0.0,0.0,0.0,0.0,0.0,0.0,0.0,0.0,0.0,6.570882962339584,3.7376696182833684,0.0
373225,304000.0,808,6.694562058521095,0.652864,808,6.694562058521095,0,0.0,0,0.0,0.0,6500,8.77971129020447,8.044554455445544,759,37,3.6375861597263857,1.369,0.0,0.0,3,2,0,2.0,0.6666666666666666,161.6,1.0,0,1,1,0,0,1,0,0,0,0,0,0,0,0,0,1,0,0,0,0,0,0,0,0,0,1,0,0.0,0.0,0.0,0.0,0.0,0.0,6.694562058521095,0.0,0.0,0.0,0.0,0.0,0.0,0.0,0.0,8.77971129020447
373356,599900.0,1458,7.284820912568604,2.125764,1458,7.284820912568604,0,0.0,0,0.0,0.0,1865,7.531552381407289,1.2791495198902607,0,1,0.6931471805599453,0.001,1.0,0.6931471805599453,2,3,0,3.0,1.5,291.6,3.0,0,0,1,0,0,0,1,0,0,0,0,0,0,0,0,0,0,0,0,1,0,0,0,1,0,0,0,0.0,0.0,0.0,0.0,0.0,0.0,0.0,0.0,0.0,0.0,7.284820912568604,0.0,0.0,0.0,0.0,7.531552381407289
373415,518459.0,2022,7.611842399580417,4.088484,2601,7.8636512654486515,579,6.363028103540465,781,6.661854740545311,0.7413572343149808,3150,8.055475141757274,1.5578635014836795,0,0,0.0,0.0,0.0,0.0,3,3,1,3.5,1.1666666666666667,337.0,2.0,0,0,1,1,1,0,1,0,0,0,1,0,0,0,0,0,0,0,0,0,0,0,0,1,0,0,0,0.0,7.611842399580417,0.0,0.0,0.0,0.0,0.0,0.0,0.0,0.0,0.0,0.0,0.0,0.0,0.0,8.055475141757274
373437,203000.0,1200,7.090076835776092,1.44,1200,7.090076835776092,0,0.0,0,0.0,0.0,0,0.0,0.0,0,48,3.8918202981106265,2.304,33.0,3.5263605246161616,2,2,0,2.0,1.0,300.0,1.0,1,1,0,0,0,0,0,0,0,0,0,0,0,0,0,0,0,0,0,0,0,1,0,0,1,0,0,0.0,0.0,0.0,0.0,0.0,0.0,0.0,0.0,0.0,0.0,0.0,0.0,7.090076835776092,7.090076835776092,3.8918202981106265,0.0
373464,651603.0,1939,7.569927655242652,3.759721,2794,7.935229539816907,855,6.752270376141742,934,6.840546529288687,0.9154175588865097,3915,8.272826003650401,2.0190820010314594,0,0,0.0,0.0,0.0,0.0,3,3,1,3.5,1.1666666666666667,323.1666666666667,2.0,0,0,1,1,1,0,1,0,0,0,1,0,0,0,0,0,0,0,0,0,0,0,1,0,0,0,0,0.0,7.569927655242652,0.0,0.0,0.0,0.0,0.0,0.0,0.0,0.0,0.0,0.0,0.0,0.0,0.0,8.272826003650401
373782,330000.0,1052,6.9584483932976555,1.106704,1602,7.379008127628304,550,6.311734809152915,579,6.363028103540465,0.9499136442141624,5040,8.525359754082631,4.7908745247148286,0,34,3.5553480614894135,1.156,0.0,0.0,3,3,0,3.0,1.0,175.33333333333334,1.0,0,1,1,1,1,0,0,0,0,0,0,0,0,0,0,0,0,0,0,0,0,0,0,0,0,0,0,0.0,0.0,0.0,0.0,0.0,0.0,0.0,0.0,0.0,0.0,0.0,0.0,0.0,0.0,0.0,8.525359754082631
373897,265371.0,1243,7.1252830915107115,1.545049,1243,7.1252830915107115,0,0.0,0,0.0,0.0,2960,7.993282328101591,2.3813354786806116,0,14,2.70805020110221,0.196,14.0,2.70805020110221,3,2,0,2.0,0.6666666666666666,248.6,2.0,0,0,1,0,0,0,0,0,0,0,0,0,0,0,0,0,0,0,0,0,0,0,1,0,0,0,0,0.0,0.0,0.0,0.0,0.0,0.0,0.0,0.0,0.0,0.0,0.0,0.0,0.0,0.0,0.0,7.993282328101591
374474,332500.0,1584,7.367708572374371,2.509056,2079,7.639642287858013,495,6.206575926724928,768,6.645090969505644,0.64453125,0,0.0,0.0,0,53,3.9889840465642745,2.809,1.0,0.6931471805599453,3,3,1,3.5,1.1666666666666667,264.0,2.0,1,1,0,1,1,0,0,0,0,0,0,0,0,1,0,0,0,0,0,0,0,0,0,0,1,0,0,0.0,0.0,0.0,0.0,7.367708572374371,0.0,0.0,0.0,0.0,0.0,0.0,0.0,0.0,7.367708572374371,3.9889840465642745,0.0
375684,565000.0,1547,7.344072850573066,2.393209,2779,7.929846429742503,1232,7.117205503164344,1297,7.168579897264035,0.9498843484965305,10470,9.256364810287462,6.767937944408533,0,47,3.871201010907891,2.209,1.0,0.6931471805599453,3,3,0,3.0,1.0,257.8333333333333,1.0,0,1,1,1,1,0,0,0,0,0,0,0,1,0,0,0,0,0,0,0,0,0,0,0,0,0,0,0.0,0.0,0.0,7.344072850573066,0.0,0.0,0.0,0.0,0.0,0.0,0.0,0.0,0.0,0.0,0.0,9.256364810287462
376123,524000.0,1858,7.527255919373784,3.452164,2465,7.80994708647679,607,6.410174881966167,809,6.697034247666484,0.7503090234857849,7000,8.853808274977197,3.767491926803014,0,53,3.9889840465642745,2.809,0.0,0.0,3,3,1,3.5,1.1666666666666667,309.6666666666667,2.0,0,1,1,1,1,0,0,0,0,0,0,0,1,0,0,0,0,0,0,0,0,0,1,0,0,0,0,0.0,0.0,0.0,7.527255919373784,0.0,0.0,0.0,0.0,0.0,0.0,0.0,0.0,0.0,0.0,0.0,8.853808274977197
376125,237213.0,1088,6.992096427415888,1.183744,1088,6.992096427415888,0,0.0,0,0.0,0.0,2605,7.8655717576847906,2.3943014705882355,0,1,0.6931471805599453,0.001,1.0,0.6931471805599453,2,1,0,1.0,0.5,362.6666666666667,2.0,0,0,1,0,0,0,1,0,0,0,0,0,0,0,0,0,0,0,0,0,0,0,1,0,0,0,0,0.0,0.0,0.0,0.0,0.0,0.0,0.0,0.0,0.0,0.0,0.0,0.0,0.0,0.0,0.0,7.8655717576847906
377218,449250.0,1608,7.382746449738912,2.585664,1608,7.382746449738912,0,0.0,0,0.0,0.0,0,0.0,0.0,0,60,4.110873864173311,3.6,2.0,1.0986122886681098,2,2,1,2.5,1.25,402.0,2.0,1,1,0,0,0,0,0,0,0,1,0,0,0,0,0,0,0,0,0,0,0,0,0,0,1,0,0,7.382746449738912,0.0,0.0,0.0,0.0,0.0,0.0,0.0,0.0,0.0,0.0,0.0,0.0,7.382746449738912,4.110873864173311,0.0
377222,565000.0,1385,7.233455418621439,1.918225,1385,7.233455418621439,0,0.0,0,0.0,0.0,612,6.418364935936212,0.44187725631768954,0,4,1.6094379124341003,0.016,4.0,1.6094379124341003,2,2,1,2.5,1.25,346.25,3.0,0,0,1,0,0,0,0,0,0,0,0,0,0,0,0,0,0,0,0,1,0,0,0,1,0,0,0,0.0,0.0,0.0,0.0,0.0,0.0,0.0,0.0,0.0,0.0,7.233455418621439,0.0,0.0,0.0,0.0,6.418364935936212
377245,184000.0,516,6.246106765481563,0.266256,516,6.246106765481563,0,0.0,0,0.0,0.0,0,0.0,0.0,0,60,4.110873864173311,3.6,60.0,4.110873864173311,0,1,0,1.0,1.0,516.0,1.0,1,0,0,0,0,0,0,0,1,1,0,0,0,0,0,0,0,0,0,0,0,0,0,0,1,0,0,6.246106765481563,0.0,0.0,0.0,0.0,0.0,0.0,0.0,0.0,0.0,0.0,0.0,0.0,6.246106765481563,4.110873864173311,0.0
377821,195000.0,539,6.289715570908998,0.290521,539,6.289715570908998,0,0.0,0,0.0,0.0,0,0.0,0.0,0,66,4.204692619390966,4.356,18.0,2.9444389791664403,1,1,0,1.0,1.0,269.5,1.0,1,1,0,0,0,0,0,0,0,1,0,0,0,0,0,0,0,0,0,0,0,0,0,1,0,0,0,6.289715570908998,0.0,0.0,0.0,0.0,0.0,0.0,0.0,0.0,0.0,0.0,0.0,0.0,6.289715570908998,4.204692619390966,0.0
377955,310210.0,1642,7.403670290012373,2.696164,1642,7.403670290012373,0,0.0,646,6.472346294500901,0.0,1258,7.138073034044347,0.7661388550548112,0,1,0.6931471805599453,0.001,1.0,0.6931471805599453,3,2,1,2.5,0.8333333333333334,328.4,2.0,0,0,1,1,0,0,1,0,0,0,0,0,0,0,0,0,0,0,0,0,0,0,0,0,1,0,0,0.0,0.0,0.0,0.0,0.0,0.0,0.0,0.0,0.0,0.0,0.0,0.0,0.0,0.0,0.0,7.138073034044347
378002,179500.0,1200,7.090076835776092,1.44,1200,7.090076835776092,0,0.0,0,0.0,0.0,0,0.0,0.0,0,49,3.912023005428146,2.401,0.0,0.0,2,2,0,2.0,1.0,300.0,1.0,1,1,0,0,0,0,0,0,0,0,0,0,0,0,0,0,0,0,0,0,0,1,0,0,1,0,0,0.0,0.0,0.0,0.0,0.0,0.0,0.0,0.0,0.0,0.0,0.0,0.0,7.090076835776092,7.090076835776092,3.912023005428146,0.0
378279,590000.0,1534,7.335633981927201,2.353156,2248,7.717796211013582,714,6.5722825426940075,752,6.6240652277998935,0.949468085106383,1305,7.174724309836376,0.8507170795306388,0,126,4.844187086458591,15.876,4.0,1.6094379124341003,3,3,0,3.0,1.0,255.66666666666666,2.0,0,1,1,1,1,0,0,1,0,0,0,1,0,0,0,0,0,0,0,0,0,0,0,0,1,0,0,0.0,0.0,7.335633981927201,0.0,0.0,0.0,0.0,0.0,0.0,0.0,0.0,0.0,0.0,0.0,0.0,7.174724309836376
380082,323000.0,1576,7.362645270417825,2.483776,1988,7.59488438721652,412,6.023447592961033,856,6.75343791859778,0.48130841121495327,4890,8.495152060539358,3.1027918781725887,0,33,3.5263605246161616,1.089,33.0,3.5263605246161616,3,2,1,2.5,0.8333333333333334,315.2,2.0,0,0,1,1,1,0,0,0,0,0,0,0,0,0,0,0,0,0,0,0,0,0,0,0,0,1,0,0.0,0.0,0.0,0.0,0.0,0.0,0.0,0.0,0.0,0.0,0.0,0.0,0.0,0.0,0.0,8.495152060539358
380686,503459.0,1915,7.557472901614746,3.667225,2563,7.848933726364071,648,6.47543271670409,682,6.52649485957079,0.9501466275659824,2700,7.901377353792616,1.4099216710182767,0,1,0.6931471805599453,0.001,1.0,0.6931471805599453,2,3,1,3.5,1.75,383.0,2.0,0,0,1,1,1,0,1,0,0,0,1,0,0,0,0,0,0,0,0,0,0,0,0,1,0,0,0,0.0,7.557472901614746,0.0,0.0,0.0,0.0,0.0,0.0,0.0,0.0,0.0,0.0,0.0,0.0,0.0,7.901377353792616
381484,490000.0,1131,7.030857476116121,1.279161,1573,7.360739903058278,442,6.093569770045136,553,6.317164686747284,0.7992766726943942,0,0.0,0.0,0,101,4.624972813284271,10.201,19.0,2.995732273553991,2,2,1,2.5,1.25,282.75,2.0,1,1,0,1,1,0,0,1,0,0,0,1,0,0,0,0,0,0,0,0,0,0,0,1,0,0,0,0.0,0.0,7.030857476116121,0.0,0.0,0.0,0.0,0.0,0.0,0.0,0.0,0.0,0.0,7.030857476116121,4.624972813284271,0.0
382117,377000.0,1835,7.51479976048867,3.367225,1835,7.51479976048867,0,0.0,0,0.0,0.0,3442,8.144098463338524,1.8757493188010899,0,1,0.6931471805599453,0.001,1.0,0.6931471805599453,3,2,1,2.5,0.8333333333333334,367.0,2.5,0,0,1,0,0,0,1,0,0,0,0,0,0,0,0,0,0,0,0,0,0,0,0,0,0,0,1,0.0,0.0,0.0,0.0,0.0,0.0,0.0,0.0,0.0,0.0,0.0,0.0,0.0,0.0,0.0,8.144098463338524
382819,357500.0,1779,7.483806687665835,3.164841,1779,7.483806687665835,0,0.0,0,0.0,0.0,4651,8.445052513638554,2.614390106801574,0,13,2.6390573296152584,0.169,13.0,2.6390573296152584,3,2,1,2.5,0.8333333333333334,355.8,2.0,0,0,1,0,0,0,0,0,0,0,0,0,0,0,0,0,0,0,0,0,0,0,1,0,0,0,0,0.0,0.0,0.0,0.0,0.0,0.0,0.0,0.0,0.0,0.0,0.0,0.0,0.0,0.0,0.0,8.445052513638554
382959,618875.0,1571,7.359467638255621,2.468041,1571,7.359467638255621,0,0.0,0,0.0,0.0,6500,8.77971129020447,4.137492043284532,0,77,4.356708826689592,5.929,6.0,1.9459101490553132,3,2,0,2.0,0.6666666666666666,314.2,1.0,0,1,1,0,0,0,0,0,0,0,0,0,0,0,0,0,0,1,0,0,0,0,0,0,0,0,0,0.0,0.0,0.0,0.0,0.0,0.0,0.0,0.0,7.359467638255621,0.0,0.0,0.0,0.0,0.0,0.0,8.77971129020447
383441,210000.0,1183,7.075808863978387,1.399489,1183,7.075808863978387,0,0.0,0,0.0,0.0,0,0.0,0.0,0,50,3.9318256327243257,2.5,1.0,0.6931471805599453,3,1,1,1.5,0.5,295.75,1.0,1,1,0,0,0,0,0,0,0,0,0,0,1,0,0,0,0,0,0,0,0,0,0,0,1,0,0,0.0,0.0,0.0,7.075808863978387,0.0,0.0,0.0,0.0,0.0,0.0,0.0,0.0,0.0,7.075808863978387,3.9318256327243257,0.0
383512,690000.0,1383,7.232010331664759,1.912689,1383,7.232010331664759,0,0.0,0,0.0,0.0,1023,6.931471805599453,0.7396963123644251,0,4,1.6094379124341003,0.016,4.0,1.6094379124341003,2,2,2,3.0,1.5,345.75,3.0,0,0,1,0,0,0,0,0,0,0,0,0,0,0,1,0,0,0,0,0,0,0,0,0,1,0,0,0.0,0.0,0.0,0.0,0.0,7.232010331664759,0.0,0.0,0.0,0.0,0.0,0.0,0.0,0.0,0.0,6.931471805599453
383594,675000.0,2192,7.692569648067906,4.804864,2854,7.956476798036782,662,6.4967749901858625,1096,7.00033446027523,0.6040145985401459,5203,8.557182839632397,2.3736313868613137,0,3,1.3862943611198906,0.009,3.0,1.3862943611198906,3,3,1,3.5,1.1666666666666667,365.3333333333333,2.0,0,0,1,1,1,0,0,0,0,0,1,0,0,0,0,0,0,0,0,0,0,0,1,0,0,0,0,0.0,7.692569648067906,0.0,0.0,0.0,0.0,0.0,0.0,0.0,0.0,0.0,0.0,0.0,0.0,0.0,8.557182839632397
384221,940000.0,2966,7.994969522697877,8.797156,3723,8.222285073872717,757,6.630683385642372,841,6.7357800142423265,0.9001189060642093,7030,8.858084222199162,2.370195549561699,0,71,4.276666119016055,5.041,30.0,3.4339872044851463,4,3,1,3.5,0.875,423.7142857142857,2.0,0,1,1,1,1,0,0,0,0,0,0,0,0,0,0,0,0,1,0,0,0,0,1,0,0,0,0,0.0,0.0,0.0,0.0,0.0,0.0,0.0,0.0,7.994969522697877,0.0,0.0,0.0,0.0,0.0,0.0,8.858084222199162
384466,225000.0,787,6.668228248417403,0.619369,787,6.668228248417403,0,0.0,0,0.0,0.0,0,0.0,0.0,0,32,3.4965075614664802,1.024,32.0,3.4965075614664802,1,1,0,1.0,1.0,393.5,1.0,1,0,0,0,0,0,0,0,0,0,0,0,0,0,0,1,0,0,0,0,0,0,0,1,0,0,0,0.0,0.0,0.0,0.0,0.0,0.0,6.668228248417403,0.0,0.0,0.0,0.0,0.0,0.0,6.668228248417403,3.4965075614664802,0.0
385199,862500.0,3434,8.141481041457421,11.792356,3434,8.141481041457421,0,0.0,281,5.641907070938114,0.0,2292,7.737616282857904,0.6674432149097262,0,13,2.6390573296152584,0.169,13.0,2.6390573296152584,2,3,1,3.5,1.75,686.8,3.5,0,0,1,1,0,0,0,0,0,0,1,0,0,0,0,0,0,0,0,0,0,0,0,0,1,0,0,0.0,8.141481041457421,0.0,0.0,0.0,0.0,0.0,0.0,0.0,0.0,0.0,0.0,0.0,0.0,0.0,7.737616282857904
385627,353000.0,874,6.773080375655535,0.763876,874,6.773080375655535,0,0.0,0,0.0,0.0,0,0.0,0.0,0,52,3.970291913552122,2.704,5.0,1.791759469228055,1,1,0,1.0,1.0,437.0,1.0,1,1,0,0,0,0,0,0,0,1,0,0,0,0,0,0,0,0,0,0,0,0,0,0,1,0,0,6.773080375655535,0.0,0.0,0.0,0.0,0.0,0.0,0.0,0.0,0.0,0.0,0.0,0.0,6.773080375655535,3.970291913552122,0.0
386436,480000.0,1871,7.534228326274089,3.500641,1871,7.534228326274089,0,0.0,973,6.881411303642535,0.0,2250,7.719129840906732,1.202565473009086,0,2,1.0986122886681098,0.004,2.0,1.0986122886681098,3,2,1,2.5,0.8333333333333334,374.2,2.0,0,0,1,1,0,0,0,0,0,0,1,0,0,0,0,0,0,0,0,0,0,0,0,0,1,0,0,0.0,7.534228326274089,0.0,0.0,0.0,0.0,0.0,0.0,0.0,0.0,0.0,0.0,0.0,0.0,0.0,7.719129840906732
386805,145501.0,701,6.55250788703459,0.491401,701,6.55250788703459,0,0.0,0,0.0,0.0,0,0.0,0.0,0,40,3.713572066704308,1.6,40.0,3.713572066704308,1,1,0,1.0,1.0,350.5,1.0,1,0,0,0,0,0,0,0,0,0,0,0,0,0,0,0,0,0,0,0,0,1,0,0,1,0,0,0.0,0.0,0.0,0.0,0.0,0.0,0.0,0.0,0.0,0.0,0.0,0.0,6.55250788703459,6.55250788703459,3.713572066704308,0.0
386937,635000.0,1085,6.98933526597456,1.177225,2024,7.6128310304073565,939,6.84587987526405,939,6.84587987526405,1.0,6250,8.740496729931813,5.76036866359447,0,93,4.543294782270004,8.649,3.0,1.3862943611198906,2,2,0,2.0,1.0,271.25,1.0,0,1,1,1,1,0,0,1,0,0,0,0,0,0,0,0,0,0,1,0,0,0,0,0,0,0,0,0.0,0.0,0.0,0.0,0.0,0.0,0.0,0.0,0.0,6.98933526597456,0.0,0.0,0.0,0.0,0.0,8.740496729931813
387110,239950.0,585,6.371611847231857,0.342225,585,6.371611847231857,0,0.0,0,0.0,0.0,0,0.0,0.0,0,18,2.9444389791664403,0.324,0.0,0.0,0,1,0,1.0,1.0,585.0,1.0,1,1,0,0,0,0,0,0,1,0,0,0,0,1,0,0,0,0,0,0,0,0,0,0,1,0,0,0.0,0.0,0.0,0.0,6.371611847231857,0.0,0.0,0.0,0.0,0.0,0.0,0.0,0.0,6.371611847231857,2.9444389791664403,0.0
387660,590000.0,1154,7.050989447068045,1.331716,2092,7.645875825184813,938,6.844815479208263,938,6.844815479208263,1.0,6250,8.740496729931813,5.415944540727903,0,77,4.356708826689592,5.929,2.0,1.0986122886681098,2,3,0,3.0,1.5,230.8,1.0,0,1,1,1,1,0,0,0,0,0,0,0,0,0,0,0,0,0,1,0,0,0,0,0,0,0,0,0.0,0.0,0.0,0.0,0.0,0.0,0.0,0.0,0.0,7.050989447068045,0.0,0.0,0.0,0.0,0.0,8.740496729931813
387700,680000.0,1774,7.480992162869525,3.147076,1774,7.480992162869525,0,0.0,624,6.437751649736401,0.0,4580,8.429672593886743,2.58173618940248,0,112,4.727387818712341,12.544,2.0,1.0986122886681098,3,3,0,3.0,1.0,295.6666666666667,1.5,0,1,1,1,0,0,0,1,0,0,0,0,0,0,0,0,0,0,0,1,0,0,0,0,0,0,1,0.0,0.0,0.0,0.0,0.0,0.0,0.0,0.0,0.0,0.0,7.480992162869525,0.0,0.0,0.0,0.0,8.429672593886743
388001,157000.0,1138,7.037027614686276,1.295044,1138,7.037027614686276,0,0.0,0,0.0,0.0,0,0.0,0.0,0,47,3.871201010907891,2.209,47.0,3.871201010907891,2,2,0,2.0,1.0,284.5,3.0,1,0,0,0,0,0,0,0,0,0,0,0,1,0,0,0,0,0,0,0,0,0,0,1,0,0,0,0.0,0.0,0.0,7.037027614686276,0.0,0.0,0.0,0.0,0.0,0.0,0.0,0.0,0.0,7.037027614686276,3.871201010907891,0.0
388015,570000.0,920,6.824373670043086,0.8464,1620,7.3901814282264295,700,6.55250788703459,920,6.825460036255307,0.7608695652173914,7500,8.922791623969637,8.152173913043478,0,69,4.248495242049359,4.761,6.0,1.9459101490553132,2,2,0,2.0,1.0,230.0,1.0,0,1,1,1,1,0,0,0,0,0,0,0,0,0,0,0,0,0,1,0,0,0,0,0,0,0,0,0.0,0.0,0.0,0.0,0.0,0.0,0.0,0.0,0.0,6.824373670043086,0.0,0.0,0.0,0.0,0.0,8.922791623969637
388563,152500.0,801,6.68586094706836,0.641601,801,6.68586094706836,0,0.0,0,0.0,0.0,0,0.0,0.0,0,45,3.828641396489095,2.025,45.0,3.828641396489095,1,1,0,1.0,1.0,400.5,1.0,1,0,0,0,0,0,0,0,0,0,0,0,1,0,0,0,0,0,0,0,0,0,0,0,1,0,0,0.0,0.0,0.0,6.68586094706836,0.0,0.0,0.0,0.0,0.0,0.0,0.0,0.0,0.0,6.68586094706836,3.828641396489095,0.0
388668,456000.0,1570,7.358830898342354,2.4649,1570,7.358830898342354,0,0.0,0,0.0,0.0,2600,7.8636512654486515,1.6560509554140128,0,14,2.70805020110221,0.196,14.0,2.70805020110221,3,2,1,2.5,0.8333333333333334,314.0,2.0,0,1,1,0,0,0,0,0,0,0,1,0,0,0,0,0,0,0,0,0,0,0,1,0,0,0,0,0.0,7.358830898342354,0.0,0.0,0.0,0.0,0.0,0.0,0.0,0.0,0.0,0.0,0.0,0.0,0.0,7.8636512654486515
388858,398021.0,1392,7.238496840894365,1.937664,1392,7.238496840894365,0,0.0,0,0.0,0.0,2385,7.777373602657861,1.7133620689655173,0,1,0.6931471805599453,0.001,1.0,0.6931471805599453,3,2,1,2.5,0.8333333333333334,278.4,2.0,0,0,1,0,0,0,1,0,0,0,1,0,0,0,0,0,0,0,0,0,0,0,1,0,0,0,0,0.0,7.238496840894365,0.0,0.0,0.0,0.0,0.0,0.0,0.0,0.0,0.0,0.0,0.0,0.0,0.0,7.777373602657861
389453,330000.0,1356,7.212294468500341,1.838736,1836,7.515344571180436,480,6.175867270105761,480,6.175867270105761,1.0,6380,8.761080103868347,4.705014749262537,0,36,3.6109179126442243,1.296,36.0,3.6109179126442243,3,2,1,2.5,0.8333333333333334,271.2,2.0,0,0,1,1,1,0,0,0,0,0,0,0,0,0,0,0,1,0,0,0,0,0,1,0,0,0,0,0.0,0.0,0.0,0.0,0.0,0.0,0.0,7.212294468500341,0.0,0.0,0.0,0.0,0.0,0.0,0.0,8.761080103868347
390480,630000.0,1499,7.312553498102598,2.247001,1499,7.312553498102598,0,0.0,0,0.0,0.0,1925,7.563200592358071,1.2841894596397598,0,2,1.0986122886681098,0.004,2.0,1.0986122886681098,2,2,1,2.5,1.25,374.75,3.0,0,0,1,0,0,0,0,0,0,0,0,0,0,0,0,0,0,0,0,1,0,0,0,1,0,0,0,0.0,0.0,0.0,0.0,0.0,0.0,0.0,0.0,0.0,0.0,7.312553498102598,0.0,0.0,0.0,0.0,7.563200592358071
390729,271000.0,1200,7.090076835776092,1.44,1200,7.090076835776092,0,0.0,0,0.0,0.0,0,0.0,0.0,0,47,3.871201010907891,2.209,3.0,1.3862943611198906,2,2,0,2.0,1.0,300.0,1.0,1,1,0,0,0,0,0,0,0,0,0,0,0,0,0,0,0,0,0,0,0,1,0,0,1,0,0,0.0,0.0,0.0,0.0,0.0,0.0,0.0,0.0,0.0,0.0,0.0,0.0,7.090076835776092,7.090076835776092,3.871201010907891,0.0
390903,567000.0,1433,7.267525427828172,2.053489,2448,7.803026643632217,1015,6.923628628138427,1069,6.975413927455952,0.9494855004677268,4432,8.396831834745054,3.0928122819260295,0,2,1.0986122886681098,0.004,2.0,1.0986122886681098,2,3,1,3.5,1.75,286.6,1.0,0,0,1,1,1,0,0,0,0,0,1,0,0,0,0,0,0,0,0,0,0,0,0,1,0,0,0,0.0,7.267525427828172,0.0,0.0,0.0,0.0,0.0,0.0,0.0,0.0,0.0,0.0,0.0,0.0,0.0,8.396831834745054
391638,712000.0,1398,7.242797922793756,1.954404,2475,7.813995675002791,1077,6.982862751468942,1398,7.243512974665482,0.7703862660944206,3997,8.293549515060345,2.8590844062947065,0,0,0.0,0.0,0.0,0.0,2,3,0,3.0,1.5,279.6,1.0,0,0,1,1,1,0,1,0,0,0,1,0,0,0,0,0,0,0,0,0,0,0,0,0,0,0,0,0.0,7.242797922793756,0.0,0.0,0.0,0.0,0.0,0.0,0.0,0.0,0.0,0.0,0.0,0.0,0.0,8.293549515060345
391776,1293768.0,3080,8.03268487596762,9.4864,4088,8.31581113188354,1008,6.9167150203536085,1442,7.274479558773871,0.6990291262135923,5569,8.62515033292133,1.808116883116883,0,0,0.0,0.0,0.0,0.0,4,4,1,4.5,1.125,385.0,2.0,0,0,1,1,1,0,1,0,0,0,1,0,0,0,0,0,0,0,0,0,0,0,1,0,0,0,0,0.0,8.03268487596762,0.0,0.0,0.0,0.0,0.0,0.0,0.0,0.0,0.0,0.0,0.0,0.0,0.0,8.62515033292133
392379,540626.0,2021,7.611347717403621,4.084441,2600,7.8632667240095735,579,6.363028103540465,781,6.661854740545311,0.7413572343149808,2480,7.816416983691801,1.227115289460663,0,0,0.0,0.0,0.0,0.0,3,3,1,3.5,1.1666666666666667,336.8333333333333,2.0,0,0,1,1,1,0,1,0,0,0,1,0,0,0,0,0,0,0,0,0,0,0,0,1,0,0,0,0.0,7.611347717403621,0.0,0.0,0.0,0.0,0.0,0.0,0.0,0.0,0.0,0.0,0.0,0.0,0.0,7.816416983691801
392472,625000.0,1751,7.467942332285852,3.066001,1751,7.467942332285852,0,0.0,0,0.0,0.0,6250,8.740496729931813,3.5693889206167904,0,77,4.356708826689592,5.929,77.0,4.356708826689592,3,2,0,2.0,0.6666666666666666,350.2,1.0,0,0,1,0,0,0,0,0,0,0,0,0,0,0,0,0,0,1,0,0,0,0,0,0,0,0,0,0.0,0.0,0.0,0.0,0.0,0.0,0.0,0.0,7.467942332285852,0.0,0.0,0.0,0.0,0.0,0.0,8.740496729931813
392508,340000.0,968,6.875232087276577,0.937024,1888,7.543273346705446,920,6.825460036255307,968,6.876264611890766,0.9504132231404959,10100,9.220389707829185,10.433884297520661,0,47,3.871201010907891,2.209,10.0,2.3978952727983707,3,2,0,2.0,0.6666666666666666,193.6,1.0,0,1,1,1,1,0,0,0,0,0,0,0,0,0,0,0,1,0,0,0,0,0,0,0,0,0,0,0.0,0.0,0.0,0.0,0.0,0.0,0.0,6.875232087276577,0.0,0.0,0.0,0.0,0.0,0.0,0.0,9.220389707829185
392688,1020000.0,1209,7.097548850614793,1.461681,1209,7.097548850614793,0,0.0,0,0.0,0.0,0,0.0,0.0,0,2,1.0986122886681098,0.004,2.0,1.0986122886681098,2,2,0,2.0,1.0,302.25,1.0,1,0,0,0,0,0,0,0,0,0,0,0,0,0,0,0,0,0,0,0,1,0,0,0,1,0,0,0.0,0.0,0.0,0.0,0.0,0.0,0.0,0.0,0.0,0.0,0.0,7.097548850614793,0.0,7.097548850614793,1.0986122886681098,0.0
393886,427125.0,2139,7.668093709082406,4.575321,2139,7.668093709082406,0,0.0,958,6.8658910748834385,0.0,5000,8.517393171418904,2.337540906965872,0,1,0.6931471805599453,0.001,1.0,0.6931471805599453,4,2,1,2.5,0.625,356.5,2.0,0,0,1,1,0,0,1,0,0,0,0,0,0,0,0,0,0,0,0,0,0,0,1,0,0,0,0,0.0,0.0,0.0,0.0,0.0,0.0,0.0,0.0,0.0,0.0,0.0,0.0,0.0,0.0,0.0,8.517393171418904
394175,322035.0,1534,7.335633981927201,2.353156,1534,7.335633981927201,0,0.0,600,6.398594934535208,0.0,2066,7.633853559681768,1.3468057366362451,0,1,0.6931471805599453,0.001,1.0,0.6931471805599453,3,2,1,2.5,0.8333333333333334,306.8,2.0,0,0,1,1,0,0,1,0,0,0,0,0,0,0,0,0,0,0,0,0,0,0,0,1,0,0,0,0.0,0.0,0.0,0.0,0.0,0.0,0.0,0.0,0.0,0.0,0.0,0.0,0.0,0.0,0.0,7.633853559681768
394539,640000.0,2171,7.682943169878292,4.713241,2171,7.682943169878292,0,0.0,0,0.0,0.0,1760,7.473637108496206,0.8106863196683556,0,0,0.0,0.0,0.0,0.0,3,2,1,2.5,0.8333333333333334,434.2,3.0,0,0,1,0,0,0,1,0,0,0,1,0,0,0,0,0,0,0,0,0,0,0,0,0,1,0,0,0.0,7.682943169878292,0.0,0.0,0.0,0.0,0.0,0.0,0.0,0.0,0.0,0.0,0.0,0.0,0.0,7.473637108496206
394702,315000.0,1078,6.982862751468942,1.162084,1078,6.982862751468942,0,0.0,0,0.0,0.0,0,0.0,0.0,0,61,4.127134385045092,3.721,3.0,1.3862943611198906,2,2,0,2.0,1.0,269.5,1.0,1,1,0,0,0,0,0,0,0,1,0,0,0,0,0,0,0,0,0,0,0,0,0,1,0,0,0,6.982862751468942,0.0,0.0,0.0,0.0,0.0,0.0,0.0,0.0,0.0,0.0,0.0,0.0,6.982862751468942,4.127134385045092,0.0
395406,505000.0,1563,7.354362330421477,2.442969,2275,7.729735331385051,712,6.569481420414296,749,6.620073206530356,0.9506008010680908,2688,7.896924656268864,1.7197696737044146,0,12,2.5649493574615367,0.144,12.0,2.5649493574615367,3,3,1,3.5,1.1666666666666667,260.5,2.0,0,0,1,1,1,0,0,0,0,0,1,0,0,0,0,0,0,0,0,0,0,0,1,0,0,0,0,0.0,7.354362330421477,0.0,0.0,0.0,0.0,0.0,0.0,0.0,0.0,0.0,0.0,0.0,0.0,0.0,7.896924656268864
395709,460000.0,2811,7.941295570906532,7.901721,3738,8.226305988015508,927,6.833031732786201,1205,7.095064377287131,0.7692946058091287,5500,8.612685172875459,1.9565990750622555,0,13,2.6390573296152584,0.169,13.0,2.6390573296152584,4,4,0,4.0,1.0,351.375,2.0,0,0,1,1,1,0,0,0,0,0,0,0,0,0,0,0,0,0,0,0,0,0,1,0,0,0,0,0.0,0.0,0.0,0.0,0.0,0.0,0.0,0.0,0.0,0.0,0.0,0.0,0.0,0.0,0.0,8.612685172875459
396049,657261.0,2281,7.732369222284388,5.202961,3394,8.129764445794171,1113,7.01571242048723,1437,7.271008538280992,0.7745302713987474,14133,9.5563385212508,6.19596668128014,0,0,0.0,0.0,0.0,0.0,3,3,1,3.5,1.1666666666666667,380.1666666666667,1.0,0,0,1,1,1,0,1,0,0,0,0,0,0,0,0,0,0,0,0,0,0,0,0,0,0,0,0,0.0,0.0,0.0,0.0,0.0,0.0,0.0,0.0,0.0,0.0,0.0,0.0,0.0,0.0,0.0,9.5563385212508
396246,615000.0,1507,7.317876198626496,2.271049,1507,7.317876198626496,0,0.0,0,0.0,0.0,658,6.490723534502507,0.4366290643662906,0,14,2.70805020110221,0.196,14.0,2.70805020110221,2,2,1,2.5,1.25,376.75,3.0,0,0,1,0,0,0,0,0,0,0,0,1,0,0,0,0,0,0,0,0,0,0,0,0,1,0,0,0.0,0.0,7.317876198626496,0.0,0.0,0.0,0.0,0.0,0.0,0.0,0.0,0.0,0.0,0.0,0.0,6.490723534502507
396613,872500.0,1285,7.158513997329321,1.651225,2149,7.67275789664251,864,6.762729506931879,961,6.8690144506657065,0.899063475546306,6250,8.740496729931813,4.863813229571984,0,112,4.727387818712341,12.544,0.0,0.0,3,2,0,2.0,0.6666666666666666,257.0,1.0,0,1,1,1,1,0,0,1,0,0,0,0,0,0,1,0,0,0,0,0,0,0,0,0,0,0,0,0.0,0.0,0.0,0.0,0.0,7.158513997329321,0.0,0.0,0.0,0.0,0.0,0.0,0.0,0.0,0.0,8.740496729931813
396748,319000.0,880,6.779921907472252,0.7744,880,6.779921907472252,0,0.0,0,0.0,0.0,6000,8.699681400989514,6.818181818181818,441,41,3.7376696182833684,1.681,41.0,3.7376696182833684,3,2,0,2.0,0.6666666666666666,176.0,1.0,0,0,1,0,0,1,0,0,0,0,0,0,0,0,0,1,0,0,0,0,0,0,0,0,0,1,0,0.0,0.0,0.0,0.0,0.0,0.0,6.779921907472252,0.0,0.0,0.0,0.0,0.0,0.0,0.0,0.0,8.699681400989514
397206,895000.0,2834,7.949444420250626,8.031556,3964,8.285008895449879,1130,7.030857476116121,1190,7.0825485693553,0.9495798319327731,4091,8.316789127071518,1.4435426958362738,0,15,2.772588722239781,0.225,5.0,1.791759469228055,4,4,1,4.5,1.125,354.25,2.0,0,1,1,1,1,0,0,0,0,0,1,0,0,0,0,0,0,0,0,0,0,0,1,0,0,0,0,0.0,7.949444420250626,0.0,0.0,0.0,0.0,0.0,0.0,0.0,0.0,0.0,0.0,0.0,0.0,0.0,8.316789127071518
397241,167500.0,952,6.858565034791365,0.906304,952,6.858565034791365,0,0.0,0,0.0,0.0,0,0.0,0.0,0,46,3.8501476017100584,2.116,46.0,3.8501476017100584,2,1,1,1.5,0.75,317.3333333333333,1.0,1,0,0,0,0,0,0,0,0,0,0,0,0,1,0,0,0,0,0,0,0,0,0,1,0,0,0,0.0,0.0,0.0,0.0,6.858565034791365,0.0,0.0,0.0,0.0,0.0,0.0,0.0,0.0,6.858565034791365,3.8501476017100584,0.0
398118,565500.0,1286,7.1592919047975645,1.653796,2101,7.650168700845001,815,6.704414354964107,1278,7.153833801578843,0.6377151799687011,3510,8.163656176168432,2.729393468118196,0,9,2.302585092994046,0.081,9.0,2.302585092994046,2,3,0,3.0,1.5,257.2,1.0,0,0,1,1,1,0,0,0,0,0,1,0,0,0,0,0,0,0,0,0,0,0,0,0,0,0,0,0.0,7.1592919047975645,0.0,0.0,0.0,0.0,0.0,0.0,0.0,0.0,0.0,0.0,0.0,0.0,0.0,8.163656176168432
398414,750000.0,1895,7.546974117516527,3.591025,2935,7.984462732262196,1040,6.947937068614969,1091,6.9957661563048505,0.9532538955087076,9380,9.14644164612595,4.949868073878628,0,99,4.605170185988092,9.801,2.0,1.0986122886681098,2,3,0,3.0,1.5,379.0,1.0,0,1,1,1,1,0,0,1,0,0,0,0,0,0,0,0,0,1,0,0,0,0,0,0,0,0,0,0.0,0.0,0.0,0.0,0.0,0.0,0.0,0.0,7.546974117516527,0.0,0.0,0.0,0.0,0.0,0.0,9.14644164612595
398628,102000.0,510,6.234410725718371,0.2601,510,6.234410725718371,0,0.0,0,0.0,0.0,0,0.0,0.0,0,54,4.007333185232471,2.916,0.0,0.0,0,1,0,1.0,1.0,510.0,1.0,1,1,0,0,0,0,0,0,1,0,0,0,0,0,0,0,0,1,0,0,0,0,0,1,0,0,0,0.0,0.0,0.0,0.0,0.0,0.0,0.0,0.0,6.234410725718371,0.0,0.0,0.0,0.0,6.234410725718371,4.007333185232471,0.0
398632,109900.0,855,6.75110146893676,0.731025,855,6.75110146893676,0,0.0,0,0.0,0.0,0,0.0,0.0,0,55,4.02535169073515,3.025,0.0,0.0,1,1,0,1.0,1.0,427.5,1.0,1,1,0,0,0,0,0,0,0,0,0,0,0,0,0,0,0,0,0,0,0,1,0,0,1,0,0,0.0,0.0,0.0,0.0,0.0,0.0,0.0,0.0,0.0,0.0,0.0,0.0,6.75110146893676,6.75110146893676,4.02535169073515,0.0
399119,200000.0,1142,7.040536390215956,1.304164,1142,7.040536390215956,0,0.0,0,0.0,0.0,0,0.0,0.0,0,46,3.8501476017100584,2.116,0.0,0.0,2,1,1,1.5,0.75,380.6666666666667,2.0,1,1,0,0,0,0,0,0,0,0,0,0,0,0,0,0,0,0,0,0,0,1,0,1,0,0,0,0.0,0.0,0.0,0.0,0.0,0.0,0.0,0.0,0.0,0.0,0.0,0.0,7.040536390215956,7.040536390215956,3.8501476017100584,0.0
399361,460000.0,1744,7.463936604468925,3.041536,3144,8.053251153549096,1400,7.244941546337007,1456,7.284134806195205,0.9615384615384616,13100,9.48044384215367,7.511467889908257,0,57,4.060443010546419,3.249,0.0,0.0,3,3,0,3.0,1.0,290.6666666666667,1.0,0,1,1,1,1,0,0,0,0,0,0,0,1,0,0,0,0,0,0,0,0,0,0,0,0,0,0,0.0,0.0,0.0,7.463936604468925,0.0,0.0,0.0,0.0,0.0,0.0,0.0,0.0,0.0,0.0,0.0,9.48044384215367
399516,990000.0,1898,7.5485559791698735,3.602404,1898,7.5485559791698735,0,0.0,949,6.856461984594587,0.0,3580,8.183397369998433,1.886195995785037,0,1,0.6931471805599453,0.001,1.0,0.6931471805599453,3,3,1,3.5,1.1666666666666667,316.3333333333333,2.0,0,0,1,1,0,0,1,0,0,0,0,1,0,0,0,0,0,0,0,0,0,0,0,1,0,0,0,0.0,0.0,7.5485559791698735,0.0,0.0,0.0,0.0,0.0,0.0,0.0,0.0,0.0,0.0,0.0,0.0,8.183397369998433
399566,720000.0,1555,7.349230824613334,2.418025,2162,7.6787889981991535,607,6.410174881966167,771,6.648984550024776,0.7872892347600519,4690,8.453401058328458,3.0160771704180065,0,113,4.736198448394496,12.769,5.0,1.791759469228055,3,1,1,1.5,0.5,388.75,1.5,0,1,1,1,1,0,0,1,0,1,0,0,0,0,0,0,0,0,0,0,0,0,0,0,0,0,1,7.349230824613334,0.0,0.0,0.0,0.0,0.0,0.0,0.0,0.0,0.0,0.0,0.0,0.0,0.0,0.0,8.453401058328458
399631,385000.0,696,6.54534966033442,0.484416,696,6.54534966033442,0,0.0,0,0.0,0.0,0,0.0,0.0,0,5,1.791759469228055,0.025,5.0,1.791759469228055,1,1,0,1.0,1.0,348.0,1.0,1,0,0,0,0,0,0,0,0,0,0,0,0,0,1,0,0,0,0,0,0,0,0,1,0,0,0,0.0,0.0,0.0,0.0,0.0,6.54534966033442,0.0,0.0,0.0,0.0,0.0,0.0,0.0,6.54534966033442,1.791759469228055,0.0
400291,138000.0,870,6.76849321164863,0.7569,870,6.76849321164863,0,0.0,0,0.0,0.0,0,0.0,0.0,0,56,4.04305126783455,3.136,56.0,4.04305126783455,2,1,0,1.0,0.5,290.0,1.0,1,0,0,0,0,0,0,0,0,0,0,0,0,0,0,0,0,0,0,0,0,1,0,1,0,0,0,0.0,0.0,0.0,0.0,0.0,0.0,0.0,0.0,0.0,0.0,0.0,0.0,6.76849321164863,6.76849321164863,4.04305126783455,0.0
400620,180000.0,701,6.55250788703459,0.491401,701,6.55250788703459,0,0.0,0,0.0,0.0,0,0.0,0.0,0,39,3.6888794541139363,1.521,6.0,1.9459101490553132,1,1,0,1.0,1.0,350.5,1.0,1,1,0,0,0,0,0,0,0,0,0,0,0,0,0,0,0,0,0,0,0,1,0,0,1,0,0,0.0,0.0,0.0,0.0,0.0,0.0,0.0,0.0,0.0,0.0,0.0,0.0,6.55250788703459,6.55250788703459,3.6888794541139363,0.0
400653,832866.0,2494,7.821643126239982,6.220036,3828,8.250097752572845,1334,7.19668657083435,2494,7.822044008185619,0.5348837209302325,5454,8.604287898267172,2.1868484362469927,0,0,0.0,0.0,0.0,0.0,3,3,1,3.5,1.1666666666666667,415.6666666666667,1.0,0,0,1,1,1,0,1,0,0,0,1,0,0,0,0,0,0,0,0,0,0,0,0,0,0,0,0,0.0,7.821643126239982,0.0,0.0,0.0,0.0,0.0,0.0,0.0,0.0,0.0,0.0,0.0,0.0,0.0,8.604287898267172
400718,539260.0,1276,7.151485463904735,1.628176,2209,7.700295203420117,933,6.839476438228843,1276,7.152268856032539,0.7311912225705329,3375,8.124446855715847,2.644984326018809,0,0,0.0,0.0,0.0,0.0,2,3,0,3.0,1.5,255.2,1.0,0,0,1,1,1,0,1,0,0,0,1,0,0,0,0,0,0,0,0,0,0,0,0,1,0,0,0,0.0,7.151485463904735,0.0,0.0,0.0,0.0,0.0,0.0,0.0,0.0,0.0,0.0,0.0,0.0,0.0,8.124446855715847
401177,465000.0,840,6.733401891837359,0.7056,840,6.733401891837359,0,0.0,0,0.0,0.0,0,0.0,0.0,0,1,0.6931471805599453,0.001,1.0,0.6931471805599453,1,1,0,1.0,1.0,420.0,1.0,1,0,0,0,0,0,1,0,0,0,0,1,0,0,0,0,0,0,0,0,0,0,0,0,1,0,0,0.0,0.0,6.733401891837359,0.0,0.0,0.0,0.0,0.0,0.0,0.0,0.0,0.0,0.0,6.733401891837359,0.6931471805599453,0.0
401204,296000.0,1451,7.280008252884188,2.105401,1856,7.526178913346146,405,6.0063531596017325,450,6.111467339502679,0.9,3960,8.284251797621916,2.7291523087525844,0,20,3.044522437723423,0.4,20.0,3.044522437723423,3,2,1,2.5,0.8333333333333334,290.2,2.0,0,0,1,1,1,0,0,0,0,0,0,0,0,0,0,0,1,0,0,0,0,0,0,1,0,0,0,0.0,0.0,0.0,0.0,0.0,0.0,0.0,7.280008252884188,0.0,0.0,0.0,0.0,0.0,0.0,0.0,8.284251797621916
401653,275000.0,503,6.220590170099739,0.253009,503,6.220590170099739,0,0.0,0,0.0,0.0,1497,7.311886164077165,2.9761431411530817,0,73,4.30406509320417,5.329,0.0,0.0,1,1,0,1.0,1.0,251.5,1.0,0,1,1,0,0,0,0,0,0,0,0,0,0,0,0,0,0,1,0,0,0,0,0,1,0,0,0,0.0,0.0,0.0,0.0,0.0,0.0,0.0,0.0,6.220590170099739,0.0,0.0,0.0,0.0,0.0,0.0,7.311886164077165
402062,690000.0,2613,7.868254265520613,6.827769,2613,7.868254265520613,0,0.0,937,6.843749949006225,0.0,3100,8.03947991910045,1.1863758132414848,0,4,1.6094379124341003,0.016,4.0,1.6094379124341003,3,3,1,3.5,1.1666666666666667,435.5,2.5,0,0,1,1,0,0,0,0,0,0,1,0,0,0,0,0,0,0,0,0,0,0,0,0,0,0,1,0.0,7.868254265520613,0.0,0.0,0.0,0.0,0.0,0.0,0.0,0.0,0.0,0.0,0.0,0.0,0.0,8.03947991910045
402331,545000.0,1288,7.160845906664299,1.658944,1288,7.160845906664299,0,0.0,0,0.0,0.0,901,6.804614520062624,0.6995341614906833,0,4,1.6094379124341003,0.016,4.0,1.6094379124341003,2,2,1,2.5,1.25,322.0,3.0,0,0,1,0,0,0,0,0,0,0,0,0,0,0,0,0,0,0,0,1,0,0,0,1,0,0,0,0.0,0.0,0.0,0.0,0.0,0.0,0.0,0.0,0.0,0.0,7.160845906664299,0.0,0.0,0.0,0.0,6.804614520062624
403124,350000.0,1298,7.168579897264035,1.684804,1298,7.168579897264035,0,0.0,638,6.459904454377535,0.0,1584,7.368339686311381,1.2203389830508475,0,38,3.6635616461296463,1.444,0.0,0.0,3,2,1,2.5,0.8333333333333334,259.6,2.0,0,1,1,1,0,0,0,0,0,0,0,0,1,0,0,0,0,0,0,0,0,0,0,0,1,0,0,0.0,0.0,0.0,7.168579897264035,0.0,0.0,0.0,0.0,0.0,0.0,0.0,0.0,0.0,0.0,0.0,7.368339686311381
404201,690000.0,976,6.883462586413092,0.952576,976,6.883462586413092,0,0.0,0,0.0,0.0,0,0.0,0.0,0,2,1.0986122886681098,0.004,2.0,1.0986122886681098,1,1,0,1.0,1.0,488.0,1.0,1,0,0,0,0,0,0,0,0,0,0,0,0,0,0,0,0,0,0,0,1,0,0,0,1,0,0,0.0,0.0,0.0,0.0,0.0,0.0,0.0,0.0,0.0,0.0,0.0,6.883462586413092,0.0,6.883462586413092,1.0986122886681098,0.0
404794,419000.0,741,6.608000625296087,0.549081,741,6.608000625296087,0,0.0,0,0.0,0.0,0,0.0,0.0,0,1,0.6931471805599453,0.001,1.0,0.6931471805599453,1,1,0,1.0,1.0,370.5,1.0,1,0,0,0,0,0,1,0,0,0,0,1,0,0,0,0,0,0,0,0,0,0,0,0,1,0,0,0.0,0.0,6.608000625296087,0.0,0.0,0.0,0.0,0.0,0.0,0.0,0.0,0.0,0.0,6.608000625296087,0.6931471805599453,0.0
405657,900000.0,2535,7.837948916025283,6.426225,2997,8.005367067316664,462,6.137727054086234,602,6.401917196727186,0.7674418604651163,6350,8.756367559802975,2.504930966469428,0,8,2.1972245773362196,0.064,8.0,2.1972245773362196,4,3,0,3.0,0.75,362.14285714285717,2.0,0,1,1,1,1,0,0,0,0,0,0,0,0,0,0,0,0,0,0,1,0,0,1,0,0,0,0,0.0,0.0,0.0,0.0,0.0,0.0,0.0,0.0,0.0,0.0,7.837948916025283,0.0,0.0,0.0,0.0,8.756367559802975
406106,287000.0,1134,7.033506484287697,1.285956,1134,7.033506484287697,0,0.0,0,0.0,0.0,4217,8.34711636103872,3.7186948853615522,0,18,2.9444389791664403,0.324,18.0,2.9444389791664403,2,1,1,1.5,0.75,378.0,2.0,0,1,1,0,0,0,0,0,0,0,0,0,0,0,0,0,0,0,0,0,0,0,1,0,0,0,0,0.0,0.0,0.0,0.0,0.0,0.0,0.0,0.0,0.0,0.0,0.0,0.0,0.0,0.0,0.0,8.34711636103872
406746,343000.0,968,6.875232087276577,0.937024,1696,7.4360278163518485,728,6.591673732008658,968,6.876264611890766,0.7520661157024794,8440,9.04085606398372,8.71900826446281,0,47,3.871201010907891,2.209,0.0,0.0,3,2,0,2.0,0.6666666666666666,193.6,1.0,0,1,1,1,1,0,0,0,0,0,0,0,0,0,0,0,1,0,0,0,0,0,0,0,0,0,0,0.0,0.0,0.0,0.0,0.0,0.0,0.0,6.875232087276577,0.0,0.0,0.0,0.0,0.0,0.0,0.0,9.04085606398372
407029,174400.0,945,6.851184927493743,0.893025,945,6.851184927493743,0,0.0,0,0.0,0.0,0,0.0,0.0,0,50,3.9318256327243257,2.5,4.0,1.6094379124341003,2,1,0,1.0,0.5,315.0,1.0,1,1,0,0,0,0,0,0,0,0,0,0,0,0,0,0,0,0,0,0,0,1,0,1,0,0,0,0.0,0.0,0.0,0.0,0.0,0.0,0.0,0.0,0.0,0.0,0.0,0.0,6.851184927493743,6.851184927493743,3.9318256327243257,0.0
407391,441000.0,1578,7.363913501405819,2.490084,2950,7.989560449333865,1372,7.224753405767971,1525,7.330405211844402,0.899672131147541,9570,9.166492972195906,6.064638783269962,0,46,3.8501476017100584,2.116,0.0,0.0,3,3,0,3.0,1.0,263.0,1.0,0,1,1,1,1,0,0,0,0,0,0,0,1,0,0,0,0,0,0,0,0,0,0,0,0,0,0,0.0,0.0,0.0,7.363913501405819,0.0,0.0,0.0,0.0,0.0,0.0,0.0,0.0,0.0,0.0,0.0,9.166492972195906
407575,540000.0,1180,7.07326971745971,1.3924,1180,7.07326971745971,0,0.0,0,0.0,0.0,800,6.68586094706836,0.6779661016949152,0,13,2.6390573296152584,0.169,13.0,2.6390573296152584,2,2,1,2.5,1.25,295.0,2.0,0,0,1,0,0,0,0,0,0,0,0,1,0,0,0,0,0,0,0,0,0,0,0,0,1,0,0,0.0,0.0,7.07326971745971,0.0,0.0,0.0,0.0,0.0,0.0,0.0,0.0,0.0,0.0,0.0,0.0,6.68586094706836
407646,712000.0,1912,7.555905093611346,3.655744,2708,7.903965634032166,796,6.680854678790215,864,6.762729506931879,0.9212962962962963,3420,8.137688184977605,1.788702928870293,0,0,0.0,0.0,0.0,0.0,3,3,1,3.5,1.1666666666666667,318.6666666666667,2.0,0,1,1,1,1,0,1,0,0,0,1,0,0,0,0,0,0,0,0,0,0,0,1,0,0,0,0,0.0,7.555905093611346,0.0,0.0,0.0,0.0,0.0,0.0,0.0,0.0,0.0,0.0,0.0,0.0,0.0,8.137688184977605
409658,350000.0,1142,7.040536390215956,1.304164,1142,7.040536390215956,0,0.0,407,6.0112671744041615,0.0,5041,8.525558107747866,4.414185639229422,382,22,3.1354942159291497,0.484,22.0,3.1354942159291497,3,2,1,2.5,0.8333333333333334,228.4,1.0,0,0,1,1,0,1,0,0,0,0,0,0,0,0,0,0,1,0,0,0,0,0,0,0,0,1,0,0.0,0.0,0.0,0.0,0.0,0.0,0.0,7.040536390215956,0.0,0.0,0.0,0.0,0.0,0.0,0.0,8.525558107747866
410804,1100000.0,1197,7.087573705557973,1.432809,1197,7.087573705557973,0,0.0,0,0.0,0.0,0,0.0,0.0,0,2,1.0986122886681098,0.004,2.0,1.0986122886681098,2,2,0,2.0,1.0,299.25,1.0,1,0,0,0,0,0,0,0,0,0,0,0,0,0,0,0,0,0,0,0,1,0,0,1,0,0,0,0.0,0.0,0.0,0.0,0.0,0.0,0.0,0.0,0.0,0.0,0.0,7.087573705557973,0.0,7.087573705557973,1.0986122886681098,0.0
411048,320000.0,1216,7.103322062526113,1.478656,1216,7.103322062526113,0,0.0,0,0.0,0.0,0,0.0,0.0,0,34,3.5553480614894135,1.156,0.0,0.0,1,1,1,1.5,1.5,608.0,2.0,1,1,0,0,0,0,0,0,0,1,0,0,0,0,0,0,0,0,0,0,0,0,0,1,0,0,0,7.103322062526113,0.0,0.0,0.0,0.0,0.0,0.0,0.0,0.0,0.0,0.0,0.0,0.0,7.103322062526113,3.5553480614894135,0.0
411085,740000.0,1983,7.592366128519796,3.932289,2842,7.952263308657046,859,6.756932389247553,934,6.840546529288687,0.9197002141327623,4050,8.30671904320269,2.042360060514372,0,2,1.0986122886681098,0.004,2.0,1.0986122886681098,3,3,1,3.5,1.1666666666666667,330.5,2.0,0,0,1,1,1,0,0,0,0,0,1,0,0,0,0,0,0,0,0,0,0,0,1,0,0,0,0,0.0,7.592366128519796,0.0,0.0,0.0,0.0,0.0,0.0,0.0,0.0,0.0,0.0,0.0,0.0,0.0,8.30671904320269
411218,428400.0,2436,7.798112628829788,5.934096,2436,7.798112628829788,0,0.0,1068,6.974478911025045,0.0,4500,8.412054873292933,1.8472906403940887,0,0,0.0,0.0,0.0,0.0,4,2,1,2.5,0.625,406.0,2.0,0,0,1,1,0,0,1,0,0,0,0,0,0,0,0,0,0,0,0,0,0,0,1,0,0,0,0,0.0,0.0,0.0,0.0,0.0,0.0,0.0,0.0,0.0,0.0,0.0,0.0,0.0,0.0,0.0,8.412054873292933
411441,335000.0,1779,7.483806687665835,3.164841,1779,7.483806687665835,0,0.0,0,0.0,0.0,5403,8.59489469908009,3.0370994940978076,0,15,2.772588722239781,0.225,15.0,2.772588722239781,3,2,1,2.5,0.8333333333333334,355.8,2.0,0,1,1,0,0,0,0,0,0,0,0,0,0,0,0,0,0,0,0,0,0,0,1,0,0,0,0,0.0,0.0,0.0,0.0,0.0,0.0,0.0,0.0,0.0,0.0,0.0,0.0,0.0,0.0,0.0,8.59489469908009
411915,331000.0,931,6.836259277277067,0.866761,931,6.836259277277067,0,0.0,0,0.0,0.0,9240,9.13140538388804,9.924812030075188,831,48,3.8918202981106265,2.304,0.0,0.0,3,2,0,2.0,0.6666666666666666,186.2,1.0,0,1,1,0,0,1,0,0,0,0,0,0,0,0,0,0,1,0,0,0,0,0,0,0,0,1,0,0.0,0.0,0.0,0.0,0.0,0.0,0.0,6.836259277277067,0.0,0.0,0.0,0.0,0.0,0.0,0.0,9.13140538388804
412251,439000.0,902,6.804614520062624,0.813604,902,6.804614520062624,0,0.0,0,0.0,0.0,0,0.0,0.0,0,91,4.5217885770490405,8.281,3.0,1.3862943611198906,1,1,1,1.5,1.5,451.0,1.0,1,1,0,0,0,0,0,1,0,0,0,0,0,0,0,0,0,0,0,0,1,0,0,0,1,0,0,0.0,0.0,0.0,0.0,0.0,0.0,0.0,0.0,0.0,0.0,0.0,6.804614520062624,0.0,6.804614520062624,4.5217885770490405,0.0
413023,329000.0,1671,7.421177528595393,2.792241,1671,7.421177528595393,0,0.0,0,0.0,0.0,1484,7.3031700512368,0.8880909634949132,0,15,2.772588722239781,0.225,15.0,2.772588722239781,3,2,1,2.5,0.8333333333333334,334.2,2.0,0,0,1,0,0,0,0,0,0,0,0,0,0,0,0,1,0,0,0,0,0,0,0,0,1,0,0,0.0,0.0,0.0,0.0,0.0,0.0,7.421177528595393,0.0,0.0,0.0,0.0,0.0,0.0,0.0,0.0,7.3031700512368
413311,252830.0,1314,7.1808311990445555,1.726596,1314,7.1808311990445555,0,0.0,0,0.0,0.0,2232,7.711101251840158,1.6986301369863013,0,1,0.6931471805599453,0.001,1.0,0.6931471805599453,3,2,0,2.0,0.6666666666666666,262.8,2.0,0,0,1,0,0,0,1,0,0,0,0,0,0,0,0,0,0,0,0,0,0,0,1,0,0,0,0,0.0,0.0,0.0,0.0,0.0,0.0,0.0,0.0,0.0,0.0,0.0,0.0,0.0,0.0,0.0,7.711101251840158
413374,293000.0,1217,7.104144092987527,1.481089,1217,7.104144092987527,0,0.0,764,6.639875833826536,0.0,1020,6.928537818164665,0.838126540673788,0,36,3.6109179126442243,1.296,36.0,3.6109179126442243,2,2,0,2.0,1.0,304.25,2.0,0,0,1,1,0,0,0,0,0,0,0,0,1,0,0,0,0,0,0,0,0,0,0,0,1,0,0,0.0,0.0,0.0,7.104144092987527,0.0,0.0,0.0,0.0,0.0,0.0,0.0,0.0,0.0,0.0,0.0,6.928537818164665
413924,354325.0,1966,7.583756300707112,3.865156,1966,7.583756300707112,0,0.0,0,0.0,0.0,2970,7.9966538754626075,1.5106815869786367,0,1,0.6931471805599453,0.001,1.0,0.6931471805599453,4,2,1,2.5,0.625,327.6666666666667,2.0,0,0,1,0,0,0,1,0,0,0,0,0,0,0,0,0,0,0,0,0,0,0,0,1,0,0,0,0.0,0.0,0.0,0.0,0.0,0.0,0.0,0.0,0.0,0.0,0.0,0.0,0.0,0.0,0.0,7.9966538754626075
413971,315000.0,1238,7.121252453244542,1.532644,1238,7.121252453244542,0,0.0,0,0.0,0.0,1242,7.1252830915107115,1.0032310177705976,0,32,3.4965075614664802,1.024,0.0,0.0,2,2,1,2.5,1.25,309.5,2.0,0,1,1,0,0,0,0,0,0,0,0,0,0,0,0,1,0,0,0,0,0,0,0,0,1,0,0,0.0,0.0,0.0,0.0,0.0,0.0,7.121252453244542,0.0,0.0,0.0,0.0,0.0,0.0,0.0,0.0,7.1252830915107115
414159,165000.0,525,6.263398262591624,0.275625,525,6.263398262591624,0,0.0,0,0.0,0.0,0,0.0,0.0,0,68,4.23410650459726,4.624,68.0,4.23410650459726,1,1,0,1.0,1.0,262.5,1.0,1,0,0,0,0,0,0,0,0,0,0,0,0,0,0,0,0,1,0,0,0,0,0,1,0,0,0,0.0,0.0,0.0,0.0,0.0,0.0,0.0,0.0,6.263398262591624,0.0,0.0,0.0,0.0,6.263398262591624,4.23410650459726,0.0
414544,740000.0,2164,7.679713639966372,4.682896,3122,8.046229101075378,958,6.8658910748834385,1123,7.024649030453636,0.8530721282279609,5005,8.518392471991719,2.3128465804066543,0,15,2.772588722239781,0.225,15.0,2.772588722239781,5,3,1,3.5,0.7,270.5,2.0,0,1,1,1,1,0,0,0,0,0,1,0,0,0,0,0,0,0,0,0,0,0,1,0,0,0,0,0.0,7.679713639966372,0.0,0.0,0.0,0.0,0.0,0.0,0.0,0.0,0.0,0.0,0.0,0.0,0.0,8.518392471991719
414600,200000.0,1354,7.21081845347222,1.833316,1784,7.486613313139955,430,6.066108090103747,480,6.175867270105761,0.8958333333333334,3850,8.25608813381491,2.843426883308715,0,20,3.044522437723423,0.4,20.0,3.044522437723423,3,2,1,2.5,0.8333333333333334,270.8,2.0,0,0,1,1,1,0,0,0,0,0,0,0,0,0,0,0,1,0,0,0,0,0,0,1,0,0,0,0.0,0.0,0.0,0.0,0.0,0.0,0.0,7.21081845347222,0.0,0.0,0.0,0.0,0.0,0.0,0.0,8.25608813381491
415112,775000.0,1373,7.224753405767971,1.885129,2710,7.904703913873747,1337,7.198931240688173,1373,7.2254814727822945,0.9737800436999272,6250,8.740496729931813,4.552075746540423,0,91,4.5217885770490405,8.281,1.0,0.6931471805599453,2,3,0,3.0,1.5,274.6,1.0,0,1,1,1,1,0,0,1,0,0,0,0,0,0,0,0,0,0,1,0,0,0,0,0,0,0,0,0.0,0.0,0.0,0.0,0.0,0.0,0.0,0.0,0.0,7.224753405767971,0.0,0.0,0.0,0.0,0.0,8.740496729931813
415655,441357.0,1696,7.4360278163518485,2.876416,2071,7.635786861395585,375,5.929589143389895,594,6.38856140554563,0.6313131313131313,7621,8.938794081433805,4.493514150943396,0,36,3.6109179126442243,1.296,10.0,2.3978952727983707,3,2,1,2.5,0.8333333333333334,339.2,2.0,0,1,1,1,1,0,0,0,0,0,0,0,0,0,0,1,0,0,0,0,0,0,1,0,0,0,0,0.0,0.0,0.0,0.0,0.0,0.0,7.4360278163518485,0.0,0.0,0.0,0.0,0.0,0.0,0.0,0.0,8.938794081433805
416411,596400.0,2118,7.658227526161352,4.485924,3084,8.03398273468322,966,6.874198495453294,1036,6.9440872082295275,0.9324324324324325,3331,8.111328003286733,1.572710103871577,0,0,0.0,0.0,0.0,0.0,2,3,1,3.5,1.75,423.6,2.0,0,0,1,1,1,0,1,0,0,0,1,0,0,0,0,0,0,0,0,0,0,0,0,1,0,0,0,0.0,7.658227526161352,0.0,0.0,0.0,0.0,0.0,0.0,0.0,0.0,0.0,0.0,0.0,0.0,0.0,8.111328003286733
416444,215000.0,931,6.836259277277067,0.866761,931,6.836259277277067,0,0.0,0,0.0,0.0,0,0.0,0.0,0,17,2.8903717578961645,0.289,7.0,2.0794415416798357,1,1,1,1.5,1.5,465.5,1.0,1,1,0,0,0,0,0,0,0,0,0,0,0,0,0,0,0,0,0,0,0,0,0,0,1,0,0,0.0,0.0,0.0,0.0,0.0,0.0,0.0,0.0,0.0,0.0,0.0,0.0,0.0,6.836259277277067,2.8903717578961645,0.0
416903,995000.0,1228,7.113142108707088,1.507984,1228,7.113142108707088,0,0.0,0,0.0,0.0,0,0.0,0.0,0,2,1.0986122886681098,0.004,2.0,1.0986122886681098,2,2,0,2.0,1.0,307.0,1.0,1,0,0,0,0,0,0,0,0,0,0,0,0,0,0,0,0,0,0,0,1,0,0,1,0,0,0,0.0,0.0,0.0,0.0,0.0,0.0,0.0,0.0,0.0,0.0,0.0,7.113142108707088,0.0,7.113142108707088,1.0986122886681098,0.0
417092,416706.0,1616,7.38770923908104,2.611456,2395,7.781138509845015,779,6.659293919683638,1616,7.388327859577107,0.48205445544554454,5130,8.543055850941965,3.1745049504950495,0,1,0.6931471805599453,0.001,1.0,0.6931471805599453,2,2,0,2.0,1.0,404.0,1.0,0,0,1,1,1,0,1,0,0,0,0,0,0,0,0,0,0,0,0,0,0,0,0,0,0,0,0,0.0,0.0,0.0,0.0,0.0,0.0,0.0,0.0,0.0,0.0,0.0,0.0,0.0,0.0,0.0,8.543055850941965
417451,950000.0,1724,7.452402451223638,2.972176,2562,7.848543482456679,838,6.732210706467206,882,6.78332520060396,0.9501133786848073,3010,8.010027528481734,1.745939675174014,0,12,2.5649493574615367,0.144,12.0,2.5649493574615367,2,3,1,3.5,1.75,344.8,2.0,0,0,1,1,1,0,0,0,0,0,0,0,0,0,1,0,0,0,0,0,0,0,0,1,0,0,0,0.0,0.0,0.0,0.0,0.0,7.452402451223638,0.0,0.0,0.0,0.0,0.0,0.0,0.0,0.0,0.0,8.010027528481734
418217,535000.0,2278,7.731053144007127,5.189284,3129,8.048468743668883,851,6.747586526829315,896,6.799055862058796,0.9497767857142857,9490,9.158099260130491,4.1659350307287095,0,48,3.8918202981106265,2.304,48.0,3.8918202981106265,4,2,1,2.5,0.625,379.6666666666667,2.0,0,0,1,1,1,0,0,0,0,0,0,0,0,1,0,0,0,0,0,0,0,0,1,0,0,0,0,0.0,0.0,0.0,0.0,7.731053144007127,0.0,0.0,0.0,0.0,0.0,0.0,0.0,0.0,0.0,0.0,9.158099260130491
418244,269366.0,1351,7.208600337960199,1.825201,1351,7.208600337960199,0,0.0,0,0.0,0.0,1869,7.533693709848633,1.383419689119171,0,1,0.6931471805599453,0.001,1.0,0.6931471805599453,3,2,1,2.5,0.8333333333333334,270.2,2.0,0,0,1,0,0,0,1,0,0,0,1,0,0,0,0,0,0,0,0,0,0,0,0,1,0,0,0,0.0,7.208600337960199,0.0,0.0,0.0,0.0,0.0,0.0,0.0,0.0,0.0,0.0,0.0,0.0,0.0,7.533693709848633
418736,290475.0,1454,7.282073658093465,2.114116,1454,7.282073658093465,0,0.0,0,0.0,0.0,1500,7.313886831633462,1.031636863823934,0,1,0.6931471805599453,0.001,1.0,0.6931471805599453,3,2,1,2.5,0.8333333333333334,290.8,2.0,0,0,1,0,0,0,1,0,0,0,0,0,0,0,0,0,0,0,0,0,0,0,0,0,1,0,0,0.0,0.0,0.0,0.0,0.0,0.0,0.0,0.0,0.0,0.0,0.0,0.0,0.0,0.0,0.0,7.313886831633462
418933,700000.0,1824,7.508787170634276,3.326976,1824,7.508787170634276,0,0.0,0,0.0,0.0,2423,7.793174347189205,1.3283991228070176,0,1,0.6931471805599453,0.001,1.0,0.6931471805599453,3,3,1,3.5,1.1666666666666667,304.0,3.0,0,0,1,0,0,0,1,0,0,0,0,0,0,0,1,0,0,0,0,0,0,0,0,1,0,0,0,0.0,0.0,0.0,0.0,0.0,7.508787170634276,0.0,0.0,0.0,0.0,0.0,0.0,0.0,0.0,0.0,7.793174347189205
420129,405000.0,2466,7.81035268372429,6.081156,2466,7.81035268372429,0,0.0,1073,6.97914527506881,0.0,5000,8.517393171418904,2.02757502027575,0,8,2.1972245773362196,0.064,0.0,0.0,3,2,1,2.5,0.8333333333333334,493.2,2.0,0,1,1,1,0,0,0,0,0,0,0,0,0,0,0,0,0,0,0,0,0,0,1,0,0,0,0,0.0,0.0,0.0,0.0,0.0,0.0,0.0,0.0,0.0,0.0,0.0,0.0,0.0,0.0,0.0,8.517393171418904
420156,360000.0,1408,7.249925536717988,1.982464,2708,7.903965634032166,1300,7.170888478512505,1396,7.242082359256962,0.9312320916905444,5055,8.528330935826693,3.5901988636363638,0,12,2.5649493574615367,0.144,12.0,2.5649493574615367,4,3,0,3.0,0.75,201.14285714285714,1.0,0,0,1,1,1,0,0,0,0,0,0,0,0,0,0,0,0,0,0,0,0,0,0,0,0,0,0,0.0,0.0,0.0,0.0,0.0,0.0,0.0,0.0,0.0,0.0,0.0,0.0,0.0,0.0,0.0,8.528330935826693
420783,270303.0,614,6.419994928147142,0.376996,614,6.419994928147142,0,0.0,614,6.421622267806518,0.0,2248,7.718240951959316,3.6612377850162865,0,79,4.382026634673881,6.241,15.0,2.772588722239781,1,1,0,1.0,1.0,307.0,1.0,0,1,1,1,0,0,0,0,0,0,0,0,0,0,0,0,0,1,0,0,0,0,0,0,1,0,0,0.0,0.0,0.0,0.0,0.0,0.0,0.0,0.0,6.419994928147142,0.0,0.0,0.0,0.0,0.0,0.0,7.718240951959316
421084,575000.0,485,6.184148890937483,0.235225,879,6.778784897685177,394,5.978885764901122,415,6.030685260261263,0.9493975903614458,3060,8.026496938945412,6.309278350515464,0,0,0.0,0.0,0.0,0.0,0,1,1,1.5,1.5,485.0,2.0,0,0,1,1,1,0,1,0,1,0,0,0,0,0,1,0,0,0,0,0,0,0,0,1,0,0,0,0.0,0.0,0.0,0.0,0.0,6.184148890937483,0.0,0.0,0.0,0.0,0.0,0.0,0.0,0.0,0.0,8.026496938945412
422482,317125.0,1643,7.404279118037268,2.699449,1643,7.404279118037268,0,0.0,0,0.0,0.0,2330,7.754052639035757,1.4181375532562386,0,1,0.6931471805599453,0.001,1.0,0.6931471805599453,3,2,1,2.5,0.8333333333333334,328.6,2.0,0,0,1,0,0,0,1,0,0,0,0,0,0,0,0,0,0,0,0,0,0,0,0,1,0,0,0,0.0,0.0,0.0,0.0,0.0,0.0,0.0,0.0,0.0,0.0,0.0,0.0,0.0,0.0,0.0,7.754052639035757
423233,294250.0,1600,7.3777589082278725,2.56,1600,7.3777589082278725,0,0.0,0,0.0,0.0,7279,8.892886141190731,4.549375,0,17,2.8903717578961645,0.289,17.0,2.8903717578961645,3,2,1,2.5,0.8333333333333334,320.0,2.0,0,0,1,0,0,0,0,0,0,0,0,0,0,0,0,0,0,0,0,0,0,0,1,0,0,0,0,0.0,0.0,0.0,0.0,0.0,0.0,0.0,0.0,0.0,0.0,0.0,0.0,0.0,0.0,0.0,8.892886141190731
423464,455000.0,1047,6.953684210870537,1.096209,1047,6.953684210870537,0,0.0,0,0.0,0.0,0,0.0,0.0,0,18,2.9444389791664403,0.324,18.0,2.9444389791664403,2,1,0,1.0,0.5,349.0,1.0,1,1,0,0,0,0,0,0,0,0,0,1,0,0,0,0,0,0,0,0,0,0,0,0,1,0,0,0.0,0.0,6.953684210870537,0.0,0.0,0.0,0.0,0.0,0.0,0.0,0.0,0.0,0.0,6.953684210870537,2.9444389791664403,0.0
423657,135000.0,855,6.75110146893676,0.731025,855,6.75110146893676,0,0.0,0,0.0,0.0,0,0.0,0.0,0,54,4.007333185232471,2.916,54.0,4.007333185232471,1,1,0,1.0,1.0,427.5,1.0,1,0,0,0,0,0,0,0,0,0,0,0,0,0,0,0,0,0,0,0,0,1,0,0,1,0,0,0.0,0.0,0.0,0.0,0.0,0.0,0.0,0.0,0.0,0.0,0.0,0.0,6.75110146893676,6.75110146893676,4.007333185232471,0.0
424513,526355.0,1639,7.40184157874383,2.686321,2288,7.7354333524996886,649,6.476972362889683,759,6.633318433280377,0.855072463768116,3192,8.068716192714781,1.9475289810860281,0,0,0.0,0.0,0.0,0.0,2,3,1,3.5,1.75,327.8,2.0,0,0,1,1,1,0,1,0,0,0,1,0,0,0,0,0,0,0,0,0,0,0,0,1,0,0,0,0.0,7.40184157874383,0.0,0.0,0.0,0.0,0.0,0.0,0.0,0.0,0.0,0.0,0.0,0.0,0.0,8.068716192714781
424995,439537.0,1556,7.349873704738337,2.421136,1556,7.349873704738337,0,0.0,0,0.0,0.0,1006,6.914730892718563,0.6465295629820051,0,1,0.6931471805599453,0.001,1.0,0.6931471805599453,2,2,1,2.5,1.25,389.0,3.0,0,0,1,0,0,0,1,0,0,0,1,0,0,0,0,0,0,0,0,0,0,0,0,0,1,0,0,0.0,7.349873704738337,0.0,0.0,0.0,0.0,0.0,0.0,0.0,0.0,0.0,0.0,0.0,0.0,0.0,6.914730892718563
425769,370000.0,1743,7.463363045520021,3.038049,1743,7.463363045520021,0,0.0,0,0.0,0.0,6240,8.738895704934043,3.5800344234079176,0,7,2.0794415416798357,0.049,7.0,2.0794415416798357,3,2,1,2.5,0.8333333333333334,348.6,2.0,0,0,1,0,0,0,0,0,0,0,0,0,0,0,0,0,0,0,0,0,0,0,1,0,0,0,0,0.0,0.0,0.0,0.0,0.0,0.0,0.0,0.0,0.0,0.0,0.0,0.0,0.0,0.0,0.0,8.738895704934043
425885,550000.0,1377,7.227662498728654,1.896129,2657,7.884952945759814,1280,7.155396301896734,1280,7.155396301896734,1.0,5950,8.691314551644853,4.320987654320987,0,96,4.574710978503383,9.216,0.0,0.0,2,2,0,2.0,1.0,344.25,1.0,0,1,1,1,1,0,0,1,0,0,0,0,0,0,0,0,0,0,1,0,0,0,0,0,0,0,0,0.0,0.0,0.0,0.0,0.0,0.0,0.0,0.0,0.0,7.227662498728654,0.0,0.0,0.0,0.0,0.0,8.691314551644853
426036,375000.0,1622,7.3914152346753585,2.630884,1622,7.3914152346753585,0,0.0,0,0.0,0.0,0,0.0,0.0,0,46,3.8501476017100584,2.116,46.0,3.8501476017100584,2,2,0,2.0,1.0,405.5,2.0,1,0,0,0,0,0,0,0,0,0,0,0,1,0,0,0,0,0,0,0,0,0,0,0,1,0,0,0.0,0.0,0.0,7.3914152346753585,0.0,0.0,0.0,0.0,0.0,0.0,0.0,0.0,0.0,7.3914152346753585,3.8501476017100584,0.0
426555,850000.0,1900,7.549609165154532,3.61,2467,7.810758116529357,567,6.342121418721152,743,6.612041034833092,0.7631224764468372,3566,8.17948018535889,1.8768421052631579,0,121,4.804021044733257,14.641,14.0,2.70805020110221,3,3,1,3.5,1.1666666666666667,316.6666666666667,2.0,0,1,1,1,1,0,0,1,0,1,0,0,0,0,0,0,0,0,0,0,0,0,0,1,0,0,0,7.549609165154532,0.0,0.0,0.0,0.0,0.0,0.0,0.0,0.0,0.0,0.0,0.0,0.0,0.0,0.0,8.17948018535889
426849,345000.0,1460,7.286191714702382,2.1316,1460,7.286191714702382,0,0.0,0,0.0,0.0,3100,8.03947991910045,2.1232876712328768,0,2,1.0986122886681098,0.004,2.0,1.0986122886681098,2,2,1,2.5,1.25,365.0,2.0,0,0,1,0,0,0,0,0,0,0,0,0,0,0,0,0,0,0,0,0,0,0,1,0,0,0,0,0.0,0.0,0.0,0.0,0.0,0.0,0.0,0.0,0.0,0.0,0.0,0.0,0.0,0.0,0.0,8.03947991910045
427277,341000.0,1122,7.022868086082641,1.258884,1122,7.022868086082641,0,0.0,0,0.0,0.0,996,6.904750769961838,0.8877005347593583,0,14,2.70805020110221,0.196,14.0,2.70805020110221,2,1,1,1.5,0.75,374.0,2.0,0,0,1,0,0,0,0,0,0,0,1,0,0,0,0,0,0,0,0,0,0,0,0,1,0,0,0,0.0,7.022868086082641,0.0,0.0,0.0,0.0,0.0,0.0,0.0,0.0,0.0,0.0,0.0,0.0,0.0,6.904750769961838
427517,375000.0,1632,7.397561535524052,2.663424,2313,7.746300662231439,681,6.525029657843462,783,6.664409020350408,0.8697318007662835,0,0.0,0.0,0,45,3.828641396489095,2.025,0.0,0.0,3,3,1,3.5,1.1666666666666667,272.0,2.0,1,1,0,1,1,0,0,0,0,0,0,0,0,0,0,1,0,0,0,0,0,0,0,0,1,0,0,0.0,0.0,0.0,0.0,0.0,0.0,7.397561535524052,0.0,0.0,0.0,0.0,0.0,0.0,7.397561535524052,3.828641396489095,0.0
427638,435000.0,996,6.903747257584598,0.992016,996,6.903747257584598,0,0.0,0,0.0,0.0,6500,8.77971129020447,6.526104417670683,0,70,4.2626798770413155,4.9,0.0,0.0,3,2,0,2.0,0.6666666666666666,199.2,1.0,0,1,1,0,0,0,0,0,0,0,0,0,0,0,0,0,0,0,1,0,0,0,0,0,0,0,0,0.0,0.0,0.0,0.0,0.0,0.0,0.0,0.0,0.0,6.903747257584598,0.0,0.0,0.0,0.0,0.0,8.77971129020447
427751,875000.0,2168,7.681560362559537,4.700224,2168,7.681560362559537,0,0.0,0,0.0,0.0,0,0.0,0.0,0,16,2.833213344056216,0.256,16.0,2.833213344056216,3,3,0,3.0,1.0,361.3333333333333,1.0,1,1,0,0,0,0,0,0,0,0,0,1,0,0,0,0,0,0,0,0,0,0,0,0,1,0,0,0.0,0.0,7.681560362559537,0.0,0.0,0.0,0.0,0.0,0.0,0.0,0.0,0.0,0.0,7.681560362559537,2.833213344056216,0.0
428149,1200000.0,1345,7.20414929203594,1.809025,1345,7.20414929203594,0,0.0,0,0.0,0.0,0,0.0,0.0,0,2,1.0986122886681098,0.004,2.0,1.0986122886681098,2,2,0,2.0,1.0,336.25,1.0,1,0,0,0,0,0,0,0,0,0,0,0,0,0,0,0,0,0,0,0,1,0,0,1,0,0,0,0.0,0.0,0.0,0.0,0.0,0.0,0.0,0.0,0.0,0.0,0.0,7.20414929203594,0.0,7.20414929203594,1.0986122886681098,0.0
428453,310025.0,1708,7.443078374348516,2.917264,1708,7.443078374348516,0,0.0,0,0.0,0.0,4050,8.30671904320269,2.371194379391101,0,19,2.995732273553991,0.361,0.0,0.0,3,2,1,2.5,0.8333333333333334,341.6,2.0,0,1,1,0,0,0,0,0,0,0,0,0,0,0,0,0,0,0,0,0,0,0,1,0,0,0,0,0.0,0.0,0.0,0.0,0.0,0.0,0.0,0.0,0.0,0.0,0.0,0.0,0.0,0.0,0.0,8.30671904320269
429080,188000.0,1200,7.090076835776092,1.44,1200,7.090076835776092,0,0.0,0,0.0,0.0,0,0.0,0.0,0,50,3.9318256327243257,2.5,0.0,0.0,2,2,0,2.0,1.0,300.0,1.0,1,1,0,0,0,0,0,0,0,0,0,0,0,0,0,0,0,0,0,0,0,1,0,0,1,0,0,0.0,0.0,0.0,0.0,0.0,0.0,0.0,0.0,0.0,0.0,0.0,0.0,7.090076835776092,7.090076835776092,3.9318256327243257,0.0
429297,415000.0,1438,7.271008538280992,2.067844,1438,7.271008538280992,0,0.0,77,4.356708826689592,0.0,1260,7.13966033596492,0.8762169680111266,0,15,2.772588722239781,0.225,15.0,2.772588722239781,2,2,1,2.5,1.25,359.5,2.0,0,0,1,1,0,0,0,0,0,0,1,0,0,0,0,0,0,0,0,0,0,0,0,0,1,0,0,0.0,7.271008538280992,0.0,0.0,0.0,0.0,0.0,0.0,0.0,0.0,0.0,0.0,0.0,0.0,0.0,7.13966033596492
429957,318000.0,1019,6.926577033222725,1.038361,1019,6.926577033222725,0,0.0,0,0.0,0.0,8987,9.10364563330522,8.819430814524043,0,42,3.7612001156935624,1.764,42.0,3.7612001156935624,3,1,0,1.0,0.3333333333333333,254.75,1.0,0,0,1,0,0,0,0,0,0,0,0,0,0,0,0,1,0,0,0,0,0,0,0,0,0,0,0,0.0,0.0,0.0,0.0,0.0,0.0,6.926577033222725,0.0,0.0,0.0,0.0,0.0,0.0,0.0,0.0,9.10364563330522
430080,382500.0,2040,7.620705086838262,4.1616,2040,7.620705086838262,0,0.0,1020,6.928537818164665,0.0,7002,8.854093907655518,3.4323529411764704,0,13,2.6390573296152584,0.169,13.0,2.6390573296152584,3,2,1,2.5,0.8333333333333334,408.0,2.0,0,0,1,1,0,0,0,0,0,0,0,0,0,0,0,0,0,0,0,0,0,0,1,0,0,0,0,0.0,0.0,0.0,0.0,0.0,0.0,0.0,0.0,0.0,0.0,0.0,0.0,0.0,0.0,0.0,8.854093907655518
430088,1550000.0,1623,7.392031567514591,2.634129,1623,7.392031567514591,0,0.0,0,0.0,0.0,0,0.0,0.0,0,18,2.9444389791664403,0.324,3.0,1.3862943611198906,1,2,0,2.0,2.0,541.0,1.0,1,1,0,0,0,0,0,0,0,0,0,0,0,0,0,0,0,0,0,0,1,0,0,1,0,0,0,0.0,0.0,0.0,0.0,0.0,0.0,0.0,0.0,0.0,0.0,0.0,7.392031567514591,0.0,7.392031567514591,2.9444389791664403,0.0
430220,667000.0,1840,7.517520850603031,3.3856,1840,7.517520850603031,0,0.0,0,0.0,0.0,6350,8.756367559802975,3.4510869565217392,0,67,4.219507705176107,4.489,14.0,2.70805020110221,3,2,0,2.0,0.6666666666666666,368.0,1.0,0,1,1,0,0,0,0,0,0,0,0,0,0,0,0,0,0,0,0,1,0,0,0,0,0,0,0,0.0,0.0,0.0,0.0,0.0,0.0,0.0,0.0,0.0,0.0,7.517520850603031,0.0,0.0,0.0,0.0,8.756367559802975
430348,490000.0,2022,7.611842399580417,4.088484,2022,7.611842399580417,0,0.0,781,6.661854740545311,0.0,2600,7.8636512654486515,1.2858555885262117,0,0,0.0,0.0,0.0,0.0,3,2,1,2.5,0.8333333333333334,404.4,2.0,0,0,1,1,0,0,1,0,0,0,1,0,0,0,0,0,0,0,0,0,0,0,0,1,0,0,0,0.0,7.611842399580417,0.0,0.0,0.0,0.0,0.0,0.0,0.0,0.0,0.0,0.0,0.0,0.0,0.0,7.8636512654486515
430535,185000.0,617,6.424869023905388,0.380689,617,6.424869023905388,0,0.0,0,0.0,0.0,0,0.0,0.0,0,47,3.871201010907891,2.209,2.0,1.0986122886681098,1,1,0,1.0,1.0,308.5,1.0,1,1,0,0,0,0,0,0,0,0,0,0,0,0,0,0,0,1,0,0,0,0,0,0,1,0,0,0.0,0.0,0.0,0.0,0.0,0.0,0.0,0.0,6.424869023905388,0.0,0.0,0.0,0.0,6.424869023905388,3.871201010907891,0.0
430947,583463.0,2390,7.779048644925556,5.7121,2390,7.779048644925556,0,0.0,0,0.0,0.0,3038,8.019283792916793,1.2711297071129708,0,0,0.0,0.0,0.0,0.0,3,3,1,3.5,1.1666666666666667,398.3333333333333,3.0,0,0,1,0,0,0,1,0,0,0,1,0,0,0,0,0,0,0,0,0,0,0,0,1,0,0,0,0.0,7.779048644925556,0.0,0.0,0.0,0.0,0.0,0.0,0.0,0.0,0.0,0.0,0.0,0.0,0.0,8.019283792916793
431685,226600.0,1316,7.182352111885263,1.731856,1316,7.182352111885263,0,0.0,0,0.0,0.0,0,0.0,0.0,0,51,3.9512437185814275,2.601,51.0,3.9512437185814275,2,2,1,2.5,1.25,329.0,2.0,1,0,0,0,0,0,0,0,0,0,0,0,0,1,0,0,0,0,0,0,0,0,0,0,1,0,0,0.0,0.0,0.0,0.0,7.182352111885263,0.0,0.0,0.0,0.0,0.0,0.0,0.0,0.0,7.182352111885263,3.9512437185814275,0.0
432194,300000.0,717,6.57507584059962,0.514089,717,6.57507584059962,0,0.0,0,0.0,0.0,0,0.0,0.0,0,58,4.07753744390572,3.364,16.0,2.833213344056216,1,1,0,1.0,1.0,358.5,1.0,1,1,0,0,0,0,0,0,0,1,0,0,0,0,0,0,0,0,0,0,0,0,0,0,1,0,0,6.57507584059962,0.0,0.0,0.0,0.0,0.0,0.0,0.0,0.0,0.0,0.0,0.0,0.0,6.57507584059962,4.07753744390572,0.0
432249,385000.0,2134,7.665753431861699,4.553956,2134,7.665753431861699,0,0.0,1063,6.96979066990159,0.0,7290,8.89439598980643,3.416119962511715,0,23,3.1780538303479458,0.529,23.0,3.1780538303479458,4,2,1,2.5,0.625,355.6666666666667,2.0,0,0,1,1,0,0,0,0,0,0,0,0,0,0,0,0,1,0,0,0,0,0,1,0,0,0,0,0.0,0.0,0.0,0.0,0.0,0.0,0.0,7.665753431861699,0.0,0.0,0.0,0.0,0.0,0.0,0.0,8.89439598980643
432504,489000.0,1219,7.105786129481271,1.485961,1219,7.105786129481271,0,0.0,0,0.0,0.0,0,0.0,0.0,0,16,2.833213344056216,0.256,16.0,2.833213344056216,2,2,0,2.0,1.0,304.75,1.0,1,1,0,0,0,0,0,0,0,0,0,1,0,0,0,0,0,0,0,0,0,0,0,0,1,0,0,0.0,0.0,7.105786129481271,0.0,0.0,0.0,0.0,0.0,0.0,0.0,0.0,0.0,0.0,7.105786129481271,2.833213344056216,0.0
432824,760000.0,1151,7.048386408721883,1.324801,2244,7.716015266642587,1093,6.9975959829819265,1151,7.049254841255837,0.9496090356211989,6250,8.740496729931813,5.430060816681147,0,93,4.543294782270004,8.649,93.0,4.543294782270004,3,2,0,2.0,0.6666666666666666,230.2,1.0,0,0,1,1,1,0,0,1,0,0,0,0,0,0,0,0,0,0,1,0,0,0,0,0,0,0,0,0.0,0.0,0.0,0.0,0.0,0.0,0.0,0.0,0.0,7.048386408721883,0.0,0.0,0.0,0.0,0.0,8.740496729931813
433001,459094.0,1752,7.468513271496337,3.069504,1752,7.468513271496337,0,0.0,731,6.595780513961311,0.0,2671,7.890582534656536,1.5245433789954337,0,0,0.0,0.0,0.0,0.0,3,2,1,2.5,0.8333333333333334,350.4,2.0,0,0,1,1,0,0,1,0,0,0,1,0,0,0,0,0,0,0,0,0,0,0,0,1,0,0,0,0.0,7.468513271496337,0.0,0.0,0.0,0.0,0.0,0.0,0.0,0.0,0.0,0.0,0.0,0.0,0.0,7.890582534656536
433376,257850.0,1100,7.003065458786462,1.21,1100,7.003065458786462,0,0.0,0,0.0,0.0,0,0.0,0.0,0,41,3.7376696182833684,1.681,41.0,3.7376696182833684,2,2,0,2.0,1.0,275.0,1.0,1,0,0,0,0,0,0,0,0,0,0,0,1,0,0,0,0,0,0,0,0,0,0,1,0,0,0,0.0,0.0,0.0,7.003065458786462,0.0,0.0,0.0,0.0,0.0,0.0,0.0,0.0,0.0,7.003065458786462,3.7376696182833684,0.0
433926,154900.0,855,6.75110146893676,0.731025,855,6.75110146893676,0,0.0,0,0.0,0.0,0,0.0,0.0,0,57,4.060443010546419,3.249,57.0,4.060443010546419,1,1,0,1.0,1.0,427.5,1.0,1,0,0,0,0,0,0,0,0,0,0,0,0,0,0,0,0,0,0,0,0,1,0,0,1,0,0,0.0,0.0,0.0,0.0,0.0,0.0,0.0,0.0,0.0,0.0,0.0,0.0,6.75110146893676,6.75110146893676,4.060443010546419,0.0
433969,322000.0,1754,7.469654172932128,3.076516,1754,7.469654172932128,0,0.0,0,0.0,0.0,3418,8.137103389639302,1.9486887115165337,0,15,2.772588722239781,0.225,15.0,2.772588722239781,3,2,0,2.0,0.6666666666666666,350.8,2.0,0,1,1,0,0,0,0,0,0,0,0,0,0,0,0,0,0,0,0,0,0,0,1,0,0,0,0,0.0,0.0,0.0,0.0,0.0,0.0,0.0,0.0,0.0,0.0,0.0,0.0,0.0,0.0,0.0,8.137103389639302
434011,640000.0,1435,7.268920128193722,2.059225,1935,7.5678626054638825,500,6.2166061010848646,556,6.322565239927284,0.8992805755395683,9250,9.132486932771318,6.445993031358885,766,46,3.8501476017100584,2.116,0.0,0.0,4,3,1,3.5,0.875,205.0,1.0,0,1,1,1,1,1,0,0,0,0,0,0,0,1,0,0,0,0,0,0,0,0,0,0,0,1,0,0.0,0.0,0.0,0.0,7.268920128193722,0.0,0.0,0.0,0.0,0.0,0.0,0.0,0.0,0.0,0.0,9.132486932771318
434120,735000.0,2710,7.904703913873747,7.3441,3672,8.20849175174038,962,6.870053411798126,968,6.876264611890766,0.993801652892562,3104,8.040768994367578,1.1453874538745388,0,2,1.0986122886681098,0.004,2.0,1.0986122886681098,3,4,1,4.5,1.5,387.14285714285717,3.0,0,0,1,1,1,0,0,0,0,0,1,0,0,0,0,0,0,0,0,0,0,0,0,1,0,0,0,0.0,7.904703913873747,0.0,0.0,0.0,0.0,0.0,0.0,0.0,0.0,0.0,0.0,0.0,0.0,0.0,8.040768994367578
434673,492500.0,1373,7.224753405767971,1.885129,1373,7.224753405767971,0,0.0,0,0.0,0.0,0,0.0,0.0,0,52,3.970291913552122,2.704,1.0,0.6931471805599453,2,2,0,2.0,1.0,343.25,1.0,1,1,0,0,0,0,0,0,0,1,0,0,0,0,0,0,0,0,0,0,0,0,0,0,1,0,0,7.224753405767971,0.0,0.0,0.0,0.0,0.0,0.0,0.0,0.0,0.0,0.0,0.0,0.0,7.224753405767971,3.970291913552122,0.0
435567,583000.0,1182,7.074963197966044,1.397124,1682,7.427738840532894,500,6.2166061010848646,561,6.331501849893691,0.8912655971479501,6500,8.77971129020447,5.499153976311336,0,89,4.499809670330265,7.921,89.0,4.499809670330265,3,3,0,3.0,1.0,197.0,1.0,0,0,1,1,1,0,0,1,0,0,0,0,0,0,0,0,0,1,0,0,0,0,0,0,0,0,0,0.0,0.0,0.0,0.0,0.0,0.0,0.0,0.0,7.074963197966044,0.0,0.0,0.0,0.0,0.0,0.0,8.77971129020447
435823,492115.0,2034,7.617759576608505,4.137156,2815,7.942717540573791,781,6.661854740545311,781,6.661854740545311,1.0,3150,8.055475141757274,1.5486725663716814,0,1,0.6931471805599453,0.001,1.0,0.6931471805599453,3,3,1,3.5,1.1666666666666667,339.0,2.0,0,0,1,1,1,0,1,0,0,0,1,0,0,0,0,0,0,0,0,0,0,0,0,1,0,0,0,0.0,7.617759576608505,0.0,0.0,0.0,0.0,0.0,0.0,0.0,0.0,0.0,0.0,0.0,0.0,0.0,8.055475141757274
436825,435600.0,1254,7.134093721192866,1.572516,1254,7.134093721192866,0,0.0,0,0.0,0.0,0,0.0,0.0,0,17,2.8903717578961645,0.289,17.0,2.8903717578961645,1,2,0,2.0,2.0,418.0,1.0,1,1,0,0,0,0,0,0,0,0,0,1,0,0,0,0,0,0,0,0,0,0,0,0,1,0,0,0.0,0.0,7.134093721192866,0.0,0.0,0.0,0.0,0.0,0.0,0.0,0.0,0.0,0.0,7.134093721192866,2.8903717578961645,0.0
436907,485147.0,1635,7.399398083331354,2.673225,1635,7.399398083331354,0,0.0,0,0.0,0.0,1950,7.576097340623111,1.1926605504587156,0,1,0.6931471805599453,0.001,1.0,0.6931471805599453,2,2,1,2.5,1.25,408.75,3.0,0,0,1,0,0,0,1,0,0,0,1,0,0,0,0,0,0,0,0,0,0,0,0,1,0,0,0,0.0,7.399398083331354,0.0,0.0,0.0,0.0,0.0,0.0,0.0,0.0,0.0,0.0,0.0,0.0,0.0,7.576097340623111
437176,550000.0,2310,7.745002803515839,5.3361,2310,7.745002803515839,0,0.0,1242,7.1252830915107115,0.0,17800,9.787009914477434,7.705627705627705,0,51,3.9512437185814275,2.601,8.0,2.1972245773362196,4,2,1,2.5,0.625,385.0,2.0,0,1,1,1,0,0,0,0,0,0,0,0,0,1,0,0,0,0,0,0,0,0,1,0,0,0,0,0.0,0.0,0.0,0.0,7.745002803515839,0.0,0.0,0.0,0.0,0.0,0.0,0.0,0.0,0.0,0.0,9.787009914477434
437702,568000.0,1464,7.288927694521257,2.143296,2750,7.919356190660617,1286,7.160069207596127,1464,7.289610521451167,0.8784153005464481,4121,8.324093761450404,2.814890710382514,0,0,0.0,0.0,0.0,0.0,2,3,0,3.0,1.5,292.8,1.0,0,0,1,1,1,0,1,0,0,0,1,0,0,0,0,0,0,0,0,0,0,0,0,1,0,0,0,0.0,7.288927694521257,0.0,0.0,0.0,0.0,0.0,0.0,0.0,0.0,0.0,0.0,0.0,0.0,0.0,8.324093761450404
437735,210000.0,1019,6.926577033222725,1.038361,1019,6.926577033222725,0,0.0,0,0.0,0.0,0,0.0,0.0,0,39,3.6888794541139363,1.521,16.0,2.833213344056216,2,2,0,2.0,1.0,254.75,1.0,1,1,0,0,0,0,0,0,0,0,0,0,0,0,0,0,0,0,0,0,0,1,0,1,0,0,0,0.0,0.0,0.0,0.0,0.0,0.0,0.0,0.0,0.0,0.0,0.0,0.0,6.926577033222725,6.926577033222725,3.6888794541139363,0.0
437745,731649.0,2310,7.745002803515839,5.3361,3120,8.045588280803528,810,6.698268054115413,1215,7.103322062526113,0.6666666666666666,4361,8.380685946761574,1.887878787878788,0,0,0.0,0.0,0.0,0.0,4,4,0,4.0,1.0,288.75,2.0,0,0,1,1,1,0,1,0,0,0,1,0,0,0,0,0,0,0,0,0,0,0,1,0,0,0,0,0.0,7.745002803515839,0.0,0.0,0.0,0.0,0.0,0.0,0.0,0.0,0.0,0.0,0.0,0.0,0.0,8.380685946761574
438352,315000.0,753,6.6240652277998935,0.567009,753,6.6240652277998935,0,0.0,0,0.0,0.0,0,0.0,0.0,0,58,4.07753744390572,3.364,2.0,1.0986122886681098,1,1,0,1.0,1.0,376.5,1.0,1,1,0,0,0,0,0,0,0,1,0,0,0,0,0,0,0,0,0,0,0,0,0,0,1,0,0,6.6240652277998935,0.0,0.0,0.0,0.0,0.0,0.0,0.0,0.0,0.0,0.0,0.0,0.0,6.6240652277998935,4.07753744390572,0.0
438713,511056.0,1284,7.157735484249907,1.648656,2504,7.825644732219989,1220,7.107425474110705,1284,7.158513997329321,0.9501557632398754,3990,8.291797105048733,3.107476635514019,0,1,0.6931471805599453,0.001,1.0,0.6931471805599453,2,3,0,3.0,1.5,256.8,1.0,0,0,1,1,1,0,1,0,0,0,1,0,0,0,0,0,0,0,0,0,0,0,0,1,0,0,0,0.0,7.157735484249907,0.0,0.0,0.0,0.0,0.0,0.0,0.0,0.0,0.0,0.0,0.0,0.0,0.0,8.291797105048733
438782,322900.0,857,6.75343791859778,0.734449,1714,7.446585099157725,857,6.754604099487962,857,6.754604099487962,1.0,6300,8.748463629942055,7.3512252042007,0,47,3.871201010907891,2.209,47.0,3.871201010907891,2,2,0,2.0,1.0,214.25,1.0,0,0,1,1,1,0,0,0,0,0,0,0,0,0,0,0,1,0,0,0,0,0,0,0,0,0,0,0.0,0.0,0.0,0.0,0.0,0.0,0.0,6.75343791859778,0.0,0.0,0.0,0.0,0.0,0.0,0.0,8.748463629942055
438949,271503.0,1212,7.10002716662926,1.468944,1212,7.10002716662926,0,0.0,828,6.720220155135295,0.0,5900,8.682877107057168,4.867986798679868,0,37,3.6375861597263857,1.369,0.0,0.0,2,2,0,2.0,1.0,303.0,2.0,0,1,1,1,0,0,0,0,0,0,0,0,0,0,0,0,1,0,0,0,0,0,1,0,0,0,0,0.0,0.0,0.0,0.0,0.0,0.0,0.0,7.10002716662926,0.0,0.0,0.0,0.0,0.0,0.0,0.0,8.682877107057168
439001,603771.0,1767,7.4770384723196965,3.122289,2503,7.8252452914317745,736,6.602587892189336,802,6.688354713946762,0.9177057356608479,3150,8.055475141757274,1.7826825127334465,0,0,0.0,0.0,0.0,0.0,3,3,1,3.5,1.1666666666666667,294.5,2.0,0,0,1,1,1,0,1,0,0,0,1,0,0,0,0,0,0,0,0,0,0,0,1,0,0,0,0,0.0,7.4770384723196965,0.0,0.0,0.0,0.0,0.0,0.0,0.0,0.0,0.0,0.0,0.0,0.0,0.0,8.055475141757274
439142,567773.0,2390,7.779048644925556,5.7121,2390,7.779048644925556,0,0.0,0,0.0,0.0,3043,8.020927718981577,1.2732217573221758,0,0,0.0,0.0,0.0,0.0,3,3,1,3.5,1.1666666666666667,398.3333333333333,3.0,0,0,1,0,0,0,1,0,0,0,1,0,0,0,0,0,0,0,0,0,0,0,0,1,0,0,0,0.0,7.779048644925556,0.0,0.0,0.0,0.0,0.0,0.0,0.0,0.0,0.0,0.0,0.0,0.0,0.0,8.020927718981577
439199,547500.0,1541,7.340186835320115,2.374681,1541,7.340186835320115,0,0.0,0,0.0,0.0,1470,7.293697720601438,0.9539260220635951,0,2,1.0986122886681098,0.004,2.0,1.0986122886681098,2,2,1,2.5,1.25,385.25,3.0,0,0,1,0,0,0,0,0,0,0,0,0,0,0,0,0,0,0,0,1,0,0,0,1,0,0,0,0.0,0.0,0.0,0.0,0.0,0.0,0.0,0.0,0.0,0.0,7.340186835320115,0.0,0.0,0.0,0.0,7.293697720601438
439580,150000.0,959,6.8658910748834385,0.919681,959,6.8658910748834385,0,0.0,0,0.0,0.0,0,0.0,0.0,0,47,3.871201010907891,2.209,47.0,3.871201010907891,2,1,0,1.0,0.5,319.6666666666667,1.0,1,0,0,0,0,0,0,0,0,0,0,0,0,1,0,0,0,0,0,0,0,0,0,1,0,0,0,0.0,0.0,0.0,0.0,6.8658910748834385,0.0,0.0,0.0,0.0,0.0,0.0,0.0,0.0,6.8658910748834385,3.871201010907891,0.0
440914,350000.0,1062,6.967909201801884,1.127844,1062,6.967909201801884,0,0.0,0,0.0,0.0,0,0.0,0.0,0,81,4.406719247264253,6.561,23.0,3.1780538303479458,2,1,0,1.0,0.5,354.0,1.0,1,1,0,0,0,0,0,1,0,1,0,0,0,0,0,0,0,0,0,0,0,0,0,1,0,0,0,6.967909201801884,0.0,0.0,0.0,0.0,0.0,0.0,0.0,0.0,0.0,0.0,0.0,0.0,6.967909201801884,4.406719247264253,0.0
441457,236000.0,2144,7.670428522190693,4.596736,2144,7.670428522190693,0,0.0,1074,6.980075940561763,0.0,5529,8.61794309451638,2.578824626865672,0,20,3.044522437723423,0.4,20.0,3.044522437723423,3,2,1,2.5,0.8333333333333334,428.8,2.0,0,0,1,1,0,0,0,0,0,0,0,0,0,0,0,0,0,0,0,0,0,0,1,0,0,0,0,0.0,0.0,0.0,0.0,0.0,0.0,0.0,0.0,0.0,0.0,0.0,0.0,0.0,0.0,0.0,8.61794309451638
441608,298000.0,1056,6.962243464266207,1.115136,1056,6.962243464266207,0,0.0,0,0.0,0.0,4627,8.439880088313567,4.381628787878788,0,19,2.995732273553991,0.361,19.0,2.995732273553991,3,1,0,1.0,0.3333333333333333,264.0,1.0,0,1,1,0,0,0,0,0,0,0,0,0,0,0,0,0,0,0,0,0,0,0,0,0,0,0,0,0.0,0.0,0.0,0.0,0.0,0.0,0.0,0.0,0.0,0.0,0.0,0.0,0.0,0.0,0.0,8.439880088313567
444084,475000.0,790,6.672032945461067,0.6241,790,6.672032945461067,0,0.0,0,0.0,0.0,0,0.0,0.0,0,2,1.0986122886681098,0.004,2.0,1.0986122886681098,1,1,0,1.0,1.0,395.0,1.0,1,0,0,0,0,0,0,0,0,0,0,0,0,0,0,0,0,0,0,0,1,0,0,0,1,0,0,0.0,0.0,0.0,0.0,0.0,0.0,0.0,0.0,0.0,0.0,0.0,6.672032945461067,0.0,6.672032945461067,1.0986122886681098,0.0
444251,524062.0,1613,7.385851078125209,2.601769,2282,7.732807530422021,669,6.507277712385012,795,6.679599185844383,0.8415094339622642,2475,7.814399633804487,1.5344079355238687,0,0,0.0,0.0,0.0,0.0,2,3,1,3.5,1.75,322.6,2.0,0,0,1,1,1,0,1,0,0,0,1,0,0,0,0,0,0,0,0,0,0,0,0,1,0,0,0,0.0,7.385851078125209,0.0,0.0,0.0,0.0,0.0,0.0,0.0,0.0,0.0,0.0,0.0,0.0,0.0,7.814399633804487
444453,218000.0,1019,6.926577033222725,1.038361,1019,6.926577033222725,0,0.0,0,0.0,0.0,0,0.0,0.0,0,37,3.6375861597263857,1.369,37.0,3.6375861597263857,2,2,0,2.0,1.0,254.75,1.0,1,0,0,0,0,0,0,0,0,0,0,0,0,0,0,0,0,0,0,0,0,1,0,0,1,0,0,0.0,0.0,0.0,0.0,0.0,0.0,0.0,0.0,0.0,0.0,0.0,0.0,6.926577033222725,6.926577033222725,3.6375861597263857,0.0
444477,530000.0,1327,7.190676034332207,1.760929,1327,7.190676034332207,0,0.0,0,0.0,0.0,1908,7.554334823725748,1.437829691032404,0,4,1.6094379124341003,0.016,4.0,1.6094379124341003,2,2,1,2.5,1.25,331.75,3.0,0,0,1,0,0,0,0,0,0,0,0,0,0,0,0,0,0,0,0,1,0,0,0,1,0,0,0,0.0,0.0,0.0,0.0,0.0,0.0,0.0,0.0,0.0,0.0,7.190676034332207,0.0,0.0,0.0,0.0,7.554334823725748
444907,620000.0,1545,7.3427791893318455,2.387025,3033,8.017307507688582,1488,7.305860032684009,1566,7.356918242356021,0.9501915708812261,4319,8.371010681238156,2.7954692556634306,0,6,1.9459101490553132,0.036,6.0,1.9459101490553132,2,3,0,3.0,1.5,309.0,1.0,0,0,1,1,1,0,0,0,0,0,1,0,0,0,0,0,0,0,0,0,0,0,0,0,0,0,0,0.0,7.3427791893318455,0.0,0.0,0.0,0.0,0.0,0.0,0.0,0.0,0.0,0.0,0.0,0.0,0.0,8.371010681238156
445255,295000.0,1428,7.2640301428995295,2.039184,1428,7.2640301428995295,0,0.0,0,0.0,0.0,0,0.0,0.0,0,49,3.912023005428146,2.401,4.0,1.6094379124341003,2,1,1,1.5,0.75,476.0,2.0,1,1,0,0,0,0,0,0,0,0,0,0,1,0,0,0,0,0,0,0,0,0,0,0,1,0,0,0.0,0.0,0.0,7.2640301428995295,0.0,0.0,0.0,0.0,0.0,0.0,0.0,0.0,0.0,7.2640301428995295,3.912023005428146,0.0
445439,705000.0,1836,7.515344571180436,3.370896,2708,7.903965634032166,872,6.771935555839602,918,6.823286122355687,0.9498910675381264,2819,7.944492163932159,1.5354030501089324,0,22,3.1354942159291497,0.484,22.0,3.1354942159291497,3,3,1,3.5,1.1666666666666667,306.0,2.0,0,0,1,1,1,0,0,0,0,0,0,0,0,0,0,0,0,0,0,1,0,0,1,0,0,0,0,0.0,0.0,0.0,0.0,0.0,0.0,0.0,0.0,0.0,0.0,7.515344571180436,0.0,0.0,0.0,0.0,7.944492163932159
445937,525762.0,1781,7.484930283289661,3.171961,2589,7.859026979751538,808,6.695798917058491,904,6.807934943699926,0.8938053097345132,2201,7.697121317282625,1.235822571588995,0,0,0.0,0.0,0.0,0.0,2,3,1,3.5,1.75,356.2,2.0,0,0,1,1,1,0,1,0,0,0,1,0,0,0,0,0,0,0,0,0,0,0,0,0,1,0,0,0.0,7.484930283289661,0.0,0.0,0.0,0.0,0.0,0.0,0.0,0.0,0.0,0.0,0.0,0.0,0.0,7.697121317282625
446588,368750.0,1947,7.5740450053721995,3.790809,1947,7.5740450053721995,0,0.0,0,0.0,0.0,2719,7.908387159290043,1.396507447354905,0,2,1.0986122886681098,0.004,2.0,1.0986122886681098,4,2,1,2.5,0.625,324.5,2.0,0,0,1,0,0,0,0,0,0,0,0,0,0,0,0,0,0,0,0,0,0,0,0,1,0,0,0,0.0,0.0,0.0,0.0,0.0,0.0,0.0,0.0,0.0,0.0,0.0,0.0,0.0,0.0,0.0,7.908387159290043
446608,318000.0,3398,8.130942302231878,11.546404,4970,8.511175119090675,1572,7.360739903058278,1840,7.518064181233078,0.8543478260869565,8318,9.026297334283887,2.4479105356091817,0,0,0.0,0.0,0.0,0.0,4,4,1,4.5,1.125,424.75,2.0,0,0,1,1,1,0,1,0,0,0,1,0,0,0,0,0,0,0,0,0,0,0,1,0,0,0,0,0.0,8.130942302231878,0.0,0.0,0.0,0.0,0.0,0.0,0.0,0.0,0.0,0.0,0.0,0.0,0.0,9.026297334283887
447095,340400.0,1682,7.427738840532894,2.829124,1682,7.427738840532894,0,0.0,665,6.501289670540389,0.0,3760,8.232440158470336,2.235434007134364,0,1,0.6931471805599453,0.001,1.0,0.6931471805599453,3,2,1,2.5,0.8333333333333334,336.4,2.0,0,0,1,1,0,0,1,0,0,0,0,0,0,0,0,0,0,0,0,0,0,0,1,0,0,0,0,0.0,0.0,0.0,0.0,0.0,0.0,0.0,0.0,0.0,0.0,0.0,0.0,0.0,0.0,0.0,8.232440158470336
447451,450000.0,2268,7.7266536648476425,5.143824,2268,7.7266536648476425,0,0.0,0,0.0,0.0,1528,7.332369205929062,0.673721340388007,0,13,2.6390573296152584,0.169,13.0,2.6390573296152584,3,3,1,3.5,1.1666666666666667,378.0,3.0,0,0,1,0,0,0,0,0,0,0,0,1,0,0,0,0,0,0,0,0,0,0,0,0,1,0,0,0.0,0.0,7.7266536648476425,0.0,0.0,0.0,0.0,0.0,0.0,0.0,0.0,0.0,0.0,0.0,0.0,7.332369205929062
449204,690000.0,889,6.790097235513905,0.790321,889,6.790097235513905,0,0.0,0,0.0,0.0,0,0.0,0.0,0,2,1.0986122886681098,0.004,2.0,1.0986122886681098,1,1,0,1.0,1.0,444.5,1.0,1,0,0,0,0,0,0,0,0,0,0,0,0,0,0,0,0,0,0,0,1,0,0,0,1,0,0,0.0,0.0,0.0,0.0,0.0,0.0,0.0,0.0,0.0,0.0,0.0,6.790097235513905,0.0,6.790097235513905,1.0986122886681098,0.0
450513,500950.0,2436,7.798112628829788,5.934096,2436,7.798112628829788,0,0.0,1068,6.974478911025045,0.0,4500,8.412054873292933,1.8472906403940887,0,0,0.0,0.0,0.0,0.0,4,2,1,2.5,0.625,406.0,2.0,0,0,1,1,0,0,1,0,0,0,0,0,0,0,0,0,0,0,0,0,0,0,1,0,0,0,0,0.0,0.0,0.0,0.0,0.0,0.0,0.0,0.0,0.0,0.0,0.0,0.0,0.0,0.0,0.0,8.412054873292933
450592,363000.0,809,6.695798917058491,0.654481,809,6.695798917058491,0,0.0,0,0.0,0.0,2332,7.75491027202143,2.8825710754017306,0,132,4.890349128221754,17.424,16.0,2.833213344056216,1,1,0,1.0,1.0,404.5,1.0,0,1,1,0,0,0,0,1,0,0,0,1,0,0,0,0,0,0,0,0,0,0,0,1,0,0,0,0.0,0.0,6.695798917058491,0.0,0.0,0.0,0.0,0.0,0.0,0.0,0.0,0.0,0.0,0.0,0.0,7.75491027202143
451023,485000.0,1497,7.311218384419629,2.241009,1497,7.311218384419629,0,0.0,0,0.0,0.0,0,0.0,0.0,0,67,4.219507705176107,4.489,3.0,1.3862943611198906,2,2,0,2.0,1.0,374.25,1.0,1,1,0,0,0,0,0,0,0,1,0,0,0,0,0,0,0,0,0,0,0,0,0,1,0,0,0,7.311218384419629,0.0,0.0,0.0,0.0,0.0,0.0,0.0,0.0,0.0,0.0,0.0,0.0,7.311218384419629,4.219507705176107,0.0
451103,440000.0,2938,7.9854843567338225,8.631844,2938,7.9854843567338225,0,0.0,1060,6.966967138613983,0.0,7886,8.97297111339799,2.684138869979578,0,20,3.044522437723423,0.4,0.0,0.0,4,2,1,2.5,0.625,489.6666666666667,2.0,0,1,1,1,0,0,0,0,0,0,0,0,0,0,0,0,0,0,0,0,0,0,1,0,0,0,0,0.0,0.0,0.0,0.0,0.0,0.0,0.0,0.0,0.0,0.0,0.0,0.0,0.0,0.0,0.0,8.97297111339799
451472,565000.0,1548,7.344719054149673,2.396304,1896,7.547501682814967,348,5.855071922202427,774,6.652863029353347,0.4496124031007752,1543,7.342131730584722,0.9967700258397932,0,108,4.6913478822291435,11.664,7.0,2.0794415416798357,3,1,1,1.5,0.5,387.0,2.0,0,1,1,1,1,0,0,1,0,1,0,0,0,0,0,0,0,0,0,0,0,0,0,1,0,0,0,7.344719054149673,0.0,0.0,0.0,0.0,0.0,0.0,0.0,0.0,0.0,0.0,0.0,0.0,0.0,0.0,7.342131730584722
451681,256000.0,590,6.380122536899765,0.3481,590,6.380122536899765,0,0.0,0,0.0,0.0,0,0.0,0.0,0,76,4.343805421853684,5.776,20.0,3.044522437723423,2,1,0,1.0,0.5,196.66666666666666,1.0,1,1,0,0,0,0,0,0,0,0,0,0,0,0,0,0,0,0,0,1,0,0,0,0,1,0,0,0.0,0.0,0.0,0.0,0.0,0.0,0.0,0.0,0.0,0.0,6.380122536899765,0.0,0.0,6.380122536899765,4.343805421853684,0.0
452139,1025000.0,1424,7.261225091971921,2.027776,1424,7.261225091971921,0,0.0,0,0.0,0.0,0,0.0,0.0,0,2,1.0986122886681098,0.004,2.0,1.0986122886681098,3,2,0,2.0,0.6666666666666666,284.8,1.0,1,0,0,0,0,0,0,0,0,0,0,0,0,0,0,0,0,0,0,0,1,0,0,1,0,0,0,0.0,0.0,0.0,0.0,0.0,0.0,0.0,0.0,0.0,0.0,0.0,7.261225091971921,0.0,7.261225091971921,1.0986122886681098,0.0
453294,780705.0,2986,8.001689978099135,8.916196,2986,8.001689978099135,0,0.0,1000,6.90875477931522,0.0,4050,8.30671904320269,1.3563295378432685,0,1,0.6931471805599453,0.001,1.0,0.6931471805599453,3,3,2,4.0,1.3333333333333333,497.6666666666667,2.5,0,0,1,1,0,0,1,0,0,0,1,0,0,0,0,0,0,0,0,0,0,0,0,0,0,0,1,0.0,8.001689978099135,0.0,0.0,0.0,0.0,0.0,0.0,0.0,0.0,0.0,0.0,0.0,0.0,0.0,8.30671904320269
453575,635000.0,2262,7.724004656676065,5.116644,3020,8.013012110368916,758,6.63200177739563,798,6.683360945766275,0.949874686716792,2298,7.740229524763182,1.0159151193633953,0,3,1.3862943611198906,0.009,3.0,1.3862943611198906,2,3,1,3.5,1.75,452.4,3.0,0,0,1,1,1,0,0,0,0,0,1,0,0,0,0,0,0,0,0,0,0,0,0,0,1,0,0,0.0,7.724004656676065,0.0,0.0,0.0,0.0,0.0,0.0,0.0,0.0,0.0,0.0,0.0,0.0,0.0,7.740229524763182
453906,750000.0,1567,7.356918242356021,2.455489,2649,7.88193748927207,1082,6.9874902470009905,1139,7.038783541388542,0.9499561018437226,7190,8.880585523102495,4.588385449904275,0,71,4.276666119016055,5.041,5.0,1.791759469228055,3,3,0,3.0,1.0,261.1666666666667,1.0,0,1,1,1,1,0,0,0,0,0,0,0,0,0,0,0,0,1,0,0,0,0,0,0,0,0,0,0.0,0.0,0.0,0.0,0.0,0.0,0.0,0.0,7.356918242356021,0.0,0.0,0.0,0.0,0.0,0.0,8.880585523102495
456059,400000.0,802,6.687108607866515,0.643204,1383,7.232010331664759,581,6.366470447731438,802,6.688354713946762,0.7244389027431422,6100,8.716207971151853,7.605985037406484,0,78,4.3694478524670215,6.084,78.0,4.3694478524670215,2,1,1,1.5,0.75,267.3333333333333,1.0,0,0,1,1,1,0,0,0,0,0,0,0,0,0,0,0,0,1,0,0,0,0,0,0,0,0,0,0.0,0.0,0.0,0.0,0.0,0.0,0.0,0.0,6.687108607866515,0.0,0.0,0.0,0.0,0.0,0.0,8.716207971151853
456151,172500.0,1200,7.090076835776092,1.44,1200,7.090076835776092,0,0.0,0,0.0,0.0,0,0.0,0.0,0,54,4.007333185232471,2.916,54.0,4.007333185232471,2,2,0,2.0,1.0,300.0,1.0,1,0,0,0,0,0,0,0,0,0,0,0,0,0,0,0,0,0,0,0,0,1,0,0,1,0,0,0.0,0.0,0.0,0.0,0.0,0.0,0.0,0.0,0.0,0.0,0.0,0.0,7.090076835776092,7.090076835776092,4.007333185232471,0.0
456278,510000.0,934,6.839476438228843,0.872356,1668,7.419380582918692,734,6.5998704992128365,734,6.5998704992128365,1.0,7440,8.914760527397261,7.965738758029978,0,73,4.30406509320417,5.329,11.0,2.4849066497880004,2,2,0,2.0,1.0,233.5,1.0,0,1,1,1,1,0,0,0,0,0,0,0,0,0,0,0,0,0,1,0,0,0,0,0,0,0,0,0.0,0.0,0.0,0.0,0.0,0.0,0.0,0.0,0.0,6.839476438228843,0.0,0.0,0.0,0.0,0.0,8.914760527397261
457017,338200.0,1751,7.467942332285852,3.066001,1751,7.467942332285852,0,0.0,0,0.0,0.0,4487,8.409162447202533,2.562535693889206,0,15,2.772588722239781,0.225,15.0,2.772588722239781,3,2,1,2.5,0.8333333333333334,350.2,2.0,0,0,1,0,0,0,0,0,0,0,0,0,0,0,0,0,0,0,0,0,0,0,1,0,0,0,0,0.0,0.0,0.0,0.0,0.0,0.0,0.0,0.0,0.0,0.0,0.0,0.0,0.0,0.0,0.0,8.409162447202533
457635,728000.0,1433,7.267525427828172,2.053489,2794,7.935229539816907,1361,7.216709486709457,1433,7.2682230211595655,0.9497557571528262,6124,8.720134035412928,4.273551988834613,0,87,4.477336814478207,7.569,0.0,0.0,3,2,0,2.0,0.6666666666666666,286.6,1.0,0,1,1,1,1,0,0,1,0,0,0,0,0,0,0,0,0,0,0,1,0,0,0,0,0,0,0,0.0,0.0,0.0,0.0,0.0,0.0,0.0,0.0,0.0,0.0,7.267525427828172,0.0,0.0,0.0,0.0,8.720134035412928
457684,425000.0,1112,7.013915474810528,1.236544,1112,7.013915474810528,0,0.0,0,0.0,0.0,7500,8.922791623969637,6.744604316546763,0,68,4.23410650459726,4.624,0.0,0.0,3,2,0,2.0,0.6666666666666666,222.4,1.0,0,1,1,0,0,0,0,0,0,0,0,0,0,0,0,0,0,0,1,0,0,0,0,0,0,0,0,0.0,0.0,0.0,0.0,0.0,0.0,0.0,0.0,0.0,7.013915474810528,0.0,0.0,0.0,0.0,0.0,8.922791623969637
457835,226000.0,863,6.760414691083428,0.744769,1726,7.453561871643373,863,6.761572768804055,863,6.761572768804055,1.0,6600,8.79497643168877,7.6477404403244496,0,49,3.912023005428146,2.401,0.0,0.0,2,2,0,2.0,1.0,215.75,1.0,0,1,1,1,1,0,0,0,0,0,0,0,0,0,0,0,1,0,0,0,0,0,0,0,0,0,0,0.0,0.0,0.0,0.0,0.0,0.0,0.0,6.760414691083428,0.0,0.0,0.0,0.0,0.0,0.0,0.0,8.79497643168877
458692,255000.0,618,6.42648845745769,0.381924,618,6.42648845745769,0,0.0,0,0.0,0.0,0,0.0,0.0,0,113,4.736198448394496,12.769,0.0,0.0,1,1,0,1.0,1.0,309.0,1.0,1,1,0,0,0,0,0,1,0,1,0,0,0,0,0,0,0,0,0,0,0,0,0,0,1,0,0,6.42648845745769,0.0,0.0,0.0,0.0,0.0,0.0,0.0,0.0,0.0,0.0,0.0,0.0,6.42648845745769,4.736198448394496,0.0
458810,398225.0,1921,7.560601162768557,3.690241,1921,7.560601162768557,0,0.0,597,6.393590753950631,0.0,4545,8.422003004412488,2.365955231650182,0,0,0.0,0.0,0.0,0.0,3,2,1,2.5,0.8333333333333334,384.2,2.0,0,0,1,1,0,0,1,0,0,0,0,0,0,0,0,0,0,0,0,0,0,0,1,0,0,0,0,0.0,0.0,0.0,0.0,0.0,0.0,0.0,0.0,0.0,0.0,0.0,0.0,0.0,0.0,0.0,8.422003004412488
458816,359025.0,1682,7.427738840532894,2.829124,1682,7.427738840532894,0,0.0,0,0.0,0.0,5547,8.621192781434722,3.2978596908442332,0,0,0.0,0.0,0.0,0.0,3,2,1,2.5,0.8333333333333334,336.4,2.0,0,0,1,0,0,0,1,0,0,0,0,0,0,0,0,0,0,0,0,0,0,0,1,0,0,0,0,0.0,0.0,0.0,0.0,0.0,0.0,0.0,0.0,0.0,0.0,0.0,0.0,0.0,0.0,0.0,8.621192781434722
459383,385000.0,2160,7.67786350067821,4.6656,2160,7.67786350067821,0,0.0,0,0.0,0.0,11574,9.356602878954435,5.358333333333333,0,19,2.995732273553991,0.361,0.0,0.0,3,2,1,2.5,0.8333333333333334,432.0,2.0,0,1,1,0,0,0,0,0,0,0,0,0,0,0,0,0,0,0,0,0,0,0,1,0,0,0,0,0.0,0.0,0.0,0.0,0.0,0.0,0.0,0.0,0.0,0.0,0.0,0.0,0.0,0.0,0.0,9.356602878954435
460352,640000.0,2390,7.779048644925556,5.7121,2390,7.779048644925556,0,0.0,0,0.0,0.0,2605,7.8655717576847906,1.0899581589958158,0,0,0.0,0.0,0.0,0.0,3,3,1,3.5,1.1666666666666667,398.3333333333333,3.0,0,0,1,0,0,0,1,0,0,0,1,0,0,0,0,0,0,0,0,0,0,0,0,1,0,0,0,0.0,7.779048644925556,0.0,0.0,0.0,0.0,0.0,0.0,0.0,0.0,0.0,0.0,0.0,0.0,0.0,7.8655717576847906
460717,717794.0,2628,7.873978379604501,6.906384,3590,8.185907481482324,962,6.870053411798126,1229,7.114769448366463,0.7827502034174125,4696,8.454679286026995,1.786910197869102,0,0,0.0,0.0,0.0,0.0,3,3,1,3.5,1.1666666666666667,438.0,2.0,0,0,1,1,1,0,1,0,0,0,1,0,0,0,0,0,0,0,0,0,0,0,1,0,0,0,0,0.0,7.873978379604501,0.0,0.0,0.0,0.0,0.0,0.0,0.0,0.0,0.0,0.0,0.0,0.0,0.0,8.454679286026995
460770,146000.0,763,6.637258031284457,0.582169,763,6.637258031284457,0,0.0,0,0.0,0.0,0,0.0,0.0,0,47,3.871201010907891,2.209,47.0,3.871201010907891,1,1,0,1.0,1.0,381.5,1.0,1,0,0,0,0,0,0,0,0,0,0,0,0,1,0,0,0,0,0,0,0,0,0,0,1,0,0,0.0,0.0,0.0,0.0,6.637258031284457,0.0,0.0,0.0,0.0,0.0,0.0,0.0,0.0,6.637258031284457,3.871201010907891,0.0
461293,344000.0,1433,7.267525427828172,2.053489,1433,7.267525427828172,0,0.0,0,0.0,0.0,3230,8.080546965824498,2.2540125610607116,0,3,1.3862943611198906,0.009,3.0,1.3862943611198906,2,2,0,2.0,1.0,358.25,2.0,0,0,1,0,0,0,0,0,0,0,0,0,0,0,0,0,0,0,0,0,0,0,1,0,0,0,0,0.0,0.0,0.0,0.0,0.0,0.0,0.0,0.0,0.0,0.0,0.0,0.0,0.0,0.0,0.0,8.080546965824498
461547,430000.0,1076,6.98100574072173,1.157776,1076,6.98100574072173,0,0.0,175,5.170483995038151,0.0,4700,8.45553053102413,4.368029739776952,0,129,4.867534450455582,16.641,129.0,4.867534450455582,2,1,0,1.0,0.5,358.6666666666667,1.0,0,0,1,1,0,0,0,1,0,0,0,0,0,0,0,0,0,0,0,1,0,0,0,0,0,0,0,0.0,0.0,0.0,0.0,0.0,0.0,0.0,0.0,0.0,0.0,6.98100574072173,0.0,0.0,0.0,0.0,8.45553053102413
462229,480000.0,1374,7.2254814727822945,1.887876,2268,7.7266536648476425,894,6.796823718274855,1362,7.217443431696533,0.6563876651982379,4850,8.486940148245216,3.529839883551674,0,32,3.4965075614664802,1.024,0.0,0.0,2,3,0,3.0,1.5,274.8,1.0,0,1,1,1,1,0,0,0,0,0,0,0,1,0,0,0,0,0,0,0,0,0,0,0,0,0,0,0.0,0.0,0.0,7.2254814727822945,0.0,0.0,0.0,0.0,0.0,0.0,0.0,0.0,0.0,0.0,0.0,8.486940148245216
462484,432147.0,2056,7.628517626575055,4.227136,2056,7.628517626575055,0,0.0,0,0.0,0.0,6586,8.792853288640693,3.203307392996109,0,1,0.6931471805599453,0.001,1.0,0.6931471805599453,3,3,0,3.0,1.0,342.6666666666667,1.5,0,0,1,0,0,0,1,0,0,0,0,0,0,0,0,0,0,0,0,0,0,0,0,0,0,0,1,0.0,0.0,0.0,0.0,0.0,0.0,0.0,0.0,0.0,0.0,0.0,0.0,0.0,0.0,0.0,8.792853288640693
462550,340000.0,1460,7.286191714702382,2.1316,1460,7.286191714702382,0,0.0,0,0.0,0.0,5111,8.53934599605737,3.500684931506849,0,3,1.3862943611198906,0.009,3.0,1.3862943611198906,2,2,1,2.5,1.25,365.0,2.0,0,0,1,0,0,0,0,0,0,0,0,0,0,0,0,0,0,0,0,0,0,0,1,0,0,0,0,0.0,0.0,0.0,0.0,0.0,0.0,0.0,0.0,0.0,0.0,0.0,0.0,0.0,0.0,0.0,8.53934599605737
462993,748440.0,1601,7.3783837129967145,2.563201,2234,7.711548979629146,633,6.452048954437226,993,6.901737206656574,0.6374622356495468,3690,8.213652703029998,2.3048094940662085,0,0,0.0,0.0,0.0,0.0,2,3,0,3.0,1.5,320.2,1.0,0,0,1,1,1,0,1,0,0,0,1,0,0,0,0,0,0,0,0,0,0,0,0,1,0,0,0,0.0,7.3783837129967145,0.0,0.0,0.0,0.0,0.0,0.0,0.0,0.0,0.0,0.0,0.0,0.0,0.0,8.213652703029998
463162,228000.0,924,6.828712071641684,0.853776,924,6.828712071641684,0,0.0,0,0.0,0.0,0,0.0,0.0,0,41,3.7376696182833684,1.681,1.0,0.6931471805599453,2,2,0,2.0,1.0,231.0,1.0,1,1,0,0,0,0,0,0,0,0,0,0,1,0,0,0,0,0,0,0,0,0,0,0,1,0,0,0.0,0.0,0.0,6.828712071641684,0.0,0.0,0.0,0.0,0.0,0.0,0.0,0.0,0.0,6.828712071641684,3.7376696182833684,0.0
463221,268500.0,747,6.616065185132817,0.558009,747,6.616065185132817,0,0.0,0,0.0,0.0,0,0.0,0.0,0,53,3.9889840465642745,2.809,33.0,3.5263605246161616,2,1,0,1.0,0.5,249.0,1.0,1,1,0,0,0,0,0,0,0,1,0,0,0,0,0,0,0,0,0,0,0,0,0,1,0,0,0,6.616065185132817,0.0,0.0,0.0,0.0,0.0,0.0,0.0,0.0,0.0,0.0,0.0,0.0,6.616065185132817,3.9889840465642745,0.0
463420,565000.0,2124,7.66105638236183,4.511376,2932,7.983440063006542,808,6.695798917058491,850,6.7464121285733745,0.9505882352941176,2330,7.754052639035757,1.0969868173258004,0,14,2.70805020110221,0.196,14.0,2.70805020110221,2,3,1,3.5,1.75,424.8,2.0,0,0,1,1,1,0,0,0,0,0,1,0,0,0,0,0,0,0,0,0,0,0,0,1,0,0,0,0.0,7.66105638236183,0.0,0.0,0.0,0.0,0.0,0.0,0.0,0.0,0.0,0.0,0.0,0.0,0.0,7.754052639035757
464138,566234.0,2152,7.674152921281675,4.631104,2871,7.962415680121064,719,6.579251212010101,987,6.895682697747868,0.7284701114488349,3161,8.058960017769417,1.4688661710037174,0,0,0.0,0.0,0.0,0.0,3,3,1,3.5,1.1666666666666667,358.6666666666667,2.0,0,0,1,1,1,0,1,0,0,0,1,0,0,0,0,0,0,0,0,0,0,0,1,0,0,0,0,0.0,7.674152921281675,0.0,0.0,0.0,0.0,0.0,0.0,0.0,0.0,0.0,0.0,0.0,0.0,0.0,8.058960017769417
464492,266000.0,988,6.895682697747868,0.976144,988,6.895682697747868,0,0.0,0,0.0,0.0,0,0.0,0.0,0,32,3.4965075614664802,1.024,32.0,3.4965075614664802,2,2,0,2.0,1.0,247.0,1.0,1,0,0,0,0,0,0,0,0,0,0,0,0,0,0,1,0,0,0,0,0,0,0,0,1,0,0,0.0,0.0,0.0,0.0,0.0,0.0,6.895682697747868,0.0,0.0,0.0,0.0,0.0,0.0,6.895682697747868,3.4965075614664802,0.0
464960,366000.0,1988,7.59488438721652,3.952144,1988,7.59488438721652,0,0.0,0,0.0,0.0,3324,8.109224953089955,1.6720321931589537,0,5,1.791759469228055,0.025,5.0,1.791759469228055,3,2,1,2.5,0.8333333333333334,397.6,2.5,0,0,1,0,0,0,0,0,0,0,0,0,0,0,0,0,0,0,0,0,0,0,0,0,0,0,1,0.0,0.0,0.0,0.0,0.0,0.0,0.0,0.0,0.0,0.0,0.0,0.0,0.0,0.0,0.0,8.109224953089955
465207,223250.0,1164,7.059617628291383,1.354896,1164,7.059617628291383,0,0.0,0,0.0,0.0,5259,8.567886305731756,4.518041237113402,0,19,2.995732273553991,0.361,19.0,2.995732273553991,3,2,0,2.0,0.6666666666666666,232.8,1.0,0,0,1,0,0,0,0,0,0,0,0,0,0,0,0,0,0,0,0,0,0,0,0,0,0,0,0,0.0,0.0,0.0,0.0,0.0,0.0,0.0,0.0,0.0,0.0,0.0,0.0,0.0,0.0,0.0,8.567886305731756
465590,320000.0,1300,7.170119543449628,1.69,1300,7.170119543449628,0,0.0,0,0.0,0.0,3740,8.227108234348146,2.876923076923077,0,18,2.9444389791664403,0.324,0.0,0.0,3,2,1,2.5,0.8333333333333334,260.0,2.0,0,1,1,0,0,0,0,0,0,0,0,0,0,0,0,0,0,0,0,0,0,0,1,0,0,0,0,0.0,0.0,0.0,0.0,0.0,0.0,0.0,0.0,0.0,0.0,0.0,0.0,0.0,0.0,0.0,8.227108234348146
465694,384000.0,1862,7.529406457837013,3.467044,2606,7.8655717576847906,744,6.61338421837956,744,6.61338421837956,1.0,5636,8.637107288081575,3.0268528464017184,0,0,0.0,0.0,0.0,0.0,4,3,1,3.5,0.875,266.0,2.0,0,0,1,1,1,0,1,0,0,0,0,0,0,0,0,0,0,0,0,0,0,0,1,0,0,0,0,0.0,0.0,0.0,0.0,0.0,0.0,0.0,0.0,0.0,0.0,0.0,0.0,0.0,0.0,0.0,8.637107288081575
466696,480000.0,1921,7.560601162768557,3.690241,2621,7.8713112033234065,700,6.55250788703459,875,6.775366090936392,0.8,18023,9.79945948211208,9.382092660072878,0,52,3.970291913552122,2.704,52.0,3.970291913552122,3,2,0,2.0,0.6666666666666666,384.2,1.0,0,0,1,1,1,0,0,0,0,0,0,0,0,1,0,0,0,0,0,0,0,0,0,0,0,0,0,0.0,0.0,0.0,0.0,7.560601162768557,0.0,0.0,0.0,0.0,0.0,0.0,0.0,0.0,0.0,0.0,9.79945948211208
467395,310000.0,1444,7.275172319452771,2.085136,1444,7.275172319452771,0,0.0,0,0.0,0.0,4401,8.389814262086407,3.0477839335180055,0,12,2.5649493574615367,0.144,12.0,2.5649493574615367,3,2,0,2.0,0.6666666666666666,288.8,2.0,0,0,1,0,0,0,0,0,0,0,0,0,0,0,0,0,0,0,0,0,0,0,1,0,0,0,0,0.0,0.0,0.0,0.0,0.0,0.0,0.0,0.0,0.0,0.0,0.0,0.0,0.0,0.0,0.0,8.389814262086407
467398,315000.0,978,6.885509670034818,0.956484,978,6.885509670034818,0,0.0,392,5.973809611869261,0.0,5520,8.616314282284044,5.644171779141105,160,34,3.5553480614894135,1.156,7.0,2.0794415416798357,3,1,0,1.0,0.3333333333333333,244.5,1.0,0,1,1,1,0,1,0,0,0,0,0,0,0,0,0,0,0,0,0,0,0,0,0,0,0,1,0,0.0,0.0,0.0,0.0,0.0,0.0,0.0,0.0,0.0,0.0,0.0,0.0,0.0,0.0,0.0,8.616314282284044
467746,359900.0,1935,7.5678626054638825,3.744225,1935,7.5678626054638825,0,0.0,0,0.0,0.0,4274,8.360539381370861,2.208785529715762,0,3,1.3862943611198906,0.009,3.0,1.3862943611198906,3,3,1,3.5,1.1666666666666667,322.5,2.5,0,0,1,0,0,0,0,0,0,0,0,0,0,0,0,0,0,0,0,0,0,0,0,0,0,0,1,0.0,0.0,0.0,0.0,0.0,0.0,0.0,0.0,0.0,0.0,0.0,0.0,0.0,0.0,0.0,8.360539381370861
468110,526280.0,1768,7.477604243197589,3.125824,2414,7.789040401657477,646,6.472346294500901,727,6.590301048196686,0.8885832187070152,3150,8.055475141757274,1.7816742081447965,0,0,0.0,0.0,0.0,0.0,3,3,1,3.5,1.1666666666666667,294.6666666666667,2.0,0,0,1,1,1,0,1,0,0,0,1,0,0,0,0,0,0,0,0,0,0,0,0,1,0,0,0,0.0,7.477604243197589,0.0,0.0,0.0,0.0,0.0,0.0,0.0,0.0,0.0,0.0,0.0,0.0,0.0,8.055475141757274
468555,665000.0,2192,7.692569648067906,4.804864,2192,7.692569648067906,0,0.0,1096,7.00033446027523,0.0,4834,8.483636407887394,2.2052919708029197,0,3,1.3862943611198906,0.009,3.0,1.3862943611198906,3,2,1,2.5,0.8333333333333334,438.4,2.0,0,0,1,1,0,0,0,0,0,0,1,0,0,0,0,0,0,0,0,0,0,0,1,0,0,0,0,0.0,7.692569648067906,0.0,0.0,0.0,0.0,0.0,0.0,0.0,0.0,0.0,0.0,0.0,0.0,0.0,8.483636407887394
468573,370640.0,2563,7.848933726364071,6.568969,2563,7.848933726364071,0,0.0,0,0.0,0.0,6783,8.822322177471738,2.6465079984393287,0,2,1.0986122886681098,0.004,2.0,1.0986122886681098,3,3,0,3.0,1.0,427.1666666666667,1.5,0,0,1,0,0,0,0,0,0,0,0,0,0,0,0,0,0,0,0,0,0,0,0,0,0,0,1,0.0,0.0,0.0,0.0,0.0,0.0,0.0,0.0,0.0,0.0,0.0,0.0,0.0,0.0,0.0,8.822322177471738
468680,420000.0,1514,7.322510433997394,2.292196,1514,7.322510433997394,0,0.0,0,0.0,0.0,2126,7.6624678152002375,1.404227212681638,0,8,2.1972245773362196,0.064,8.0,2.1972245773362196,3,2,1,2.5,0.8333333333333334,302.8,2.0,0,0,1,0,0,0,0,0,0,0,1,0,0,0,0,0,0,0,0,0,0,0,0,1,0,0,0,0.0,7.322510433997394,0.0,0.0,0.0,0.0,0.0,0.0,0.0,0.0,0.0,0.0,0.0,0.0,0.0,7.6624678152002375
469299,354325.0,1966,7.583756300707112,3.865156,1966,7.583756300707112,0,0.0,0,0.0,0.0,3286,8.097730573664219,1.6714140386571719,0,1,0.6931471805599453,0.001,1.0,0.6931471805599453,3,2,1,2.5,0.8333333333333334,393.2,2.0,0,0,1,0,0,0,1,0,0,0,0,0,0,0,0,0,0,0,0,0,0,0,0,1,0,0,0,0.0,0.0,0.0,0.0,0.0,0.0,0.0,0.0,0.0,0.0,0.0,0.0,0.0,0.0,0.0,8.097730573664219
470092,330000.0,920,6.824373670043086,0.8464,920,6.824373670043086,0,0.0,0,0.0,0.0,8810,9.08375621986673,9.576086956521738,920,48,3.8918202981106265,2.304,0.0,0.0,4,2,0,2.0,0.5,153.33333333333334,1.0,0,1,1,0,0,1,0,0,0,0,0,0,0,0,0,0,1,0,0,0,0,0,0,0,0,1,0,0.0,0.0,0.0,0.0,0.0,0.0,0.0,6.824373670043086,0.0,0.0,0.0,0.0,0.0,0.0,0.0,9.08375621986673
470656,600000.0,1533,7.334981878871814,2.350089,1533,7.334981878871814,0,0.0,0,0.0,0.0,0,0.0,0.0,0,89,4.499809670330265,7.921,6.0,1.9459101490553132,2,1,1,1.5,0.75,511.0,1.0,1,1,0,0,0,0,0,1,0,0,0,0,0,0,0,0,0,0,0,0,1,0,0,0,1,0,0,0.0,0.0,0.0,0.0,0.0,0.0,0.0,0.0,0.0,0.0,0.0,7.334981878871814,0.0,7.334981878871814,4.499809670330265,0.0
470687,505000.0,956,6.862757913051401,0.913936,1364,7.218176838403408,408,6.013715156042802,508,6.2324480165505225,0.8031496062992126,2366,7.769378609513984,2.4748953974895396,0,87,4.477336814478207,7.569,0.0,0.0,2,2,0,2.0,1.0,239.0,1.0,0,1,1,1,1,0,0,1,0,1,0,0,0,0,0,0,0,0,0,0,0,0,0,0,0,0,0,6.862757913051401,0.0,0.0,0.0,0.0,0.0,0.0,0.0,0.0,0.0,0.0,0.0,0.0,0.0,0.0,7.769378609513984
470768,265000.0,433,6.07073772800249,0.187489,433,6.07073772800249,0,0.0,0,0.0,0.0,0,0.0,0.0,0,2,1.0986122886681098,0.004,2.0,1.0986122886681098,0,1,0,1.0,1.0,433.0,1.0,1,0,0,0,0,0,0,0,1,0,0,0,0,0,0,0,0,0,0,0,1,0,0,0,1,0,0,0.0,0.0,0.0,0.0,0.0,0.0,0.0,0.0,0.0,0.0,0.0,6.07073772800249,0.0,6.07073772800249,1.0986122886681098,0.0
471115,294900.0,1012,6.919683849847411,1.024144,1012,6.919683849847411,0,0.0,0,0.0,0.0,3991,8.292047637431354,3.9436758893280635,0,17,2.8903717578961645,0.289,17.0,2.8903717578961645,2,1,1,1.5,0.75,337.3333333333333,1.0,0,0,1,0,0,0,0,0,0,0,0,0,0,0,0,0,0,0,0,0,0,0,0,0,0,0,0,0.0,0.0,0.0,0.0,0.0,0.0,0.0,0.0,0.0,0.0,0.0,0.0,0.0,0.0,0.0,8.292047637431354
471486,990000.0,2951,7.989899374942939,8.708401,4301,8.366602832783736,1350,7.208600337960199,1421,7.259819610363186,0.9500351864883885,5249,8.565983355585669,1.7787190782785496,0,4,1.6094379124341003,0.016,4.0,1.6094379124341003,4,4,1,4.5,1.125,368.875,2.0,0,0,1,1,1,0,0,0,0,0,1,0,0,0,0,0,0,0,0,0,0,0,1,0,0,0,0,0.0,7.989899374942939,0.0,0.0,0.0,0.0,0.0,0.0,0.0,0.0,0.0,0.0,0.0,0.0,0.0,8.565983355585669
471494,237000.0,1039,6.946013991099227,1.079521,1870,7.533693709848633,831,6.723832440821209,1039,6.946975992135418,0.7998075072184793,6300,8.748463629942055,6.063522617901829,0,49,3.912023005428146,2.401,0.0,0.0,3,3,0,3.0,1.0,173.16666666666666,1.0,0,1,1,1,1,0,0,0,0,0,0,0,0,0,0,0,1,0,0,0,0,0,0,0,0,0,0,0.0,0.0,0.0,0.0,0.0,0.0,0.0,6.946013991099227,0.0,0.0,0.0,0.0,0.0,0.0,0.0,8.748463629942055
473378,605000.0,4179,8.337827262447915,17.464041,5808,8.666991556504632,1629,7.396335293800808,1715,7.447751280047908,0.9498542274052478,6600,8.79497643168877,1.5793251974156497,0,1,0.6931471805599453,0.001,1.0,0.6931471805599453,5,3,0,3.0,0.6,522.375,2.0,0,0,1,1,1,0,1,0,0,0,0,0,0,0,0,0,0,0,0,0,0,0,1,0,0,0,0,0.0,0.0,0.0,0.0,0.0,0.0,0.0,0.0,0.0,0.0,0.0,0.0,0.0,0.0,0.0,8.79497643168877
474466,220000.0,706,6.559615237493242,0.498436,706,6.559615237493242,0,0.0,0,0.0,0.0,0,0.0,0.0,0,37,3.6375861597263857,1.369,2.0,1.0986122886681098,2,1,0,1.0,0.5,235.33333333333334,1.0,1,1,0,0,0,0,0,0,0,0,0,0,0,0,0,1,0,0,0,0,0,0,0,1,0,0,0,0.0,0.0,0.0,0.0,0.0,0.0,6.559615237493242,0.0,0.0,0.0,0.0,0.0,0.0,6.559615237493242,3.6375861597263857,0.0
475789,614500.0,2259,7.7226775164680035,5.103081,2259,7.7226775164680035,0,0.0,998,6.906754778648554,0.0,18026,9.799625913002037,7.9796370075254535,0,18,2.9444389791664403,0.324,18.0,2.9444389791664403,3,2,0,2.0,0.6666666666666666,451.8,1.0,0,0,1,1,0,0,0,0,0,0,0,0,0,1,0,0,0,0,0,0,0,0,0,0,0,0,0,0.0,0.0,0.0,0.0,7.7226775164680035,0.0,0.0,0.0,0.0,0.0,0.0,0.0,0.0,0.0,0.0,9.799625913002037
475839,345000.0,1096,6.999422467507961,1.201216,1551,7.346655163176539,455,6.1224928095143865,506,6.2285110035911835,0.8992094861660079,7000,8.853808274977197,6.386861313868613,559,50,3.9318256327243257,2.5,0.0,0.0,3,2,1,2.5,0.8333333333333334,219.2,1.0,0,1,1,1,1,1,0,0,0,0,0,0,0,0,0,0,1,0,0,0,0,0,0,0,0,1,0,0.0,0.0,0.0,0.0,0.0,0.0,0.0,6.999422467507961,0.0,0.0,0.0,0.0,0.0,0.0,0.0,8.853808274977197
475996,673400.0,2546,7.842278779117352,6.482116,3476,8.153637486385282,930,6.836259277277067,1111,7.013915474810528,0.8370837083708371,11200,9.32375833901174,4.399057344854674,0,45,3.828641396489095,2.025,45.0,3.828641396489095,4,2,1,2.5,0.625,424.3333333333333,2.0,0,0,1,1,1,0,0,0,0,0,0,0,0,1,0,0,0,0,0,0,0,0,1,0,0,0,0,0.0,0.0,0.0,0.0,7.842278779117352,0.0,0.0,0.0,0.0,0.0,0.0,0.0,0.0,0.0,0.0,9.32375833901174
476112,185312.0,1182,7.074963197966044,1.397124,1182,7.074963197966044,0,0.0,0,0.0,0.0,1064,6.970730078143525,0.9001692047377327,0,2,1.0986122886681098,0.004,2.0,1.0986122886681098,2,2,1,2.5,1.25,295.5,2.0,0,0,1,0,0,0,0,0,0,0,1,0,0,0,0,0,0,0,0,0,0,0,0,0,1,0,0,0.0,7.074963197966044,0.0,0.0,0.0,0.0,0.0,0.0,0.0,0.0,0.0,0.0,0.0,0.0,0.0,6.970730078143525
476951,298500.0,1028,6.93537044601511,1.056784,1028,6.93537044601511,0,0.0,0,0.0,0.0,0,0.0,0.0,0,18,2.9444389791664403,0.324,0.0,0.0,2,2,0,2.0,1.0,257.0,1.0,1,1,0,0,0,0,0,0,0,0,0,0,0,0,0,1,0,0,0,0,0,0,0,1,0,0,0,0.0,0.0,0.0,0.0,0.0,0.0,6.93537044601511,0.0,0.0,0.0,0.0,0.0,0.0,6.93537044601511,2.9444389791664403,0.0
477077,543334.0,1639,7.40184157874383,2.686321,2299,7.740229524763182,660,6.493753839851686,759,6.633318433280377,0.8695652173913043,4064,8.310169021981912,2.479560707748627,0,0,0.0,0.0,0.0,0.0,2,3,1,3.5,1.75,327.8,2.0,0,0,1,1,1,0,1,0,0,0,1,0,0,0,0,0,0,0,0,0,0,0,0,1,0,0,0,0.0,7.40184157874383,0.0,0.0,0.0,0.0,0.0,0.0,0.0,0.0,0.0,0.0,0.0,0.0,0.0,8.310169021981912
477306,486673.0,1548,7.344719054149673,2.396304,2203,7.697575346802343,655,6.486160788944089,682,6.52649485957079,0.9604105571847508,3414,8.13593277200489,2.205426356589147,0,0,0.0,0.0,0.0,0.0,3,3,1,3.5,1.1666666666666667,258.0,2.0,0,0,1,1,1,0,1,0,0,0,1,0,0,0,0,0,0,0,0,0,0,0,1,0,0,0,0,0.0,7.344719054149673,0.0,0.0,0.0,0.0,0.0,0.0,0.0,0.0,0.0,0.0,0.0,0.0,0.0,8.13593277200489
477322,295000.0,830,6.721425700790643,0.6889,830,6.721425700790643,0,0.0,0,0.0,0.0,4833,8.483429561263428,5.82289156626506,483,22,3.1354942159291497,0.484,22.0,3.1354942159291497,2,2,0,2.0,1.0,207.5,1.0,0,0,1,0,0,1,0,0,0,0,0,0,0,0,0,0,0,0,0,0,0,0,0,0,0,1,0,0.0,0.0,0.0,0.0,0.0,0.0,0.0,0.0,0.0,0.0,0.0,0.0,0.0,0.0,0.0,8.483429561263428
478231,225000.0,1194,7.085064293952548,1.425636,1194,7.085064293952548,0,0.0,0,0.0,0.0,0,0.0,0.0,0,44,3.8066624897703196,1.936,0.0,0.0,2,2,0,2.0,1.0,298.5,1.0,1,1,0,0,0,0,0,0,0,0,0,0,0,0,0,0,0,0,0,0,0,1,0,0,1,0,0,0.0,0.0,0.0,0.0,0.0,0.0,0.0,0.0,0.0,0.0,0.0,0.0,7.085064293952548,7.085064293952548,3.8066624897703196,0.0
478394,357500.0,1460,7.286191714702382,2.1316,1460,7.286191714702382,0,0.0,0,0.0,0.0,4592,8.432288684325794,3.1452054794520548,0,3,1.3862943611198906,0.009,3.0,1.3862943611198906,2,2,1,2.5,1.25,365.0,2.0,0,0,1,0,0,0,0,0,0,0,0,0,0,0,0,0,0,0,0,0,0,0,1,0,0,0,0,0.0,0.0,0.0,0.0,0.0,0.0,0.0,0.0,0.0,0.0,0.0,0.0,0.0,0.0,0.0,8.432288684325794
478916,515000.0,1914,7.5569505720129,3.663396,1914,7.5569505720129,0,0.0,587,6.376726947898627,0.0,9587,9.168267595554275,5.008881922675026,0,21,3.091042453358316,0.441,21.0,3.091042453358316,3,2,1,2.5,0.8333333333333334,382.8,2.0,0,0,1,1,0,0,0,0,0,0,0,0,0,0,0,1,0,0,0,0,0,0,1,0,0,0,0,0.0,0.0,0.0,0.0,0.0,0.0,7.5569505720129,0.0,0.0,0.0,0.0,0.0,0.0,0.0,0.0,9.168267595554275
479088,411000.0,1409,7.25063551189868,1.985281,1409,7.25063551189868,0,0.0,0,0.0,0.0,9750,9.18512512283512,6.919801277501774,563,47,3.871201010907891,2.209,0.0,0.0,3,2,1,2.5,0.8333333333333334,281.8,1.0,0,1,1,0,0,1,0,0,0,0,0,0,1,0,0,0,0,0,0,0,0,0,0,0,0,1,0,0.0,0.0,0.0,7.25063551189868,0.0,0.0,0.0,0.0,0.0,0.0,0.0,0.0,0.0,0.0,0.0,9.18512512283512
479132,835000.0,2249,7.718240951959316,5.058001,3058,8.025516386489008,809,6.697034247666484,899,6.802394763324311,0.899888765294772,6120,8.71948076085107,2.7212094264117384,0,72,4.290459441148391,5.184,13.0,2.6390573296152584,3,3,1,3.5,1.1666666666666667,374.8333333333333,2.0,0,1,1,1,1,0,0,0,0,0,0,0,0,0,0,0,0,1,0,0,0,0,1,0,0,0,0,0.0,0.0,0.0,0.0,0.0,0.0,0.0,0.0,7.718240951959316,0.0,0.0,0.0,0.0,0.0,0.0,8.71948076085107
479495,428893.0,2262,7.724004656676065,5.116644,2262,7.724004656676065,0,0.0,1018,6.926577033222725,0.0,6050,8.707978826622321,2.674624226348364,0,1,0.6931471805599453,0.001,1.0,0.6931471805599453,3,2,1,2.5,0.8333333333333334,452.4,2.0,0,0,1,1,0,0,1,0,0,0,0,0,0,0,0,0,0,0,0,0,0,0,1,0,0,0,0,0.0,0.0,0.0,0.0,0.0,0.0,0.0,0.0,0.0,0.0,0.0,0.0,0.0,0.0,0.0,8.707978826622321
481576,185000.0,1200,7.090076835776092,1.44,1200,7.090076835776092,0,0.0,0,0.0,0.0,0,0.0,0.0,0,55,4.02535169073515,3.025,55.0,4.02535169073515,2,2,0,2.0,1.0,300.0,1.0,1,0,0,0,0,0,0,0,0,0,0,0,0,0,0,0,0,0,0,0,0,1,0,0,1,0,0,0.0,0.0,0.0,0.0,0.0,0.0,0.0,0.0,0.0,0.0,0.0,0.0,7.090076835776092,7.090076835776092,4.02535169073515,0.0
483571,337500.0,1391,7.237778191923443,1.934881,1772,7.4798641311650265,381,5.945420608606575,424,6.052089168924417,0.8985849056603774,4450,8.400884069015854,3.199137311286844,0,23,3.1780538303479458,0.529,23.0,3.1780538303479458,2,2,2,3.0,1.5,347.75,2.0,0,0,1,1,1,0,0,0,0,0,0,0,0,0,0,0,0,0,0,0,0,0,1,0,0,0,0,0.0,0.0,0.0,0.0,0.0,0.0,0.0,0.0,0.0,0.0,0.0,0.0,0.0,0.0,0.0,8.400884069015854
483793,364500.0,2548,7.843064016692054,6.492304,2548,7.843064016692054,0,0.0,0,0.0,0.0,5000,8.517393171418904,1.9623233908948194,0,16,2.833213344056216,0.256,16.0,2.833213344056216,4,2,1,2.5,0.625,424.6666666666667,2.0,0,1,1,0,0,0,0,0,0,0,0,0,0,0,0,0,0,0,0,0,0,0,1,0,0,0,0,0.0,0.0,0.0,0.0,0.0,0.0,0.0,0.0,0.0,0.0,0.0,0.0,0.0,0.0,0.0,8.517393171418904
484402,539200.0,1974,7.587817219993427,3.896676,2872,7.962763930168115,898,6.80128303447162,977,6.885509670034818,0.9191402251791198,2340,7.75833346749091,1.1854103343465046,0,0,0.0,0.0,0.0,0.0,2,3,1,3.5,1.75,394.8,2.0,0,0,1,1,1,0,1,0,0,0,1,0,0,0,0,0,0,0,0,0,0,0,0,0,1,0,0,0.0,7.587817219993427,0.0,0.0,0.0,0.0,0.0,0.0,0.0,0.0,0.0,0.0,0.0,0.0,0.0,7.75833346749091
484754,615000.0,2000,7.600902459542082,4.0,2000,7.600902459542082,0,0.0,974,6.882437470997847,0.0,3600,8.188966863648876,1.8,0,14,2.70805020110221,0.196,14.0,2.70805020110221,3,2,1,2.5,0.8333333333333334,400.0,2.0,0,1,1,1,0,0,0,0,0,0,1,0,0,0,0,0,0,0,0,0,0,0,1,0,0,0,0,0.0,7.600902459542082,0.0,0.0,0.0,0.0,0.0,0.0,0.0,0.0,0.0,0.0,0.0,0.0,0.0,8.188966863648876
484918,539000.0,712,6.568077911411976,0.506944,712,6.568077911411976,0,0.0,0,0.0,0.0,0,0.0,0.0,0,1,0.6931471805599453,0.001,1.0,0.6931471805599453,1,1,0,1.0,1.0,356.0,1.0,1,0,0,0,0,0,1,0,0,0,0,0,0,0,1,0,0,0,0,0,0,0,0,0,1,0,0,0.0,0.0,0.0,0.0,0.0,6.568077911411976,0.0,0.0,0.0,0.0,0.0,0.0,0.0,6.568077911411976,0.6931471805599453,0.0
485741,615000.0,2000,7.600902459542082,4.0,2000,7.600902459542082,0,0.0,974,6.882437470997847,0.0,3600,8.188966863648876,1.8,0,14,2.70805020110221,0.196,14.0,2.70805020110221,3,2,1,2.5,0.8333333333333334,400.0,2.0,0,1,1,1,0,0,0,0,0,0,1,0,0,0,0,0,0,0,0,0,0,0,1,0,0,0,0,0.0,7.600902459542082,0.0,0.0,0.0,0.0,0.0,0.0,0.0,0.0,0.0,0.0,0.0,0.0,0.0,8.188966863648876
486091,460000.0,1103,7.005789019253503,1.216609,1103,7.005789019253503,0,0.0,0,0.0,0.0,7500,8.922791623969637,6.799637352674524,0,67,4.219507705176107,4.489,1.0,0.6931471805599453,2,2,0,2.0,1.0,275.75,1.0,0,1,1,0,0,0,0,0,0,0,0,0,0,0,0,0,0,0,1,0,0,0,0,0,0,0,0,0.0,0.0,0.0,0.0,0.0,0.0,0.0,0.0,0.0,7.005789019253503,0.0,0.0,0.0,0.0,0.0,8.922791623969637
486395,619900.0,2091,7.645397699428633,4.372281,2832,7.94873845481361,741,6.60934924316738,780,6.660575149839686,0.95,2288,7.735870319952567,1.0942132950741272,0,5,1.791759469228055,0.025,5.0,1.791759469228055,2,3,1,3.5,1.75,418.2,3.0,0,0,1,1,1,0,0,0,0,0,1,0,0,0,0,0,0,0,0,0,0,0,0,0,1,0,0,0.0,7.645397699428633,0.0,0.0,0.0,0.0,0.0,0.0,0.0,0.0,0.0,0.0,0.0,0.0,0.0,7.735870319952567
486405,370000.0,1018,6.925595197110468,1.036324,1018,6.925595197110468,0,0.0,0,0.0,0.0,7100,8.867990898182093,6.974459724950884,874,40,3.713572066704308,1.6,40.0,3.713572066704308,4,2,0,2.0,0.5,169.66666666666666,1.0,0,0,1,0,0,1,0,0,0,0,0,0,0,0,0,1,0,0,0,0,0,0,0,0,0,1,0,0.0,0.0,0.0,0.0,0.0,0.0,6.925595197110468,0.0,0.0,0.0,0.0,0.0,0.0,0.0,0.0,8.867990898182093
486943,555129.0,1464,7.288927694521257,2.143296,2750,7.919356190660617,1286,7.160069207596127,1464,7.289610521451167,0.8784153005464481,4121,8.324093761450404,2.814890710382514,0,0,0.0,0.0,0.0,0.0,2,3,0,3.0,1.5,292.8,1.0,0,0,1,1,1,0,1,0,0,0,1,0,0,0,0,0,0,0,0,0,0,0,0,1,0,0,0,0.0,7.288927694521257,0.0,0.0,0.0,0.0,0.0,0.0,0.0,0.0,0.0,0.0,0.0,0.0,0.0,8.324093761450404
488147,340000.0,960,6.866933284461882,0.9216,1920,7.560080465021827,960,6.8679744089702925,960,6.8679744089702925,1.0,7740,8.954286157204713,8.0625,0,35,3.58351893845611,1.225,0.0,0.0,2,2,0,2.0,1.0,240.0,1.0,0,1,1,1,1,0,0,0,0,0,0,0,0,0,0,0,0,0,0,0,0,0,0,0,0,0,0,0.0,0.0,0.0,0.0,0.0,0.0,0.0,0.0,0.0,0.0,0.0,0.0,0.0,0.0,0.0,8.954286157204713
488824,571554.0,1898,7.5485559791698735,3.602404,2524,7.8336002236611035,626,6.440946540632921,871,6.77078942390898,0.7187141216991964,3233,8.081475040137052,1.7033719704952581,0,0,0.0,0.0,0.0,0.0,3,3,1,3.5,1.1666666666666667,316.3333333333333,2.0,0,0,1,1,1,0,1,0,0,0,1,0,0,0,0,0,0,0,0,0,0,0,1,0,0,0,0,0.0,7.5485559791698735,0.0,0.0,0.0,0.0,0.0,0.0,0.0,0.0,0.0,0.0,0.0,0.0,0.0,8.081475040137052
489313,551957.0,1601,7.3783837129967145,2.563201,2234,7.711548979629146,633,6.452048954437226,993,6.901737206656574,0.6374622356495468,3330,8.11102783819368,2.079950031230481,0,0,0.0,0.0,0.0,0.0,2,3,0,3.0,1.5,320.2,1.0,0,0,1,1,1,0,1,0,0,0,1,0,0,0,0,0,0,0,0,0,0,0,0,1,0,0,0,0.0,7.3783837129967145,0.0,0.0,0.0,0.0,0.0,0.0,0.0,0.0,0.0,0.0,0.0,0.0,0.0,8.11102783819368
489449,240000.0,921,6.825460036255307,0.848241,1842,7.518607216815252,921,6.826545223556594,921,6.826545223556594,1.0,6640,8.801017833540714,7.2095548317046685,0,37,3.6375861597263857,1.369,0.0,0.0,3,2,0,2.0,0.6666666666666666,184.2,1.0,0,1,1,1,1,0,0,0,0,0,0,0,0,0,0,0,1,0,0,0,0,0,0,0,0,0,0,0.0,0.0,0.0,0.0,0.0,0.0,0.0,6.825460036255307,0.0,0.0,0.0,0.0,0.0,0.0,0.0,8.801017833540714
489828,790000.0,2355,7.764296006450518,5.546025,3255,8.08794755464267,900,6.803505257608338,1213,7.101675971619444,0.7419620774938169,6500,8.77971129020447,2.760084925690021,0,5,1.791759469228055,0.025,5.0,1.791759469228055,3,3,1,3.5,1.1666666666666667,392.5,2.0,0,0,1,1,1,0,0,0,0,0,1,0,0,0,0,0,0,0,0,0,0,0,1,0,0,0,0,0.0,7.764296006450518,0.0,0.0,0.0,0.0,0.0,0.0,0.0,0.0,0.0,0.0,0.0,0.0,0.0,8.77971129020447
489963,455000.0,1540,7.3395376954076745,2.3716,1540,7.3395376954076745,0,0.0,0,0.0,0.0,1931,7.566311014772463,1.2538961038961038,0,6,1.9459101490553132,0.036,6.0,1.9459101490553132,2,2,1,2.5,1.25,385.0,2.0,0,0,1,0,0,0,0,0,0,0,1,0,0,0,0,0,0,0,0,0,0,0,0,1,0,0,0,0.0,7.3395376954076745,0.0,0.0,0.0,0.0,0.0,0.0,0.0,0.0,0.0,0.0,0.0,0.0,0.0,7.566311014772463
490347,326900.0,1524,7.329093736246592,2.322576,1524,7.329093736246592,0,0.0,0,0.0,0.0,4050,8.30671904320269,2.65748031496063,0,17,2.8903717578961645,0.289,17.0,2.8903717578961645,2,2,1,2.5,1.25,381.0,2.0,0,1,1,0,0,0,0,0,0,0,0,0,0,0,0,0,0,0,0,0,0,0,1,0,0,0,0,0.0,0.0,0.0,0.0,0.0,0.0,0.0,0.0,0.0,0.0,0.0,0.0,0.0,0.0,0.0,8.30671904320269
491176,532500.0,2163,7.679251425953058,4.678569,2879,7.965198290612176,716,6.57507584059962,754,6.626717749249025,0.9496021220159151,7486,8.920923462230686,3.4609338881183542,0,21,3.091042453358316,0.441,0.0,0.0,3,4,0,4.0,1.3333333333333333,309.0,2.0,0,1,1,1,1,0,0,0,0,0,0,0,0,0,0,1,0,0,0,0,0,0,1,0,0,0,0,0.0,0.0,0.0,0.0,0.0,0.0,7.679251425953058,0.0,0.0,0.0,0.0,0.0,0.0,0.0,0.0,8.920923462230686
491535,307000.0,880,6.779921907472252,0.7744,880,6.779921907472252,0,0.0,0,0.0,0.0,0,0.0,0.0,0,13,2.6390573296152584,0.169,13.0,2.6390573296152584,1,1,0,1.0,1.0,440.0,1.0,1,0,0,0,0,0,0,0,0,0,1,0,0,0,0,0,0,0,0,0,0,0,0,0,1,0,0,0.0,6.779921907472252,0.0,0.0,0.0,0.0,0.0,0.0,0.0,0.0,0.0,0.0,0.0,6.779921907472252,2.6390573296152584,0.0
491593,302145.0,1642,7.403670290012373,2.696164,1642,7.403670290012373,0,0.0,646,6.472346294500901,0.0,1299,7.170119543449628,0.7911084043848965,0,1,0.6931471805599453,0.001,1.0,0.6931471805599453,3,2,1,2.5,0.8333333333333334,328.4,2.0,0,0,1,1,0,0,1,0,0,0,0,0,0,0,0,0,0,0,0,0,0,0,0,0,1,0,0,0.0,0.0,0.0,0.0,0.0,0.0,0.0,0.0,0.0,0.0,0.0,0.0,0.0,0.0,0.0,7.170119543449628
491851,540000.0,2828,7.947325027016463,7.997584,3243,8.084254106307318,415,6.030685260261263,1001,6.90975328164481,0.4145854145854146,6250,8.740496729931813,2.21004243281471,0,87,4.477336814478207,7.569,87.0,4.477336814478207,4,3,1,3.5,0.875,404.0,2.0,0,0,1,1,1,0,0,1,0,0,0,0,0,0,0,0,0,1,0,0,0,0,0,0,0,0,0,0.0,0.0,0.0,0.0,0.0,0.0,0.0,0.0,7.947325027016463,0.0,0.0,0.0,0.0,0.0,0.0,8.740496729931813
492323,249000.0,958,6.86484777797086,0.917764,958,6.86484777797086,0,0.0,764,6.639875833826536,0.0,1020,6.928537818164665,1.0647181628392484,0,36,3.6109179126442243,1.296,36.0,3.6109179126442243,1,1,0,1.0,1.0,479.0,2.0,0,0,1,1,0,0,0,0,0,0,0,0,1,0,0,0,0,0,0,0,0,0,0,1,0,0,0,0.0,0.0,0.0,6.86484777797086,0.0,0.0,0.0,0.0,0.0,0.0,0.0,0.0,0.0,0.0,0.0,6.928537818164665
492556,442750.0,2056,7.628517626575055,4.227136,3450,8.146129510025405,1394,7.240649694255466,1394,7.240649694255466,1.0,6295,8.74766979009724,3.061770428015564,0,5,1.791759469228055,0.025,5.0,1.791759469228055,3,4,0,4.0,1.3333333333333333,293.7142857142857,1.5,0,0,1,1,1,0,0,0,0,0,0,0,0,0,0,0,0,0,0,0,0,0,0,0,0,0,1,0.0,0.0,0.0,0.0,0.0,0.0,0.0,0.0,0.0,0.0,0.0,0.0,0.0,0.0,0.0,8.74766979009724
492968,1230000.0,3034,8.017637159908478,9.205156,3034,8.017637159908478,0,0.0,0,0.0,0.0,6250,8.740496729931813,2.0599868160843773,0,68,4.23410650459726,4.624,4.0,1.6094379124341003,5,4,1,4.5,0.9,337.1111111111111,2.0,0,1,1,0,0,0,0,0,0,0,0,0,0,0,0,0,0,1,0,0,0,0,1,0,0,0,0,0.0,0.0,0.0,0.0,0.0,0.0,0.0,0.0,8.017637159908478,0.0,0.0,0.0,0.0,0.0,0.0,8.740496729931813
493223,170000.0,1200,7.090076835776092,1.44,1200,7.090076835776092,0,0.0,0,0.0,0.0,0,0.0,0.0,0,46,3.8501476017100584,2.116,0.0,0.0,2,2,0,2.0,1.0,300.0,1.0,1,1,0,0,0,0,0,0,0,0,0,0,0,0,0,0,0,0,0,0,0,1,0,1,0,0,0,0.0,0.0,0.0,0.0,0.0,0.0,0.0,0.0,0.0,0.0,0.0,0.0,7.090076835776092,7.090076835776092,3.8501476017100584,0.0
493830,1000000.0,2554,7.845416036592485,6.522916,2978,7.999007213243955,424,6.052089168924417,524,6.263398262591624,0.8091603053435115,3025,8.014996894348302,1.1844166014095536,0,0,0.0,0.0,0.0,0.0,5,3,1,3.5,0.7,319.25,2.5,0,0,1,1,1,0,1,0,0,0,1,0,0,0,0,0,0,0,0,0,0,0,0,0,0,0,1,0.0,7.845416036592485,0.0,0.0,0.0,0.0,0.0,0.0,0.0,0.0,0.0,0.0,0.0,0.0,0.0,8.014996894348302
494528,362000.0,2003,7.602401335665818,4.012009,2003,7.602401335665818,0,0.0,0,0.0,0.0,0,0.0,0.0,0,56,4.04305126783455,3.136,56.0,4.04305126783455,3,2,0,2.0,0.6666666666666666,400.6,2.0,1,0,0,0,0,0,0,0,0,0,0,0,0,0,0,0,0,1,0,0,0,0,0,1,0,0,0,0.0,0.0,0.0,0.0,0.0,0.0,0.0,0.0,7.602401335665818,0.0,0.0,0.0,0.0,7.602401335665818,4.04305126783455,0.0
494751,195000.0,1008,6.915723448631314,1.016064,1008,6.915723448631314,0,0.0,0,0.0,0.0,0,0.0,0.0,0,57,4.060443010546419,3.249,0.0,0.0,2,2,0,2.0,1.0,252.0,1.0,1,1,0,0,0,0,0,0,0,0,0,0,0,0,0,0,0,1,0,0,0,0,0,1,0,0,0,0.0,0.0,0.0,0.0,0.0,0.0,0.0,0.0,6.915723448631314,0.0,0.0,0.0,0.0,6.915723448631314,4.060443010546419,0.0
494827,560500.0,1860,7.528331766707247,3.4596,2704,7.902487437162855,844,6.739336627357174,919,6.824373670043086,0.9183895538628944,2550,7.844240718141811,1.3709677419354838,0,7,2.0794415416798357,0.049,7.0,2.0794415416798357,2,3,1,3.5,1.75,372.0,2.0,0,0,1,1,1,0,0,0,0,0,1,0,0,0,0,0,0,0,0,0,0,0,0,0,1,0,0,0.0,7.528331766707247,0.0,0.0,0.0,0.0,0.0,0.0,0.0,0.0,0.0,0.0,0.0,0.0,0.0,7.844240718141811
494897,615000.0,1755,7.470224135899966,3.080025,1755,7.470224135899966,0,0.0,0,0.0,0.0,936,6.842683282238422,0.5333333333333333,0,4,1.6094379124341003,0.016,4.0,1.6094379124341003,3,3,1,3.5,1.1666666666666667,292.5,3.0,0,0,1,0,0,0,0,0,0,0,0,0,0,0,0,0,0,0,0,1,0,0,0,0,1,0,0,0.0,0.0,0.0,0.0,0.0,0.0,0.0,0.0,0.0,0.0,7.470224135899966,0.0,0.0,0.0,0.0,6.842683282238422
495073,615000.0,772,6.648984550024776,0.595984,772,6.648984550024776,0,0.0,0,0.0,0.0,0,0.0,0.0,0,2,1.0986122886681098,0.004,2.0,1.0986122886681098,1,1,0,1.0,1.0,386.0,1.0,1,0,0,0,0,0,0,0,0,0,0,0,0,0,0,0,0,0,0,0,1,0,0,1,0,0,0,0.0,0.0,0.0,0.0,0.0,0.0,0.0,0.0,0.0,0.0,0.0,6.648984550024776,0.0,6.648984550024776,1.0986122886681098,0.0
495231,331500.0,1402,7.2456550675945355,1.965604,1402,7.2456550675945355,0,0.0,0,0.0,0.0,7990,8.986071187374463,5.699001426533523,831,48,3.8918202981106265,2.304,48.0,3.8918202981106265,3,2,0,2.0,0.6666666666666666,280.4,1.0,0,0,1,0,0,1,0,0,0,0,0,0,0,0,0,0,1,0,0,0,0,0,0,0,0,1,0,0.0,0.0,0.0,0.0,0.0,0.0,0.0,7.2456550675945355,0.0,0.0,0.0,0.0,0.0,0.0,0.0,8.986071187374463
495504,499000.0,900,6.802394763324311,0.81,900,6.802394763324311,0,0.0,0,0.0,0.0,5620,8.634264863002075,6.2444444444444445,0,78,4.3694478524670215,6.084,78.0,4.3694478524670215,2,1,0,1.0,0.5,300.0,1.0,0,0,1,0,0,0,0,0,0,0,0,0,0,0,0,0,0,0,0,1,0,0,0,0,0,0,0,0.0,0.0,0.0,0.0,0.0,0.0,0.0,0.0,0.0,0.0,6.802394763324311,0.0,0.0,0.0,0.0,8.634264863002075
495644,445000.0,928,6.833031732786201,0.861184,928,6.833031732786201,0,0.0,399,5.991464547107982,0.0,1917,7.559038255443384,2.0657327586206895,0,110,4.709530201312334,12.1,2.0,1.0986122886681098,2,1,0,1.0,0.5,309.3333333333333,1.0,0,1,1,1,0,0,0,1,0,0,0,0,0,0,1,0,0,0,0,0,0,0,0,1,0,0,0,0.0,0.0,0.0,0.0,0.0,6.833031732786201,0.0,0.0,0.0,0.0,0.0,0.0,0.0,0.0,0.0,7.559038255443384
495779,395000.0,1285,7.158513997329321,1.651225,1285,7.158513997329321,0,0.0,0,0.0,0.0,6730,8.814479000010714,5.237354085603113,425,40,3.713572066704308,1.6,11.0,2.4849066497880004,3,2,1,2.5,0.8333333333333334,257.0,1.0,0,1,1,0,0,1,0,0,0,0,0,0,0,0,0,1,0,0,0,0,0,0,0,0,0,1,0,0.0,0.0,0.0,0.0,0.0,0.0,7.158513997329321,0.0,0.0,0.0,0.0,0.0,0.0,0.0,0.0,8.814479000010714
496213,528000.0,1035,6.942156705699469,1.071225,2018,7.609862200913554,983,6.891625897052253,1035,6.943122422819428,0.9497584541062802,6250,8.740496729931813,6.038647342995169,0,80,4.394449154672439,6.4,11.0,2.4849066497880004,2,2,0,2.0,1.0,258.75,1.0,0,1,1,1,1,0,0,1,0,0,0,0,0,0,0,0,0,1,0,0,0,0,0,0,0,0,0,0.0,0.0,0.0,0.0,0.0,0.0,0.0,0.0,6.942156705699469,0.0,0.0,0.0,0.0,0.0,0.0,8.740496729931813
496782,342500.0,1674,7.422971251049421,2.802276,1674,7.422971251049421,0,0.0,1674,7.423568444259167,0.0,8800,9.082620630373812,5.256869772998805,0,47,3.871201010907891,2.209,47.0,3.871201010907891,3,2,0,2.0,0.6666666666666666,334.8,1.0,0,0,1,1,0,0,0,0,0,0,0,0,0,0,0,0,1,0,0,0,0,0,0,0,0,0,0,0.0,0.0,0.0,0.0,0.0,0.0,0.0,7.422971251049421,0.0,0.0,0.0,0.0,0.0,0.0,0.0,9.082620630373812
496784,365000.0,1590,7.371489295214277,2.5281,1590,7.371489295214277,0,0.0,799,6.684611727667927,0.0,4690,8.453401058328458,2.949685534591195,0,32,3.4965075614664802,1.024,32.0,3.4965075614664802,3,2,1,2.5,0.8333333333333334,318.0,2.0,0,0,1,1,0,0,0,0,0,0,0,0,0,0,0,0,0,0,0,0,0,0,1,0,0,0,0,0.0,0.0,0.0,0.0,0.0,0.0,0.0,0.0,0.0,0.0,0.0,0.0,0.0,0.0,0.0,8.453401058328458
496816,169000.0,952,6.858565034791365,0.906304,952,6.858565034791365,0,0.0,0,0.0,0.0,0,0.0,0.0,0,48,3.8918202981106265,2.304,2.0,1.0986122886681098,2,1,0,1.0,0.5,317.3333333333333,1.0,1,1,0,0,0,0,0,0,0,0,0,0,0,1,0,0,0,0,0,0,0,0,0,1,0,0,0,0.0,0.0,0.0,0.0,6.858565034791365,0.0,0.0,0.0,0.0,0.0,0.0,0.0,0.0,6.858565034791365,3.8918202981106265,0.0
496995,385000.0,1046,6.952728644624869,1.094116,1046,6.952728644624869,0,0.0,0,0.0,0.0,0,0.0,0.0,0,89,4.499809670330265,7.921,21.0,3.091042453358316,1,1,0,1.0,1.0,523.0,2.0,1,1,0,0,0,0,0,1,0,0,0,1,0,0,0,0,0,0,0,0,0,0,0,0,1,0,0,0.0,0.0,6.952728644624869,0.0,0.0,0.0,0.0,0.0,0.0,0.0,0.0,0.0,0.0,6.952728644624869,4.499809670330265,0.0
497105,965000.0,1942,7.571473648851271,3.771364,1942,7.571473648851271,0,0.0,971,6.879355804460439,0.0,2629,7.874739125171811,1.3537590113285274,0,1,0.6931471805599453,0.001,1.0,0.6931471805599453,3,3,1,3.5,1.1666666666666667,323.6666666666667,2.0,0,0,1,1,0,0,1,0,0,0,0,1,0,0,0,0,0,0,0,0,0,0,0,1,0,0,0,0.0,0.0,7.571473648851271,0.0,0.0,0.0,0.0,0.0,0.0,0.0,0.0,0.0,0.0,0.0,0.0,7.874739125171811
497270,390000.0,1058,6.964135612418245,1.119364,1498,7.311886164077165,440,6.089044875446846,470,6.154858094016418,0.9361702127659575,6500,8.77971129020447,6.143667296786389,82,38,3.6635616461296463,1.444,2.0,1.0986122886681098,3,2,0,2.0,0.6666666666666666,211.6,1.0,0,1,1,1,1,1,0,0,0,0,0,0,0,0,0,1,0,0,0,0,0,0,0,0,0,1,0,0.0,0.0,0.0,0.0,0.0,0.0,6.964135612418245,0.0,0.0,0.0,0.0,0.0,0.0,0.0,0.0,8.77971129020447
497532,955000.0,3287,8.097730573664219,10.804369,4087,8.315566483564277,800,6.68586094706836,1476,7.29776828253138,0.5420054200542005,5650,8.639587799629844,1.718892607240645,0,18,2.9444389791664403,0.324,18.0,2.9444389791664403,5,5,0,5.0,1.0,328.7,2.0,0,0,1,1,1,0,0,0,0,0,0,0,0,0,0,0,0,1,0,0,0,0,1,0,0,0,0,0.0,0.0,0.0,0.0,0.0,0.0,0.0,0.0,8.097730573664219,0.0,0.0,0.0,0.0,0.0,0.0,8.639587799629844
497896,416000.0,985,6.892641641172089,0.970225,985,6.892641641172089,0,0.0,0,0.0,0.0,0,0.0,0.0,0,14,2.70805020110221,0.196,14.0,2.70805020110221,1,1,0,1.0,1.0,492.5,1.0,1,1,0,0,0,0,0,0,0,0,0,1,0,0,0,0,0,0,0,0,0,0,0,0,1,0,0,0.0,0.0,6.892641641172089,0.0,0.0,0.0,0.0,0.0,0.0,0.0,0.0,0.0,0.0,6.892641641172089,2.70805020110221,0.0
498435,586986.0,1896,7.547501682814967,3.594816,2700,7.90100705199242,804,6.690842277418564,888,6.790097235513905,0.9054054054054054,3600,8.188966863648876,1.8987341772151898,0,1,0.6931471805599453,0.001,1.0,0.6931471805599453,3,3,1,3.5,1.1666666666666667,316.0,2.0,0,0,1,1,1,0,1,0,0,0,1,0,0,0,0,0,0,0,0,0,0,0,1,0,0,0,0,0.0,7.547501682814967,0.0,0.0,0.0,0.0,0.0,0.0,0.0,0.0,0.0,0.0,0.0,0.0,0.0,8.188966863648876
498871,497221.0,1242,7.124478262493424,1.542564,1242,7.124478262493424,0,0.0,0,0.0,0.0,780,6.660575149839686,0.6280193236714976,0,1,0.6931471805599453,0.001,1.0,0.6931471805599453,2,1,2,2.0,1.0,414.0,3.0,0,0,1,0,0,0,1,0,0,0,0,0,0,0,0,0,0,0,0,1,0,0,0,0,1,0,0,0.0,0.0,0.0,0.0,0.0,0.0,0.0,0.0,0.0,0.0,7.124478262493424,0.0,0.0,0.0,0.0,6.660575149839686
500112,800000.0,2536,7.8383433155571165,6.431296,3323,8.108623268354595,787,6.669498089857879,1071,6.977281341630747,0.734827264239029,6600,8.79497643168877,2.6025236593059935,0,8,2.1972245773362196,0.064,8.0,2.1972245773362196,3,3,1,3.5,1.1666666666666667,422.6666666666667,2.0,0,0,1,1,1,0,0,0,0,0,1,0,0,0,0,0,0,0,0,0,0,0,1,0,0,0,0,0.0,7.8383433155571165,0.0,0.0,0.0,0.0,0.0,0.0,0.0,0.0,0.0,0.0,0.0,0.0,0.0,8.79497643168877
500628,199000.0,689,6.535241271013659,0.474721,689,6.535241271013659,0,0.0,0,0.0,0.0,0,0.0,0.0,0,51,3.9512437185814275,2.601,51.0,3.9512437185814275,1,1,0,1.0,1.0,344.5,1.0,1,0,0,0,0,0,0,0,0,1,0,0,0,0,0,0,0,0,0,0,0,0,0,0,1,0,0,6.535241271013659,0.0,0.0,0.0,0.0,0.0,0.0,0.0,0.0,0.0,0.0,0.0,0.0,6.535241271013659,3.9512437185814275,0.0
500863,375389.0,2010,7.605890001053122,4.0401,2010,7.605890001053122,0,0.0,828,6.720220155135295,0.0,6067,8.710784340468424,3.018407960199005,0,1,0.6931471805599453,0.001,1.0,0.6931471805599453,4,2,1,2.5,0.625,335.0,2.0,0,0,1,1,0,0,1,0,0,0,0,0,0,0,0,0,0,0,0,0,0,0,1,0,0,0,0,0.0,0.0,0.0,0.0,0.0,0.0,0.0,0.0,0.0,0.0,0.0,0.0,0.0,0.0,0.0,8.710784340468424
501863,460000.0,2231,7.7102051944325325,4.977361,3111,8.042699496897637,880,6.78105762593618,978,6.88653164253051,0.8997955010224948,7000,8.853808274977197,3.137606454504706,0,50,3.9318256327243257,2.5,0.0,0.0,4,3,1,3.5,0.875,318.7142857142857,2.0,0,1,1,1,1,0,0,0,0,0,0,0,0,1,0,0,0,0,0,0,0,0,1,0,0,0,0,0.0,0.0,0.0,0.0,7.7102051944325325,0.0,0.0,0.0,0.0,0.0,0.0,0.0,0.0,0.0,0.0,8.853808274977197
502552,277000.0,1317,7.183111701743281,1.734489,1317,7.183111701743281,0,0.0,0,0.0,0.0,1500,7.313886831633462,1.1389521640091116,0,2,1.0986122886681098,0.004,2.0,1.0986122886681098,2,2,1,2.5,1.25,329.25,2.0,0,0,1,0,0,0,0,0,0,0,0,0,0,0,0,0,0,0,0,0,0,0,0,0,1,0,0,0.0,0.0,0.0,0.0,0.0,0.0,0.0,0.0,0.0,0.0,0.0,0.0,0.0,0.0,0.0,7.313886831633462
502633,365000.0,483,6.180016653652572,0.233289,483,6.180016653652572,0,0.0,0,0.0,0.0,0,0.0,0.0,0,2,1.0986122886681098,0.004,2.0,1.0986122886681098,0,1,0,1.0,1.0,483.0,1.0,1,0,0,0,0,0,0,0,1,0,0,0,0,0,0,0,0,0,0,0,1,0,0,0,1,0,0,0.0,0.0,0.0,0.0,0.0,0.0,0.0,0.0,0.0,0.0,0.0,6.180016653652572,0.0,6.180016653652572,1.0986122886681098,0.0
502792,110000.0,763,6.637258031284457,0.582169,763,6.637258031284457,0,0.0,0,0.0,0.0,0,0.0,0.0,0,47,3.871201010907891,2.209,0.0,0.0,1,1,0,1.0,1.0,381.5,1.0,1,1,0,0,0,0,0,0,0,0,0,0,0,1,0,0,0,0,0,0,0,0,0,0,1,0,0,0.0,0.0,0.0,0.0,6.637258031284457,0.0,0.0,0.0,0.0,0.0,0.0,0.0,0.0,6.637258031284457,3.871201010907891,0.0
503938,266000.0,1063,6.968850378341948,1.129969,1063,6.968850378341948,0,0.0,0,0.0,0.0,0,0.0,0.0,0,46,3.8501476017100584,2.116,2.0,1.0986122886681098,2,2,0,2.0,1.0,265.75,1.0,1,1,0,0,0,0,0,0,0,0,0,0,1,0,0,0,0,0,0,0,0,0,0,1,0,0,0,0.0,0.0,0.0,6.968850378341948,0.0,0.0,0.0,0.0,0.0,0.0,0.0,0.0,0.0,6.968850378341948,3.8501476017100584,0.0
504812,430000.0,1172,7.066466970136958,1.373584,1722,7.451241684987676,550,6.311734809152915,550,6.311734809152915,1.0,10200,9.23024103368252,8.703071672354948,550,48,3.8918202981106265,2.304,0.0,0.0,3,3,0,3.0,1.0,195.33333333333334,1.0,0,1,1,1,1,1,0,0,0,0,0,0,1,0,0,0,0,0,0,0,0,0,0,0,0,1,0,0.0,0.0,0.0,7.066466970136958,0.0,0.0,0.0,0.0,0.0,0.0,0.0,0.0,0.0,0.0,0.0,9.23024103368252
504987,215000.0,1100,7.003065458786462,1.21,1100,7.003065458786462,0,0.0,0,0.0,0.0,0,0.0,0.0,0,54,4.007333185232471,2.916,54.0,4.007333185232471,2,1,1,1.5,0.75,366.6666666666667,2.0,1,0,0,0,0,0,0,0,0,0,0,0,0,1,0,0,0,0,0,0,0,0,0,0,1,0,0,0.0,0.0,0.0,0.0,7.003065458786462,0.0,0.0,0.0,0.0,0.0,0.0,0.0,0.0,7.003065458786462,4.007333185232471,0.0
505762,243000.0,559,6.326149473155099,0.312481,975,6.882437470997847,416,6.0330862217988015,559,6.327936783729195,0.7441860465116279,1186,7.079184394609668,2.1216457960644006,0,68,4.23410650459726,4.624,0.0,0.0,1,1,0,1.0,1.0,279.5,1.0,0,1,1,1,1,0,0,0,0,0,0,0,0,0,0,0,0,1,0,0,0,0,0,1,0,0,0,0.0,0.0,0.0,0.0,0.0,0.0,0.0,0.0,6.326149473155099,0.0,0.0,0.0,0.0,0.0,0.0,7.079184394609668
506442,580500.0,1479,7.2991214627108,2.187441,1479,7.2991214627108,0,0.0,0,0.0,0.0,916,6.821107472256465,0.6193373901284652,0,2,1.0986122886681098,0.004,2.0,1.0986122886681098,2,2,1,2.5,1.25,369.75,3.0,0,0,1,0,0,0,0,0,0,0,0,0,0,0,0,0,0,0,0,1,0,0,0,0,1,0,0,0.0,0.0,0.0,0.0,0.0,0.0,0.0,0.0,0.0,0.0,7.2991214627108,0.0,0.0,0.0,0.0,6.821107472256465
506542,750000.0,2301,7.741099090035366,5.294601,3261,8.089789175789319,960,6.8679744089702925,1228,7.113956109566034,0.7817589576547231,5610,8.632484235750972,2.438070404172099,0,6,1.9459101490553132,0.036,6.0,1.9459101490553132,3,3,1,3.5,1.1666666666666667,383.5,2.0,0,0,1,1,1,0,0,0,0,0,1,0,0,0,0,0,0,0,0,0,0,0,1,0,0,0,0,0.0,7.741099090035366,0.0,0.0,0.0,0.0,0.0,0.0,0.0,0.0,0.0,0.0,0.0,0.0,0.0,8.632484235750972
507062,274000.0,1345,7.20414929203594,1.809025,1345,7.20414929203594,0,0.0,0,0.0,0.0,2031,7.616775808698373,1.5100371747211896,0,16,2.833213344056216,0.256,0.0,0.0,2,2,1,2.5,1.25,336.25,2.0,0,1,1,0,0,0,0,0,0,0,0,0,0,0,0,0,1,0,0,0,0,0,0,0,1,0,0,0.0,0.0,0.0,0.0,0.0,0.0,0.0,7.20414929203594,0.0,0.0,0.0,0.0,0.0,0.0,0.0,7.616775808698373
507204,285000.0,488,6.1903154058531475,0.238144,488,6.1903154058531475,0,0.0,0,0.0,0.0,0,0.0,0.0,0,2,1.0986122886681098,0.004,2.0,1.0986122886681098,0,1,0,1.0,1.0,488.0,1.0,1,0,0,0,0,0,0,0,1,0,0,0,0,0,0,0,0,0,0,0,1,0,0,0,1,0,0,0.0,0.0,0.0,0.0,0.0,0.0,0.0,0.0,0.0,0.0,0.0,6.1903154058531475,0.0,6.1903154058531475,1.0986122886681098,0.0
507506,669000.0,2064,7.6324011266014535,4.260096,2635,7.876638460975463,571,6.349138991379798,714,6.5722825426940075,0.7997198879551821,9700,9.179984251961283,4.699612403100775,830,46,3.8501476017100584,2.116,8.0,2.1972245773362196,5,4,0,4.0,0.8,229.33333333333334,1.0,0,1,1,1,1,1,0,0,0,0,0,0,0,1,0,0,0,0,0,0,0,0,0,0,0,1,0,0.0,0.0,0.0,0.0,7.6324011266014535,0.0,0.0,0.0,0.0,0.0,0.0,0.0,0.0,0.0,0.0,9.179984251961283
507626,238000.0,1200,7.090076835776092,1.44,1200,7.090076835776092,0,0.0,0,0.0,0.0,0,0.0,0.0,0,57,4.060443010546419,3.249,1.0,0.6931471805599453,2,2,0,2.0,1.0,300.0,1.0,1,1,0,0,0,0,0,0,0,0,0,0,0,0,0,0,0,0,0,0,0,1,0,1,0,0,0,0.0,0.0,0.0,0.0,0.0,0.0,0.0,0.0,0.0,0.0,0.0,0.0,7.090076835776092,7.090076835776092,4.060443010546419,0.0
509024,725000.0,1179,7.072421900537371,1.390041,1179,7.072421900537371,0,0.0,0,0.0,0.0,0,0.0,0.0,0,2,1.0986122886681098,0.004,2.0,1.0986122886681098,1,1,1,1.5,1.5,589.5,1.0,1,0,0,0,0,0,0,0,0,0,0,0,0,0,0,0,0,0,0,0,1,0,0,1,0,0,0,0.0,0.0,0.0,0.0,0.0,0.0,0.0,0.0,0.0,0.0,0.0,7.072421900537371,0.0,7.072421900537371,1.0986122886681098,0.0
509296,496545.0,1708,7.443078374348516,2.917264,2532,7.836764783264067,824,6.715383386334681,867,6.7661917146603505,0.9504036908881199,2201,7.697121317282625,1.2886416861826697,0,1,0.6931471805599453,0.001,1.0,0.6931471805599453,2,3,1,3.5,1.75,341.6,2.0,0,0,1,1,1,0,1,0,0,0,1,0,0,0,0,0,0,0,0,0,0,0,0,0,1,0,0,0.0,7.443078374348516,0.0,0.0,0.0,0.0,0.0,0.0,0.0,0.0,0.0,0.0,0.0,0.0,0.0,7.697121317282625
509526,251500.0,699,6.54965074223381,0.488601,699,6.54965074223381,0,0.0,0,0.0,0.0,0,0.0,0.0,0,51,3.9512437185814275,2.601,5.0,1.791759469228055,2,1,0,1.0,0.5,233.0,1.0,1,1,0,0,0,0,0,0,0,1,0,0,0,0,0,0,0,0,0,0,0,0,0,1,0,0,0,6.54965074223381,0.0,0.0,0.0,0.0,0.0,0.0,0.0,0.0,0.0,0.0,0.0,0.0,6.54965074223381,3.9512437185814275,0.0
510139,728439.0,2310,7.745002803515839,5.3361,3120,8.045588280803528,810,6.698268054115413,1215,7.103322062526113,0.6666666666666666,4396,8.388677769180811,1.903030303030303,0,0,0.0,0.0,0.0,0.0,4,4,0,4.0,1.0,288.75,2.0,0,0,1,1,1,0,1,0,0,0,1,0,0,0,0,0,0,0,0,0,0,0,1,0,0,0,0,0.0,7.745002803515839,0.0,0.0,0.0,0.0,0.0,0.0,0.0,0.0,0.0,0.0,0.0,0.0,0.0,8.388677769180811
510268,699000.0,2607,7.865955413933502,6.796449,2607,7.865955413933502,0,0.0,0,0.0,0.0,1275,7.151485463904735,0.4890678941311853,0,4,1.6094379124341003,0.016,4.0,1.6094379124341003,3,3,1,3.5,1.1666666666666667,434.5,3.0,0,0,1,0,0,0,0,0,0,0,0,0,0,0,0,0,0,0,0,1,0,0,0,0,1,0,0,0.0,0.0,0.0,0.0,0.0,0.0,0.0,0.0,0.0,0.0,7.865955413933502,0.0,0.0,0.0,0.0,7.151485463904735
510335,350000.0,1157,7.053585727193677,1.338649,1157,7.053585727193677,0,0.0,0,0.0,0.0,7000,8.853808274977197,6.050129645635264,1136,35,3.58351893845611,1.225,0.0,0.0,3,3,0,3.0,1.0,192.83333333333334,1.0,0,1,1,0,0,1,0,0,0,0,0,0,0,0,0,0,1,0,0,0,0,0,0,0,0,1,0,0.0,0.0,0.0,0.0,0.0,0.0,0.0,7.053585727193677,0.0,0.0,0.0,0.0,0.0,0.0,0.0,8.853808274977197
510389,527254.0,2171,7.682943169878292,4.713241,2171,7.682943169878292,0,0.0,0,0.0,0.0,2420,7.791935956938058,1.114693689543989,0,1,0.6931471805599453,0.001,1.0,0.6931471805599453,3,2,1,2.5,0.8333333333333334,434.2,3.0,0,0,1,0,0,0,1,0,0,0,1,0,0,0,0,0,0,0,0,0,0,0,0,0,1,0,0,0.0,7.682943169878292,0.0,0.0,0.0,0.0,0.0,0.0,0.0,0.0,0.0,0.0,0.0,0.0,0.0,7.791935956938058
510793,354000.0,1988,7.59488438721652,3.952144,1988,7.59488438721652,0,0.0,0,0.0,0.0,4693,8.454040376410969,2.3606639839034207,0,3,1.3862943611198906,0.009,3.0,1.3862943611198906,3,2,1,2.5,0.8333333333333334,397.6,2.5,0,0,1,0,0,0,0,0,0,0,0,0,0,0,0,0,0,0,0,0,0,0,0,0,0,0,1,0.0,0.0,0.0,0.0,0.0,0.0,0.0,0.0,0.0,0.0,0.0,0.0,0.0,0.0,0.0,8.454040376410969
510970,490000.0,1884,7.5411524551363085,3.549456,1884,7.5411524551363085,0,0.0,578,6.361302477572996,0.0,5860,8.676075516476429,3.110403397027601,0,21,3.091042453358316,0.441,21.0,3.091042453358316,3,2,1,2.5,0.8333333333333334,376.8,2.0,0,0,1,1,0,0,0,0,0,0,0,0,0,0,0,1,0,0,0,0,0,0,1,0,0,0,0,0.0,0.0,0.0,0.0,0.0,0.0,7.5411524551363085,0.0,0.0,0.0,0.0,0.0,0.0,0.0,0.0,8.676075516476429
511325,227000.0,904,6.806829360392176,0.817216,904,6.806829360392176,0,0.0,0,0.0,0.0,0,0.0,0.0,0,41,3.7376696182833684,1.681,2.0,1.0986122886681098,2,2,0,2.0,1.0,226.0,1.0,1,1,0,0,0,0,0,0,0,0,0,0,0,1,0,0,0,0,0,0,0,0,0,0,1,0,0,0.0,0.0,0.0,0.0,6.806829360392176,0.0,0.0,0.0,0.0,0.0,0.0,0.0,0.0,6.806829360392176,3.7376696182833684,0.0
512909,280000.0,426,6.054439346269371,0.181476,426,6.054439346269371,0,0.0,0,0.0,0.0,0,0.0,0.0,0,2,1.0986122886681098,0.004,2.0,1.0986122886681098,0,1,0,1.0,1.0,426.0,1.0,1,0,0,0,0,0,0,0,1,0,0,0,0,0,0,0,0,0,0,0,1,0,0,0,1,0,0,0.0,0.0,0.0,0.0,0.0,0.0,0.0,0.0,0.0,0.0,0.0,6.054439346269371,0.0,6.054439346269371,1.0986122886681098,0.0
512929,355000.0,1646,7.406103381237015,2.709316,1646,7.406103381237015,0,0.0,0,0.0,0.0,4902,8.497602541651233,2.9781287970838397,0,20,3.044522437723423,0.4,0.0,0.0,3,2,1,2.5,0.8333333333333334,329.2,2.0,0,1,1,0,0,0,0,0,0,0,0,0,0,0,0,0,0,0,0,0,0,0,1,0,0,0,0,0.0,0.0,0.0,0.0,0.0,0.0,0.0,0.0,0.0,0.0,0.0,0.0,0.0,0.0,0.0,8.497602541651233
513320,150000.0,1138,7.037027614686276,1.295044,1138,7.037027614686276,0,0.0,0,0.0,0.0,0,0.0,0.0,0,47,3.871201010907891,2.209,47.0,3.871201010907891,2,2,0,2.0,1.0,284.5,3.0,1,0,0,0,0,0,0,0,0,0,0,0,1,0,0,0,0,0,0,0,0,0,0,1,0,0,0,0.0,0.0,0.0,7.037027614686276,0.0,0.0,0.0,0.0,0.0,0.0,0.0,0.0,0.0,7.037027614686276,3.871201010907891,0.0
514183,623090.0,1983,7.592366128519796,3.932289,2852,7.955775781534187,869,6.76849321164863,934,6.840546529288687,0.930406852248394,3600,8.188966863648876,1.8154311649016641,0,0,0.0,0.0,0.0,0.0,3,3,1,3.5,1.1666666666666667,330.5,2.0,0,0,1,1,1,0,1,0,0,0,1,0,0,0,0,0,0,0,0,0,0,0,1,0,0,0,0,0.0,7.592366128519796,0.0,0.0,0.0,0.0,0.0,0.0,0.0,0.0,0.0,0.0,0.0,0.0,0.0,8.188966863648876
514681,380085.0,1599,7.377133712833954,2.556801,1599,7.377133712833954,0,0.0,1599,7.3777589082278725,0.0,5969,8.694502206386648,3.7329580988117574,0,0,0.0,0.0,0.0,0.0,2,2,0,2.0,1.0,399.75,1.0,0,0,1,1,0,0,1,0,0,0,0,0,0,0,0,0,0,0,0,0,0,0,0,0,0,0,0,0.0,0.0,0.0,0.0,0.0,0.0,0.0,0.0,0.0,0.0,0.0,0.0,0.0,0.0,0.0,8.694502206386648
514808,406375.0,1471,7.293697720601438,2.163841,2208,7.699842407396986,737,6.6039438246004725,776,6.655440350367647,0.9497422680412371,2684,7.895436006942965,1.8246091094493542,0,35,3.58351893845611,1.225,35.0,3.58351893845611,2,2,1,2.5,1.25,367.75,2.0,0,0,1,1,1,0,0,0,0,0,0,0,1,0,0,0,0,0,0,0,0,0,0,1,0,0,0,0.0,0.0,0.0,7.293697720601438,0.0,0.0,0.0,0.0,0.0,0.0,0.0,0.0,0.0,0.0,0.0,7.895436006942965
515086,536800.0,1148,7.045776576879511,1.317904,1148,7.045776576879511,0,0.0,399,5.991464547107982,0.0,3120,8.045908742270779,2.7177700348432055,0,123,4.820281565605037,15.129,12.0,2.5649493574615367,2,2,0,2.0,1.0,287.0,1.0,0,1,1,1,0,0,0,1,0,1,0,0,0,0,0,0,0,0,0,0,0,0,0,0,0,0,0,7.045776576879511,0.0,0.0,0.0,0.0,0.0,0.0,0.0,0.0,0.0,0.0,0.0,0.0,0.0,0.0,8.045908742270779
515749,325000.0,1279,7.153833801578843,1.635841,1279,7.153833801578843,0,0.0,0,0.0,0.0,5154,8.54772239645106,4.029710711493355,0,14,2.70805020110221,0.196,14.0,2.70805020110221,3,2,0,2.0,0.6666666666666666,255.8,1.0,0,0,1,0,0,0,0,0,0,0,0,0,0,0,0,0,0,0,0,0,0,0,0,0,0,0,0,0.0,0.0,0.0,0.0,0.0,0.0,0.0,0.0,0.0,0.0,0.0,0.0,0.0,0.0,0.0,8.54772239645106
516285,390000.0,2852,7.955775781534187,8.133904,3276,8.09437844497296,424,6.052089168924417,524,6.263398262591624,0.8091603053435115,2700,7.901377353792616,0.9467040673211781,0,0,0.0,0.0,0.0,0.0,4,3,2,4.0,1.0,407.42857142857144,2.5,0,0,1,1,1,0,1,0,0,0,1,0,0,0,0,0,0,0,0,0,0,0,0,0,0,0,1,0.0,7.955775781534187,0.0,0.0,0.0,0.0,0.0,0.0,0.0,0.0,0.0,0.0,0.0,0.0,0.0,7.901377353792616
517425,777969.0,2213,7.70210434005105,4.897369,2213,7.70210434005105,0,0.0,0,0.0,0.0,2189,7.691656822810547,0.9891549932218707,0,3,1.3862943611198906,0.009,3.0,1.3862943611198906,3,3,0,3.0,1.0,368.8333333333333,3.0,0,0,1,0,0,0,0,0,0,0,0,1,0,0,0,0,0,0,0,0,0,0,0,1,0,0,0,0.0,0.0,7.70210434005105,0.0,0.0,0.0,0.0,0.0,0.0,0.0,0.0,0.0,0.0,0.0,0.0,7.691656822810547
517701,576300.0,1414,7.254177846456518,1.999396,2714,7.906178840394815,1300,7.170888478512505,1350,7.208600337960199,0.9629629629629629,6250,8.740496729931813,4.42008486562942,0,91,4.5217885770490405,8.281,0.0,0.0,2,3,0,3.0,1.5,282.8,1.0,0,1,1,1,1,0,0,1,0,0,0,0,0,0,0,0,0,0,1,0,0,0,0,0,0,0,0,0.0,0.0,0.0,0.0,0.0,0.0,0.0,0.0,0.0,7.254177846456518,0.0,0.0,0.0,0.0,0.0,8.740496729931813
518911,147000.0,438,6.082218910376446,0.191844,438,6.082218910376446,0,0.0,0,0.0,0.0,0,0.0,0.0,0,53,3.9889840465642745,2.809,53.0,3.9889840465642745,1,1,0,1.0,1.0,219.0,1.0,1,0,0,0,0,0,0,0,0,1,0,0,0,0,0,0,0,0,0,0,0,0,0,0,1,0,0,6.082218910376446,0.0,0.0,0.0,0.0,0.0,0.0,0.0,0.0,0.0,0.0,0.0,0.0,6.082218910376446,3.9889840465642745,0.0
518955,919977.0,3080,8.03268487596762,9.4864,3080,8.03268487596762,0,0.0,1442,7.274479558773871,0.0,4950,8.507344855361422,1.6071428571428572,0,1,0.6931471805599453,0.001,1.0,0.6931471805599453,4,3,1,3.5,0.875,440.0,2.0,0,0,1,1,0,0,1,0,0,0,1,0,0,0,0,0,0,0,0,0,0,0,1,0,0,0,0,0.0,8.03268487596762,0.0,0.0,0.0,0.0,0.0,0.0,0.0,0.0,0.0,0.0,0.0,0.0,0.0,8.507344855361422
519088,215000.0,900,6.802394763324311,0.81,900,6.802394763324311,0,0.0,0,0.0,0.0,470,6.154858094016418,0.5222222222222223,0,46,3.8501476017100584,2.116,46.0,3.8501476017100584,2,1,1,1.5,0.75,300.0,2.0,0,0,1,0,0,0,0,0,0,0,0,0,0,1,0,0,0,0,0,0,0,0,0,0,1,0,0,0.0,0.0,0.0,0.0,6.802394763324311,0.0,0.0,0.0,0.0,0.0,0.0,0.0,0.0,0.0,0.0,6.154858094016418
519945,349000.0,1298,7.168579897264035,1.684804,1936,7.568379267836522,638,6.459904454377535,638,6.459904454377535,1.0,1584,7.368339686311381,1.2203389830508475,0,40,3.713572066704308,1.6,40.0,3.713572066704308,3,2,1,2.5,0.8333333333333334,259.6,2.0,0,0,1,1,1,0,0,0,0,0,0,0,1,0,0,0,0,0,0,0,0,0,0,0,1,0,0,0.0,0.0,0.0,7.168579897264035,0.0,0.0,0.0,0.0,0.0,0.0,0.0,0.0,0.0,0.0,0.0,7.368339686311381
520249,315000.0,499,6.212606095751519,0.249001,499,6.212606095751519,0,0.0,0,0.0,0.0,2175,7.685243607975833,4.35871743486974,0,119,4.787491742782046,14.161,11.0,2.4849066497880004,1,1,0,1.0,1.0,249.5,1.0,0,1,1,0,0,0,0,1,0,0,0,0,0,0,1,0,0,0,0,0,0,0,0,1,0,0,0,0.0,0.0,0.0,0.0,0.0,6.212606095751519,0.0,0.0,0.0,0.0,0.0,0.0,0.0,0.0,0.0,7.685243607975833
520500,419325.0,2436,7.798112628829788,5.934096,2436,7.798112628829788,0,0.0,581,6.366470447731438,0.0,4545,8.422003004412488,1.8657635467980296,0,1,0.6931471805599453,0.001,1.0,0.6931471805599453,4,2,1,2.5,0.625,406.0,2.0,0,0,1,1,0,0,1,0,0,0,0,0,0,0,0,0,0,0,0,0,0,0,1,0,0,0,0,0.0,0.0,0.0,0.0,0.0,0.0,0.0,0.0,0.0,0.0,0.0,0.0,0.0,0.0,0.0,8.422003004412488
520749,365000.0,1991,7.596392304064196,3.964081,1991,7.596392304064196,0,0.0,0,0.0,0.0,3452,8.146998697389993,1.7338021094927172,0,13,2.6390573296152584,0.169,13.0,2.6390573296152584,3,2,1,2.5,0.8333333333333334,398.2,2.0,0,0,1,0,0,0,0,0,0,0,0,0,0,0,0,0,0,0,0,0,0,0,1,0,0,0,0,0.0,0.0,0.0,0.0,0.0,0.0,0.0,0.0,0.0,0.0,0.0,0.0,0.0,0.0,0.0,8.146998697389993
521341,155000.0,855,6.75110146893676,0.731025,855,6.75110146893676,0,0.0,0,0.0,0.0,0,0.0,0.0,0,48,3.8918202981106265,2.304,48.0,3.8918202981106265,1,1,0,1.0,1.0,427.5,1.0,1,0,0,0,0,0,0,0,0,0,0,0,0,0,0,0,0,0,0,0,0,1,0,0,1,0,0,0.0,0.0,0.0,0.0,0.0,0.0,0.0,0.0,0.0,0.0,0.0,0.0,6.75110146893676,6.75110146893676,3.8918202981106265,0.0
522171,258900.0,1200,7.090076835776092,1.44,1200,7.090076835776092,0,0.0,0,0.0,0.0,0,0.0,0.0,0,46,3.8501476017100584,2.116,2.0,1.0986122886681098,2,2,0,2.0,1.0,300.0,1.0,1,1,0,0,0,0,0,0,0,0,0,0,1,0,0,0,0,0,0,0,0,0,0,1,0,0,0,0.0,0.0,0.0,7.090076835776092,0.0,0.0,0.0,0.0,0.0,0.0,0.0,0.0,0.0,7.090076835776092,3.8501476017100584,0.0
522271,484895.0,1740,7.461640392208575,3.0276,2340,7.757906208351747,600,6.398594934535208,721,6.582025138892826,0.8321775312066574,2600,7.8636512654486515,1.4942528735632183,0,0,0.0,0.0,0.0,0.0,3,3,1,3.5,1.1666666666666667,290.0,2.0,0,0,1,1,1,0,1,0,0,0,1,0,0,0,0,0,0,0,0,0,0,0,0,1,0,0,0,0.0,7.461640392208575,0.0,0.0,0.0,0.0,0.0,0.0,0.0,0.0,0.0,0.0,0.0,0.0,0.0,7.8636512654486515
522375,320000.0,718,6.576469569048224,0.515524,718,6.576469569048224,0,0.0,0,0.0,0.0,3895,8.267705664762426,5.424791086350975,0,77,4.356708826689592,5.929,4.0,1.6094379124341003,1,1,0,1.0,1.0,359.0,1.0,0,1,1,0,0,0,0,0,0,0,0,0,0,0,0,0,0,1,0,0,0,0,0,1,0,0,0,0.0,0.0,0.0,0.0,0.0,0.0,0.0,0.0,6.576469569048224,0.0,0.0,0.0,0.0,0.0,0.0,8.267705664762426
522647,1483000.0,3639,8.19946419761216,13.242321,4436,8.397508348470257,797,6.682108597449809,885,6.786716950605081,0.9005649717514125,6250,8.740496729931813,1.7175048090134653,0,80,4.394449154672439,6.4,2.0,1.0986122886681098,3,4,1,4.5,1.5,519.8571428571429,2.0,0,1,1,1,1,0,0,1,0,0,0,0,0,0,0,0,0,0,0,1,0,0,1,0,0,0,0,0.0,0.0,0.0,0.0,0.0,0.0,0.0,0.0,0.0,0.0,8.19946419761216,0.0,0.0,0.0,0.0,8.740496729931813
523349,597030.0,1896,7.547501682814967,3.594816,2700,7.90100705199242,804,6.690842277418564,888,6.790097235513905,0.9054054054054054,3600,8.188966863648876,1.8987341772151898,0,1,0.6931471805599453,0.001,1.0,0.6931471805599453,3,3,1,3.5,1.1666666666666667,316.0,2.0,0,0,1,1,1,0,1,0,0,0,1,0,0,0,0,0,0,0,0,0,0,0,1,0,0,0,0,0.0,7.547501682814967,0.0,0.0,0.0,0.0,0.0,0.0,0.0,0.0,0.0,0.0,0.0,0.0,0.0,8.188966863648876
525239,325000.0,1864,7.530479995245536,3.474496,1864,7.530479995245536,0,0.0,0,0.0,0.0,7790,8.960724500330858,4.179184549356223,0,50,3.9318256327243257,2.5,50.0,3.9318256327243257,3,2,0,2.0,0.6666666666666666,372.8,2.0,0,0,1,0,0,0,0,0,0,0,0,0,0,0,0,0,1,0,0,0,0,0,1,0,0,0,0,0.0,0.0,0.0,0.0,0.0,0.0,0.0,7.530479995245536,0.0,0.0,0.0,0.0,0.0,0.0,0.0,8.960724500330858
525888,488500.0,480,6.173786103901937,0.2304,480,6.173786103901937,0,0.0,0,0.0,0.0,1524,7.329749689041512,3.175,0,133,4.897839799950911,17.689,7.0,2.0794415416798357,1,1,0,1.0,1.0,240.0,1.0,0,1,1,0,0,0,0,1,0,0,0,0,0,0,1,0,0,0,0,0,0,0,0,1,0,0,0,0.0,0.0,0.0,0.0,0.0,6.173786103901937,0.0,0.0,0.0,0.0,0.0,0.0,0.0,0.0,0.0,7.329749689041512
526600,699000.0,1839,7.516977224604321,3.381921,2669,7.889459149404524,830,6.7226297948554485,924,6.829793737512425,0.8982683982683982,4932,8.503702601233739,2.6818923327895594,0,16,2.833213344056216,0.256,16.0,2.833213344056216,3,3,0,3.0,1.0,306.5,1.0,0,1,1,1,1,0,0,0,0,0,1,0,0,0,0,0,0,0,0,0,0,0,0,0,0,0,0,0.0,7.516977224604321,0.0,0.0,0.0,0.0,0.0,0.0,0.0,0.0,0.0,0.0,0.0,0.0,0.0,8.503702601233739
526705,400000.0,1438,7.271008538280992,2.067844,1438,7.271008538280992,0,0.0,77,4.356708826689592,0.0,1372,7.224753405767971,0.9541029207232267,0,14,2.70805020110221,0.196,14.0,2.70805020110221,2,2,1,2.5,1.25,359.5,2.0,0,0,1,1,0,0,0,0,0,0,1,0,0,0,0,0,0,0,0,0,0,0,0,0,1,0,0,0.0,7.271008538280992,0.0,0.0,0.0,0.0,0.0,0.0,0.0,0.0,0.0,0.0,0.0,0.0,0.0,7.224753405767971
526804,285000.0,739,6.6052979209482015,0.546121,739,6.6052979209482015,0,0.0,0,0.0,0.0,0,0.0,0.0,0,88,4.48863636973214,7.744,19.0,2.995732273553991,1,1,0,1.0,1.0,369.5,1.0,1,1,0,0,0,0,0,1,0,1,0,0,0,0,0,0,0,0,0,0,0,0,0,0,1,0,0,6.6052979209482015,0.0,0.0,0.0,0.0,0.0,0.0,0.0,0.0,0.0,0.0,0.0,0.0,6.6052979209482015,4.48863636973214,0.0
527669,244500.0,1041,6.947937068614969,1.083681,1041,6.947937068614969,0,0.0,0,0.0,0.0,0,0.0,0.0,0,21,3.091042453358316,0.441,21.0,3.091042453358316,2,2,0,2.0,1.0,260.25,1.0,1,0,0,0,0,0,0,0,0,0,0,0,0,0,0,1,0,0,0,0,0,0,0,1,0,0,0,0.0,0.0,0.0,0.0,0.0,0.0,6.947937068614969,0.0,0.0,0.0,0.0,0.0,0.0,6.947937068614969,3.091042453358316,0.0
530766,305000.0,1444,7.275172319452771,2.085136,1444,7.275172319452771,0,0.0,0,0.0,0.0,5129,8.542860938164814,3.551939058171745,0,13,2.6390573296152584,0.169,13.0,2.6390573296152584,3,2,0,2.0,0.6666666666666666,288.8,2.0,0,0,1,0,0,0,0,0,0,0,0,0,0,0,0,0,0,0,0,0,0,0,1,0,0,0,0,0.0,0.0,0.0,0.0,0.0,0.0,0.0,0.0,0.0,0.0,0.0,0.0,0.0,0.0,0.0,8.542860938164814
531735,180000.0,948,6.854354502255021,0.898704,948,6.854354502255021,0,0.0,0,0.0,0.0,0,0.0,0.0,0,40,3.713572066704308,1.6,0.0,0.0,2,2,0,2.0,1.0,237.0,1.0,1,1,0,0,0,0,0,0,0,0,0,0,0,0,0,0,0,0,0,0,0,1,0,0,1,0,0,0.0,0.0,0.0,0.0,0.0,0.0,0.0,0.0,0.0,0.0,0.0,0.0,6.854354502255021,6.854354502255021,3.713572066704308,0.0
532045,179500.0,1182,7.074963197966044,1.397124,1182,7.074963197966044,0,0.0,0,0.0,0.0,1307,7.176254532017144,1.1057529610829102,0,2,1.0986122886681098,0.004,2.0,1.0986122886681098,2,2,1,2.5,1.25,295.5,2.0,0,0,1,0,0,0,0,0,0,0,1,0,0,0,0,0,0,0,0,0,0,0,0,1,0,0,0,0.0,7.074963197966044,0.0,0.0,0.0,0.0,0.0,0.0,0.0,0.0,0.0,0.0,0.0,0.0,0.0,7.176254532017144
532946,620000.0,1858,7.527255919373784,3.452164,2632,7.875499292445208,774,6.652863029353347,924,6.829793737512425,0.8376623376623377,2880,7.9658927350845286,1.55005382131324,0,6,1.9459101490553132,0.036,6.0,1.9459101490553132,2,3,1,3.5,1.75,371.6,2.0,0,0,1,1,1,0,0,0,0,0,1,0,0,0,0,0,0,0,0,0,0,0,1,0,0,0,0,0.0,7.527255919373784,0.0,0.0,0.0,0.0,0.0,0.0,0.0,0.0,0.0,0.0,0.0,0.0,0.0,7.9658927350845286
533647,181500.0,1182,7.074963197966044,1.397124,1182,7.074963197966044,0,0.0,0,0.0,0.0,1560,7.353081920515432,1.3197969543147208,0,2,1.0986122886681098,0.004,2.0,1.0986122886681098,2,2,1,2.5,1.25,295.5,2.0,0,0,1,0,0,0,0,0,0,0,1,0,0,0,0,0,0,0,0,0,0,0,0,1,0,0,0,0.0,7.074963197966044,0.0,0.0,0.0,0.0,0.0,0.0,0.0,0.0,0.0,0.0,0.0,0.0,0.0,7.353081920515432
534664,293000.0,818,6.706862336602747,0.669124,818,6.706862336602747,0,0.0,0,0.0,0.0,9780,9.188197007290492,11.9559902200489,384,37,3.6375861597263857,1.369,1.0,0.6931471805599453,2,2,0,2.0,1.0,204.5,1.0,0,1,1,0,0,1,0,0,0,0,0,0,0,0,0,0,1,0,0,0,0,0,0,0,0,1,0,0.0,0.0,0.0,0.0,0.0,0.0,0.0,6.706862336602747,0.0,0.0,0.0,0.0,0.0,0.0,0.0,9.188197007290492
535392,355000.0,1942,7.571473648851271,3.771364,1942,7.571473648851271,0,0.0,0,0.0,0.0,5070,8.531293315795018,2.610710607621009,0,16,2.833213344056216,0.256,16.0,2.833213344056216,4,2,1,2.5,0.625,323.6666666666667,2.0,0,1,1,0,0,0,0,0,0,0,0,0,0,0,0,0,0,0,0,0,0,0,1,0,0,0,0,0.0,0.0,0.0,0.0,0.0,0.0,0.0,0.0,0.0,0.0,0.0,0.0,0.0,0.0,0.0,8.531293315795018
535456,315750.0,1643,7.404279118037268,2.699449,1643,7.404279118037268,0,0.0,0,0.0,0.0,2322,7.750614732770409,1.4132684114424832,0,1,0.6931471805599453,0.001,1.0,0.6931471805599453,3,2,1,2.5,0.8333333333333334,328.6,2.0,0,0,1,0,0,0,1,0,0,0,0,0,0,0,0,0,0,0,0,0,0,0,0,1,0,0,0,0.0,0.0,0.0,0.0,0.0,0.0,0.0,0.0,0.0,0.0,0.0,0.0,0.0,0.0,0.0,7.750614732770409
535865,218000.0,931,6.836259277277067,0.866761,931,6.836259277277067,0,0.0,0,0.0,0.0,0,0.0,0.0,0,17,2.8903717578961645,0.289,5.0,1.791759469228055,1,1,1,1.5,1.5,465.5,1.0,1,1,0,0,0,0,0,0,0,0,0,0,0,0,0,0,0,0,0,0,0,0,0,0,1,0,0,0.0,0.0,0.0,0.0,0.0,0.0,0.0,0.0,0.0,0.0,0.0,0.0,0.0,6.836259277277067,2.8903717578961645,0.0
535935,490000.0,1935,7.5678626054638825,3.744225,2575,7.853604813097837,640,6.46302945692067,838,6.732210706467206,0.7637231503579952,9450,9.153875834995056,4.883720930232558,0,53,3.9889840465642745,2.809,4.0,1.6094379124341003,3,2,1,2.5,0.8333333333333334,387.0,2.0,0,1,1,1,1,0,0,0,0,0,0,0,1,0,0,0,0,0,0,0,0,0,1,0,0,0,0,0.0,0.0,0.0,7.5678626054638825,0.0,0.0,0.0,0.0,0.0,0.0,0.0,0.0,0.0,0.0,0.0,9.153875834995056
537226,535067.0,2046,7.6236419465115715,4.186116,2625,7.872836175025724,579,6.363028103540465,793,6.677083461247136,0.7301387137452712,2594,7.861341795599989,1.2678396871945259,0,0,0.0,0.0,0.0,0.0,3,3,1,3.5,1.1666666666666667,341.0,2.0,0,0,1,1,1,0,1,0,0,0,1,0,0,0,0,0,0,0,0,0,0,0,0,1,0,0,0,0.0,7.6236419465115715,0.0,0.0,0.0,0.0,0.0,0.0,0.0,0.0,0.0,0.0,0.0,0.0,0.0,7.861341795599989
538405,236200.0,529,6.270988431858299,0.279841,529,6.270988431858299,0,0.0,0,0.0,0.0,0,0.0,0.0,0,61,4.127134385045092,3.721,12.0,2.5649493574615367,1,1,0,1.0,1.0,264.5,1.0,1,1,0,0,0,0,0,0,0,1,0,0,0,0,0,0,0,0,0,0,0,0,0,1,0,0,0,6.270988431858299,0.0,0.0,0.0,0.0,0.0,0.0,0.0,0.0,0.0,0.0,0.0,0.0,6.270988431858299,4.127134385045092,0.0
539095,264000.0,998,6.905753276311464,0.996004,998,6.905753276311464,0,0.0,345,5.846438775057725,0.0,4690,8.453401058328458,4.69939879759519,0,113,4.736198448394496,12.769,113.0,4.736198448394496,2,2,0,2.0,1.0,249.5,1.0,0,0,1,1,0,0,0,1,0,1,0,0,0,0,0,0,0,0,0,0,0,0,0,0,0,0,0,6.905753276311464,0.0,0.0,0.0,0.0,0.0,0.0,0.0,0.0,0.0,0.0,0.0,0.0,0.0,0.0,8.453401058328458
540024,334000.0,1420,7.258412150595307,2.0164,1420,7.258412150595307,0,0.0,0,0.0,0.0,4358,8.379997952238393,3.0690140845070424,0,9,2.302585092994046,0.081,9.0,2.302585092994046,3,2,1,2.5,0.8333333333333334,284.0,2.0,0,0,1,0,0,0,0,0,0,0,0,0,0,0,0,0,0,0,0,0,0,0,1,0,0,0,0,0.0,0.0,0.0,0.0,0.0,0.0,0.0,0.0,0.0,0.0,0.0,0.0,0.0,0.0,0.0,8.379997952238393
542010,530000.0,2444,7.8013913202914855,5.973136,2444,7.8013913202914855,0,0.0,534,6.282266746896006,0.0,4695,8.454466361507933,1.9210310965630115,0,139,4.941642422609304,19.321,32.0,3.4965075614664802,3,2,0,2.0,0.6666666666666666,488.8,2.0,0,1,1,1,0,0,0,1,0,0,0,1,0,0,0,0,0,0,0,0,0,0,1,0,0,0,0,0.0,0.0,7.8013913202914855,0.0,0.0,0.0,0.0,0.0,0.0,0.0,0.0,0.0,0.0,0.0,0.0,8.454466361507933
542190,525000.0,1618,7.388946097618437,2.617924,2200,7.696212639346407,582,6.368187186350492,679,6.522092798170152,0.8571428571428571,6500,8.77971129020447,4.017305315203956,0,106,4.672828834461906,11.236,23.0,3.1780538303479458,3,2,0,2.0,0.6666666666666666,323.6,2.0,0,1,1,1,1,0,0,1,0,0,0,0,0,0,0,0,0,1,0,0,0,0,1,0,0,0,0,0.0,0.0,0.0,0.0,0.0,0.0,0.0,0.0,7.388946097618437,0.0,0.0,0.0,0.0,0.0,0.0,8.77971129020447
542405,314000.0,1520,7.326465613840322,2.3104,1520,7.326465613840322,0,0.0,0,0.0,0.0,3497,8.159946655578548,2.300657894736842,0,12,2.5649493574615367,0.144,12.0,2.5649493574615367,3,2,1,2.5,0.8333333333333334,304.0,2.0,0,0,1,0,0,0,0,0,0,0,0,0,0,0,0,0,0,0,0,0,0,0,1,0,0,0,0,0.0,0.0,0.0,0.0,0.0,0.0,0.0,0.0,0.0,0.0,0.0,0.0,0.0,0.0,0.0,8.159946655578548
542710,270000.0,955,6.86171134048073,0.912025,955,6.86171134048073,0,0.0,0,0.0,0.0,0,0.0,0.0,0,21,3.091042453358316,0.441,0.0,0.0,2,2,0,2.0,1.0,238.75,1.0,1,1,0,0,0,0,0,0,0,0,0,0,0,0,0,1,0,0,0,0,0,0,0,1,0,0,0,0.0,0.0,0.0,0.0,0.0,0.0,6.86171134048073,0.0,0.0,0.0,0.0,0.0,0.0,6.86171134048073,3.091042453358316,0.0
543522,434000.0,840,6.733401891837359,0.7056,1680,7.426549072397305,840,6.734591659972948,840,6.734591659972948,1.0,6360,8.757940876678804,7.571428571428571,0,69,4.248495242049359,4.761,3.0,1.3862943611198906,2,2,0,2.0,1.0,210.0,1.0,0,1,1,1,1,0,0,0,0,0,0,0,0,0,0,0,0,0,1,0,0,0,0,0,0,0,0,0.0,0.0,0.0,0.0,0.0,0.0,0.0,0.0,0.0,6.733401891837359,0.0,0.0,0.0,0.0,0.0,8.757940876678804
544125,283000.0,1313,7.180069874302796,1.723969,1313,7.180069874302796,0,0.0,0,0.0,0.0,0,0.0,0.0,0,18,2.9444389791664403,0.324,18.0,2.9444389791664403,3,2,0,2.0,0.6666666666666666,262.6,1.0,1,0,0,0,0,0,0,0,0,0,0,0,0,0,0,1,0,0,0,0,0,0,0,1,0,0,0,0.0,0.0,0.0,0.0,0.0,0.0,7.180069874302796,0.0,0.0,0.0,0.0,0.0,0.0,7.180069874302796,2.9444389791664403,0.0
544134,313025.0,1538,7.338238150065589,2.365444,1538,7.338238150065589,0,0.0,0,0.0,0.0,1400,7.244941546337007,0.9102730819245773,0,0,0.0,0.0,0.0,0.0,3,2,1,2.5,0.8333333333333334,307.6,2.0,0,0,1,0,0,0,1,0,0,0,0,0,0,0,0,0,0,0,0,0,0,0,0,0,1,0,0,0.0,0.0,0.0,0.0,0.0,0.0,0.0,0.0,0.0,0.0,0.0,0.0,0.0,0.0,0.0,7.244941546337007
544351,1850000.0,5317,8.57866451350434,28.270489,7314,8.897545598709327,1997,7.599901959208498,2097,7.6487397889562425,0.9523128278493085,7812,8.963544291996744,1.469249576829039,0,108,4.6913478822291435,11.664,19.0,2.995732273553991,5,5,2,6.0,1.2,531.7,2.5,0,1,1,1,1,0,0,1,0,1,0,0,0,0,0,0,0,0,0,0,0,0,0,0,0,0,1,8.57866451350434,0.0,0.0,0.0,0.0,0.0,0.0,0.0,0.0,0.0,0.0,0.0,0.0,0.0,0.0,8.963544291996744
544432,580936.0,2098,7.6487397889562425,4.401604,3088,8.035278911144667,990,6.898714534329988,991,6.899723107284872,0.9989909182643795,3161,8.058960017769417,1.5066730219256435,0,0,0.0,0.0,0.0,0.0,2,3,1,3.5,1.75,419.6,2.0,0,0,1,1,1,0,1,0,0,0,1,0,0,0,0,0,0,0,0,0,0,0,1,0,0,0,0,0.0,7.6487397889562425,0.0,0.0,0.0,0.0,0.0,0.0,0.0,0.0,0.0,0.0,0.0,0.0,0.0,8.058960017769417
544699,162500.0,692,6.539585955617669,0.478864,692,6.539585955617669,0,0.0,0,0.0,0.0,0,0.0,0.0,0,41,3.7376696182833684,1.681,41.0,3.7376696182833684,1,1,0,1.0,1.0,346.0,1.0,1,0,0,0,0,0,0,0,0,0,0,0,0,1,0,0,0,0,0,0,0,0,0,0,1,0,0,0.0,0.0,0.0,0.0,6.539585955617669,0.0,0.0,0.0,0.0,0.0,0.0,0.0,0.0,6.539585955617669,3.7376696182833684,0.0
544736,945000.0,1345,7.20414929203594,1.809025,1345,7.20414929203594,0,0.0,0,0.0,0.0,0,0.0,0.0,0,2,1.0986122886681098,0.004,2.0,1.0986122886681098,2,2,0,2.0,1.0,336.25,1.0,1,0,0,0,0,0,0,0,0,0,0,0,0,0,0,0,0,0,0,0,1,0,0,1,0,0,0,0.0,0.0,0.0,0.0,0.0,0.0,0.0,0.0,0.0,0.0,0.0,7.20414929203594,0.0,7.20414929203594,1.0986122886681098,0.0
544785,220000.0,904,6.806829360392176,0.817216,904,6.806829360392176,0,0.0,0,0.0,0.0,0,0.0,0.0,0,41,3.7376696182833684,1.681,10.0,2.3978952727983707,2,2,0,2.0,1.0,226.0,1.0,1,1,0,0,0,0,0,0,0,0,0,0,0,1,0,0,0,0,0,0,0,0,0,0,1,0,0,0.0,0.0,0.0,0.0,6.806829360392176,0.0,0.0,0.0,0.0,0.0,0.0,0.0,0.0,6.806829360392176,3.7376696182833684,0.0
544876,351000.0,1845,7.520234556474628,3.404025,1845,7.520234556474628,0,0.0,0,0.0,0.0,5280,8.571870752706934,2.861788617886179,0,16,2.833213344056216,0.256,16.0,2.833213344056216,3,2,1,2.5,0.8333333333333334,369.0,2.0,0,1,1,0,0,0,0,0,0,0,0,0,0,0,0,0,0,0,0,0,0,0,1,0,0,0,0,0.0,0.0,0.0,0.0,0.0,0.0,0.0,0.0,0.0,0.0,0.0,0.0,0.0,0.0,0.0,8.571870752706934
545538,319000.0,549,6.3080984415095305,0.301401,549,6.3080984415095305,0,0.0,0,0.0,0.0,0,0.0,0.0,0,117,4.770684624465665,13.689,15.0,2.772588722239781,1,1,0,1.0,1.0,274.5,1.0,1,1,0,0,0,0,0,1,0,0,0,0,0,0,1,0,0,0,0,0,0,0,0,0,1,0,0,0.0,0.0,0.0,0.0,0.0,6.3080984415095305,0.0,0.0,0.0,0.0,0.0,0.0,0.0,6.3080984415095305,4.770684624465665,0.0
545932,242716.0,1314,7.1808311990445555,1.726596,1314,7.1808311990445555,0,0.0,0,0.0,0.0,2232,7.711101251840158,1.6986301369863013,0,1,0.6931471805599453,0.001,1.0,0.6931471805599453,3,2,0,2.0,0.6666666666666666,262.8,2.0,0,0,1,0,0,0,1,0,0,0,0,0,0,0,0,0,0,0,0,0,0,0,1,0,0,0,0,0.0,0.0,0.0,0.0,0.0,0.0,0.0,0.0,0.0,0.0,0.0,0.0,0.0,0.0,0.0,7.711101251840158
546207,387500.0,1724,7.452402451223638,2.972176,1724,7.452402451223638,0,0.0,660,6.493753839851686,0.0,5607,8.631949428714426,3.2523201856148494,0,4,1.6094379124341003,0.016,4.0,1.6094379124341003,2,2,1,2.5,1.25,431.0,2.0,0,0,1,1,0,0,0,0,0,0,0,0,0,0,0,0,0,0,0,0,0,0,1,0,0,0,0,0.0,0.0,0.0,0.0,0.0,0.0,0.0,0.0,0.0,0.0,0.0,0.0,0.0,0.0,0.0,8.631949428714426
546443,475000.0,1057,6.963189985870238,1.117249,1057,6.963189985870238,0,0.0,0,0.0,0.0,0,0.0,0.0,0,20,3.044522437723423,0.4,7.0,2.0794415416798357,2,2,0,2.0,1.0,264.25,2.0,1,1,0,0,0,0,0,0,0,0,0,0,0,0,1,0,0,0,0,0,0,0,0,0,1,0,0,0.0,0.0,0.0,0.0,0.0,6.963189985870238,0.0,0.0,0.0,0.0,0.0,0.0,0.0,6.963189985870238,3.044522437723423,0.0
547172,599278.0,2006,7.603897968521881,4.024036,2945,7.987864096085687,939,6.84587987526405,1052,6.959398512133975,0.8925855513307985,3150,8.055475141757274,1.5702891326021935,0,0,0.0,0.0,0.0,0.0,4,4,0,4.0,1.0,250.75,2.0,0,0,1,1,1,0,1,0,0,0,1,0,0,0,0,0,0,0,0,0,0,0,1,0,0,0,0,0.0,7.603897968521881,0.0,0.0,0.0,0.0,0.0,0.0,0.0,0.0,0.0,0.0,0.0,0.0,0.0,8.055475141757274
547977,340000.0,901,6.803505257608338,0.811801,901,6.803505257608338,0,0.0,0,0.0,0.0,5352,8.585412430393381,5.940066592674806,396,24,3.2188758248682006,0.576,24.0,3.2188758248682006,3,2,0,2.0,0.6666666666666666,180.2,1.0,0,0,1,0,0,1,0,0,0,0,0,0,0,0,0,0,1,0,0,0,0,0,0,0,0,1,0,0.0,0.0,0.0,0.0,0.0,0.0,0.0,6.803505257608338,0.0,0.0,0.0,0.0,0.0,0.0,0.0,8.585412430393381
548604,370000.0,732,6.595780513961311,0.535824,890,6.7912214627261855,158,5.0689042022202315,175,5.170483995038151,0.9028571428571428,1630,7.396948602621014,2.226775956284153,0,118,4.77912349311153,13.924,1.0,0.6931471805599453,1,1,0,1.0,1.0,366.0,1.0,0,1,1,1,1,0,0,1,0,0,0,1,0,0,0,0,0,0,0,0,0,0,0,1,0,0,0,0.0,0.0,6.595780513961311,0.0,0.0,0.0,0.0,0.0,0.0,0.0,0.0,0.0,0.0,0.0,0.0,7.396948602621014
548904,537500.0,1275,7.150701457592526,1.625625,1275,7.150701457592526,0,0.0,259,5.560681631015528,0.0,3750,8.229777750081887,2.9411764705882355,0,135,4.912654885736052,18.225,12.0,2.5649493574615367,3,1,0,1.0,0.3333333333333333,318.75,1.0,0,1,1,1,0,0,0,1,0,0,0,1,0,0,0,0,0,0,0,0,0,0,0,0,0,0,0,0.0,0.0,7.150701457592526,0.0,0.0,0.0,0.0,0.0,0.0,0.0,0.0,0.0,0.0,0.0,0.0,8.229777750081887
548978,1975000.0,2831,7.9483852851118995,8.014561,2831,7.9483852851118995,0,0.0,0,0.0,0.0,0,0.0,0.0,0,38,3.6635616461296463,1.444,2.0,1.0986122886681098,3,3,1,3.5,1.1666666666666667,471.8333333333333,1.0,1,1,0,0,0,0,0,0,0,1,0,0,0,0,0,0,0,0,0,0,0,0,0,1,0,0,0,7.9483852851118995,0.0,0.0,0.0,0.0,0.0,0.0,0.0,0.0,0.0,0.0,0.0,0.0,7.9483852851118995,3.6635616461296463,0.0
549541,935000.0,2078,7.639161171659173,4.318084,3036,8.01829613851552,958,6.8658910748834385,1198,7.089243155027514,0.7996661101836394,5950,8.691314551644853,2.863330125120308,0,109,4.700480365792417,11.881,19.0,2.995732273553991,4,4,0,4.0,1.0,259.75,1.5,0,1,1,1,1,0,0,1,0,0,0,0,0,0,0,0,0,0,1,0,0,0,0,0,0,0,1,0.0,0.0,0.0,0.0,0.0,0.0,0.0,0.0,0.0,7.639161171659173,0.0,0.0,0.0,0.0,0.0,8.691314551644853
550284,354900.0,1858,7.527255919373784,3.452164,1858,7.527255919373784,0,0.0,0,0.0,0.0,4180,8.338305731356565,2.2497308934338,0,17,2.8903717578961645,0.289,17.0,2.8903717578961645,3,2,1,2.5,0.8333333333333334,371.6,2.0,0,0,1,0,0,0,0,0,0,0,0,0,0,0,0,0,0,0,0,0,0,0,1,0,0,0,0,0.0,0.0,0.0,0.0,0.0,0.0,0.0,0.0,0.0,0.0,0.0,0.0,0.0,0.0,0.0,8.338305731356565
550346,469475.0,2279,7.731492029245684,5.193841,2279,7.731492029245684,0,0.0,1052,6.959398512133975,0.0,4500,8.412054873292933,1.9745502413339184,0,1,0.6931471805599453,0.001,1.0,0.6931471805599453,4,2,1,2.5,0.625,379.8333333333333,2.0,0,0,1,1,0,0,1,0,0,0,0,0,0,0,0,0,0,0,0,0,0,0,1,0,0,0,0,0.0,0.0,0.0,0.0,0.0,0.0,0.0,0.0,0.0,0.0,0.0,0.0,0.0,0.0,0.0,8.412054873292933
552945,155000.0,952,6.858565034791365,0.906304,952,6.858565034791365,0,0.0,0,0.0,0.0,0,0.0,0.0,0,46,3.8501476017100584,2.116,0.0,0.0,2,1,1,1.5,0.75,317.3333333333333,1.0,1,1,0,0,0,0,0,0,0,0,0,0,0,1,0,0,0,0,0,0,0,0,0,1,0,0,0,0.0,0.0,0.0,0.0,6.858565034791365,0.0,0.0,0.0,0.0,0.0,0.0,0.0,0.0,6.858565034791365,3.8501476017100584,0.0
553218,321500.0,840,6.733401891837359,0.7056,1500,7.313220387090301,660,6.493753839851686,840,6.734591659972948,0.7857142857142857,7150,8.875007486048396,8.511904761904763,0,49,3.912023005428146,2.401,0.0,0.0,2,2,0,2.0,1.0,210.0,1.0,0,1,1,1,1,0,0,0,0,0,0,0,0,0,0,0,1,0,0,0,0,0,0,0,0,0,0,0.0,0.0,0.0,0.0,0.0,0.0,0.0,6.733401891837359,0.0,0.0,0.0,0.0,0.0,0.0,0.0,8.875007486048396
553963,515000.0,1376,7.226936018493289,1.893376,1376,7.226936018493289,0,0.0,453,6.118097198041348,0.0,2345,7.76046702921342,1.7042151162790697,0,115,4.7535901911063645,13.225,8.0,2.1972245773362196,3,1,1,1.5,0.5,344.0,2.0,0,1,1,1,0,0,0,1,0,1,0,0,0,0,0,0,0,0,0,0,0,0,0,1,0,0,0,7.226936018493289,0.0,0.0,0.0,0.0,0.0,0.0,0.0,0.0,0.0,0.0,0.0,0.0,0.0,0.0,7.76046702921342
556332,533576.0,1614,7.3864708488298945,2.604996,2283,7.733245646529795,669,6.507277712385012,795,6.679599185844383,0.8415094339622642,2576,7.854381210652365,1.5960346964064436,0,0,0.0,0.0,0.0,0.0,2,3,1,3.5,1.75,322.8,2.0,0,0,1,1,1,0,1,0,0,0,1,0,0,0,0,0,0,0,0,0,0,0,0,1,0,0,0,0.0,7.3864708488298945,0.0,0.0,0.0,0.0,0.0,0.0,0.0,0.0,0.0,0.0,0.0,0.0,0.0,7.854381210652365
556621,525000.0,1262,7.140453043101158,1.592644,2177,7.685703061234547,915,6.82001636467413,1015,6.923628628138427,0.9014778325123153,10250,9.235130540783402,8.12202852614897,0,48,3.8918202981106265,2.304,0.0,0.0,4,3,0,3.0,0.75,180.28571428571428,1.0,0,1,1,1,1,0,0,0,0,0,0,0,1,0,0,0,0,0,0,0,0,0,0,0,0,0,0,0.0,0.0,0.0,7.140453043101158,0.0,0.0,0.0,0.0,0.0,0.0,0.0,0.0,0.0,0.0,0.0,9.235130540783402
557104,571554.0,1911,7.555381944240273,3.651921,2724,7.909856667269403,813,6.70196036600254,915,6.82001636467413,0.8885245901639345,3600,8.188966863648876,1.8838304552590266,0,0,0.0,0.0,0.0,0.0,3,3,1,3.5,1.1666666666666667,318.5,2.0,0,0,1,1,1,0,1,0,0,0,1,0,0,0,0,0,0,0,0,0,0,0,1,0,0,0,0,0.0,7.555381944240273,0.0,0.0,0.0,0.0,0.0,0.0,0.0,0.0,0.0,0.0,0.0,0.0,0.0,8.188966863648876
557498,570000.0,1502,7.31455283232408,2.256004,2220,7.705262474866325,718,6.577861357721047,747,6.617402977974478,0.9611780455153949,4725,8.460834457746854,3.1458055925432755,0,7,2.0794415416798357,0.049,7.0,2.0794415416798357,3,3,1,3.5,1.1666666666666667,250.33333333333334,2.0,0,0,1,1,1,0,0,0,0,0,1,0,0,0,0,0,0,0,0,0,0,0,1,0,0,0,0,0.0,7.31455283232408,0.0,0.0,0.0,0.0,0.0,0.0,0.0,0.0,0.0,0.0,0.0,0.0,0.0,8.460834457746854
557677,610000.0,1384,7.232733136177615,1.915456,1384,7.232733136177615,0,0.0,0,0.0,0.0,690,6.53813982376767,0.4985549132947977,0,2,1.0986122886681098,0.004,2.0,1.0986122886681098,2,2,1,2.5,1.25,346.0,3.0,0,0,1,0,0,0,0,0,0,0,0,1,0,0,0,0,0,0,0,0,0,0,0,0,1,0,0,0.0,0.0,7.232733136177615,0.0,0.0,0.0,0.0,0.0,0.0,0.0,0.0,0.0,0.0,0.0,0.0,6.53813982376767
558391,559900.0,1435,7.268920128193722,2.059225,1935,7.5678626054638825,500,6.2166061010848646,556,6.322565239927284,0.8992805755395683,11200,9.32375833901174,7.804878048780488,766,48,3.8918202981106265,2.304,0.0,0.0,4,2,1,2.5,0.625,239.16666666666666,1.0,0,1,1,1,1,1,0,0,0,0,0,0,0,1,0,0,0,0,0,0,0,0,0,0,0,1,0,0.0,0.0,0.0,0.0,7.268920128193722,0.0,0.0,0.0,0.0,0.0,0.0,0.0,0.0,0.0,0.0,9.32375833901174
558417,155000.0,1138,7.037027614686276,1.295044,1138,7.037027614686276,0,0.0,0,0.0,0.0,0,0.0,0.0,0,47,3.871201010907891,2.209,47.0,3.871201010907891,2,2,0,2.0,1.0,284.5,3.0,1,0,0,0,0,0,0,0,0,0,0,0,1,0,0,0,0,0,0,0,0,0,0,1,0,0,0,0.0,0.0,0.0,7.037027614686276,0.0,0.0,0.0,0.0,0.0,0.0,0.0,0.0,0.0,7.037027614686276,3.871201010907891,0.0
560006,119200.0,1200,7.090076835776092,1.44,1200,7.090076835776092,0,0.0,0,0.0,0.0,0,0.0,0.0,0,55,4.02535169073515,3.025,0.0,0.0,2,2,0,2.0,1.0,300.0,1.0,1,1,0,0,0,0,0,0,0,0,0,0,0,0,0,0,0,0,0,0,0,1,0,0,1,0,0,0.0,0.0,0.0,0.0,0.0,0.0,0.0,0.0,0.0,0.0,0.0,0.0,7.090076835776092,7.090076835776092,4.02535169073515,0.0
560850,358625.0,1866,7.531552381407289,3.481956,1866,7.531552381407289,0,0.0,0,0.0,0.0,3142,8.052933036797567,1.6838156484458735,0,1,0.6931471805599453,0.001,1.0,0.6931471805599453,4,2,1,2.5,0.625,311.0,2.0,0,0,1,0,0,0,1,0,0,0,0,0,0,0,0,0,0,0,0,0,0,0,0,1,0,0,0,0.0,0.0,0.0,0.0,0.0,0.0,0.0,0.0,0.0,0.0,0.0,0.0,0.0,0.0,0.0,8.052933036797567
561533,201000.0,969,6.876264611890766,0.938961,969,6.876264611890766,0,0.0,0,0.0,0.0,0,0.0,0.0,0,39,3.6888794541139363,1.521,12.0,2.5649493574615367,2,2,0,2.0,1.0,242.25,1.0,1,1,0,0,0,0,0,0,0,0,0,0,0,0,0,0,0,0,0,0,0,1,0,0,1,0,0,0.0,0.0,0.0,0.0,0.0,0.0,0.0,0.0,0.0,0.0,0.0,0.0,6.876264611890766,6.876264611890766,3.6888794541139363,0.0
562195,800000.0,2575,7.853604813097837,6.630625,3783,8.23827262463303,1208,7.097548850614793,1263,7.142036574706803,0.9564528899445764,5005,8.518392471991719,1.9436893203883494,0,15,2.772588722239781,0.225,15.0,2.772588722239781,3,3,1,3.5,1.1666666666666667,429.1666666666667,2.0,0,1,1,1,1,0,0,0,0,0,1,0,0,0,0,0,0,0,0,0,0,0,1,0,0,0,0,0.0,7.853604813097837,0.0,0.0,0.0,0.0,0.0,0.0,0.0,0.0,0.0,0.0,0.0,0.0,0.0,8.518392471991719
563248,419000.0,731,6.594413459749778,0.534361,731,6.594413459749778,0,0.0,0,0.0,0.0,0,0.0,0.0,0,1,0.6931471805599453,0.001,1.0,0.6931471805599453,1,1,0,1.0,1.0,365.5,1.0,1,0,0,0,0,0,1,0,0,0,0,1,0,0,0,0,0,0,0,0,0,0,0,0,1,0,0,0.0,0.0,6.594413459749778,0.0,0.0,0.0,0.0,0.0,0.0,0.0,0.0,0.0,0.0,6.594413459749778,0.6931471805599453,0.0
564651,999000.0,3048,8.022240916806537,9.290304,4438,8.39795910349254,1390,7.237778191923443,1452,7.2813856635702825,0.9573002754820936,4500,8.412054873292933,1.4763779527559056,0,16,2.833213344056216,0.256,16.0,2.833213344056216,4,4,1,4.5,1.125,381.0,2.0,0,1,1,1,1,0,0,0,0,0,1,0,0,0,0,0,0,0,0,0,0,0,1,0,0,0,0,0.0,8.022240916806537,0.0,0.0,0.0,0.0,0.0,0.0,0.0,0.0,0.0,0.0,0.0,0.0,0.0,8.412054873292933
565024,530656.0,1707,7.442492722794441,2.913849,2530,7.835974581721566,823,6.714170529909472,866,6.7650389767805414,0.9503464203233256,2201,7.697121317282625,1.2893966022261276,0,1,0.6931471805599453,0.001,1.0,0.6931471805599453,2,2,1,2.5,1.25,426.75,2.0,0,0,1,1,1,0,1,0,0,0,1,0,0,0,0,0,0,0,0,0,0,0,0,0,1,0,0,0.0,7.442492722794441,0.0,0.0,0.0,0.0,0.0,0.0,0.0,0.0,0.0,0.0,0.0,0.0,0.0,7.697121317282625
565120,959000.0,2272,7.7284157798410416,5.161984,2911,7.976251943745623,639,6.461468176353717,852,6.748759547491679,0.75,8310,9.025335217553026,3.6575704225352115,0,84,4.442651256490317,7.056,84.0,4.442651256490317,3,3,1,3.5,1.1666666666666667,378.6666666666667,1.5,0,0,1,1,1,0,0,1,0,0,0,0,0,0,0,0,0,1,0,0,0,0,0,0,0,0,1,0.0,0.0,0.0,0.0,0.0,0.0,0.0,0.0,7.7284157798410416,0.0,0.0,0.0,0.0,0.0,0.0,9.025335217553026
565207,330000.0,1509,7.319202458767849,2.277081,1509,7.319202458767849,0,0.0,0,0.0,0.0,0,0.0,0.0,0,49,3.912023005428146,2.401,49.0,3.912023005428146,3,2,1,2.5,0.8333333333333334,301.8,2.0,1,0,0,0,0,0,0,0,0,0,0,0,1,0,0,0,0,0,0,0,0,0,0,1,0,0,0,0.0,0.0,0.0,7.319202458767849,0.0,0.0,0.0,0.0,0.0,0.0,0.0,0.0,0.0,7.319202458767849,3.912023005428146,0.0
565345,595715.0,2010,7.605890001053122,4.0401,2826,7.946617563244473,816,6.705639094860003,967,6.875232087276577,0.843846949327818,3161,8.058960017769417,1.572636815920398,0,0,0.0,0.0,0.0,0.0,2,3,1,3.5,1.75,402.0,2.0,0,0,1,1,1,0,1,0,0,0,1,0,0,0,0,0,0,0,0,0,0,0,1,0,0,0,0,0.0,7.605890001053122,0.0,0.0,0.0,0.0,0.0,0.0,0.0,0.0,0.0,0.0,0.0,0.0,0.0,8.058960017769417
565367,459908.0,1556,7.349873704738337,2.421136,1556,7.349873704738337,0,0.0,0,0.0,0.0,1405,7.2485040723706105,0.9029562982005142,0,1,0.6931471805599453,0.001,1.0,0.6931471805599453,2,2,1,2.5,1.25,389.0,3.0,0,0,1,0,0,0,1,0,0,0,1,0,0,0,0,0,0,0,0,0,0,0,0,1,0,0,0,0.0,7.349873704738337,0.0,0.0,0.0,0.0,0.0,0.0,0.0,0.0,0.0,0.0,0.0,0.0,0.0,7.2485040723706105
565579,809900.0,1893,7.545918151209323,3.583449,1893,7.545918151209323,0,0.0,0,0.0,0.0,1003,6.911747300251674,0.5298468040147913,0,14,2.70805020110221,0.196,14.0,2.70805020110221,2,3,0,3.0,1.5,378.6,3.0,0,0,1,0,0,0,0,0,0,0,0,0,0,0,0,0,0,0,0,0,1,0,0,0,1,0,0,0.0,0.0,0.0,0.0,0.0,0.0,0.0,0.0,0.0,0.0,0.0,7.545918151209323,0.0,0.0,0.0,6.911747300251674
565601,540000.0,3442,8.143807976771484,11.847364,3442,8.143807976771484,0,0.0,1480,7.300472814267799,0.0,6300,8.748463629942055,1.8303312027890761,0,8,2.1972245773362196,0.064,8.0,2.1972245773362196,3,3,0,3.0,1.0,573.6666666666666,1.5,0,0,1,1,0,0,0,0,0,0,0,0,0,0,0,0,0,0,0,0,0,0,0,0,0,0,1,0.0,0.0,0.0,0.0,0.0,0.0,0.0,0.0,0.0,0.0,0.0,0.0,0.0,0.0,0.0,8.748463629942055
565613,632000.0,821,6.710523109452428,0.674041,1601,7.3783837129967145,780,6.660575149839686,821,6.71174039505618,0.9500609013398295,6350,8.756367559802975,7.734470158343483,0,78,4.3694478524670215,6.084,1.0,0.6931471805599453,2,2,0,2.0,1.0,205.25,1.0,0,1,1,1,1,0,0,0,0,0,0,0,0,0,0,0,0,0,0,1,0,0,0,0,0,0,0,0.0,0.0,0.0,0.0,0.0,0.0,0.0,0.0,0.0,0.0,6.710523109452428,0.0,0.0,0.0,0.0,8.756367559802975
566703,362000.0,663,6.4967749901858625,0.439569,663,6.4967749901858625,0,0.0,0,0.0,0.0,0,0.0,0.0,0,1,0.6931471805599453,0.001,1.0,0.6931471805599453,0,1,0,1.0,1.0,663.0,1.0,1,0,0,0,0,0,1,0,1,0,0,1,0,0,0,0,0,0,0,0,0,0,0,0,1,0,0,0.0,0.0,6.4967749901858625,0.0,0.0,0.0,0.0,0.0,0.0,0.0,0.0,0.0,0.0,6.4967749901858625,0.6931471805599453,0.0
566725,820000.0,987,6.894670039433482,0.974169,987,6.894670039433482,0,0.0,0,0.0,0.0,0,0.0,0.0,0,2,1.0986122886681098,0.004,2.0,1.0986122886681098,1,1,1,1.5,1.5,493.5,1.0,1,0,0,0,0,0,0,0,0,0,0,0,0,0,0,0,0,0,0,0,1,0,0,0,1,0,0,0.0,0.0,0.0,0.0,0.0,0.0,0.0,0.0,0.0,0.0,0.0,6.894670039433482,0.0,6.894670039433482,1.0986122886681098,0.0
568204,525000.0,2314,7.746732907753622,5.354596,3258,8.08886878916199,944,6.851184927493743,1049,6.956545443151569,0.899904671115348,10200,9.23024103368252,4.407951598962835,0,46,3.8501476017100584,2.116,0.0,0.0,5,2,1,2.5,0.5,330.57142857142856,2.0,0,1,1,1,1,0,0,0,0,0,0,0,1,0,0,0,0,0,0,0,0,0,1,0,0,0,0,0.0,0.0,0.0,7.746732907753622,0.0,0.0,0.0,0.0,0.0,0.0,0.0,0.0,0.0,0.0,0.0,9.23024103368252
568247,467000.0,1412,7.252762418053187,1.993744,1412,7.252762418053187,0,0.0,0,0.0,0.0,6500,8.77971129020447,4.603399433427762,0,69,4.248495242049359,4.761,3.0,1.3862943611198906,4,2,0,2.0,0.5,235.33333333333334,1.0,0,1,1,0,0,0,0,0,0,0,0,0,0,0,0,0,0,1,0,0,0,0,0,0,0,0,0,0.0,0.0,0.0,0.0,0.0,0.0,0.0,0.0,7.252762418053187,0.0,0.0,0.0,0.0,0.0,0.0,8.77971129020447
568333,400000.0,1648,7.4073177104694174,2.715904,2319,7.7488913372555315,671,6.51025834052315,671,6.51025834052315,1.0,4849,8.48673398393153,2.942354368932039,0,5,1.791759469228055,0.025,5.0,1.791759469228055,3,3,1,3.5,1.1666666666666667,274.6666666666667,2.0,0,0,1,1,1,0,0,0,0,0,0,0,0,0,0,0,0,0,0,0,0,0,1,0,0,0,0,0.0,0.0,0.0,0.0,0.0,0.0,0.0,0.0,0.0,0.0,0.0,0.0,0.0,0.0,0.0,8.48673398393153
568557,354000.0,1185,7.077498053569231,1.404225,1185,7.077498053569231,0,0.0,0,0.0,0.0,2004,7.60339933974067,1.691139240506329,0,20,3.044522437723423,0.4,20.0,3.044522437723423,2,2,0,2.0,1.0,296.25,1.0,0,0,1,0,0,0,0,0,0,0,0,0,0,0,0,0,0,0,0,0,0,1,0,1,0,0,0,0.0,0.0,0.0,0.0,0.0,0.0,0.0,0.0,0.0,0.0,0.0,0.0,7.077498053569231,0.0,0.0,7.60339933974067
568604,172000.0,855,6.75110146893676,0.731025,855,6.75110146893676,0,0.0,0,0.0,0.0,0,0.0,0.0,0,50,3.9318256327243257,2.5,0.0,0.0,1,1,0,1.0,1.0,427.5,1.0,1,1,0,0,0,0,0,0,0,0,0,0,0,0,0,0,0,0,0,0,0,1,0,0,1,0,0,0.0,0.0,0.0,0.0,0.0,0.0,0.0,0.0,0.0,0.0,0.0,0.0,6.75110146893676,6.75110146893676,3.9318256327243257,0.0
568800,545000.0,650,6.476972362889683,0.4225,650,6.476972362889683,0,0.0,0,0.0,0.0,0,0.0,0.0,0,2,1.0986122886681098,0.004,2.0,1.0986122886681098,1,1,0,1.0,1.0,325.0,1.0,1,0,0,0,0,0,0,0,0,0,0,0,0,0,0,0,0,0,0,0,1,0,0,0,1,0,0,0.0,0.0,0.0,0.0,0.0,0.0,0.0,0.0,0.0,0.0,0.0,6.476972362889683,0.0,6.476972362889683,1.0986122886681098,0.0
569028,320000.0,1185,7.077498053569231,1.404225,1185,7.077498053569231,0,0.0,0,0.0,0.0,3800,8.24301946898925,3.2067510548523206,0,2,1.0986122886681098,0.004,2.0,1.0986122886681098,2,2,1,2.5,1.25,296.25,2.0,0,0,1,0,0,0,0,0,0,0,0,0,0,0,0,0,0,0,0,0,0,0,1,0,0,0,0,0.0,0.0,0.0,0.0,0.0,0.0,0.0,0.0,0.0,0.0,0.0,0.0,0.0,0.0,0.0,8.24301946898925
569333,395000.0,1436,7.269616749608169,2.062096,1436,7.269616749608169,0,0.0,0,0.0,0.0,3642,8.200562797008564,2.5362116991643453,0,9,2.302585092994046,0.081,9.0,2.302585092994046,2,2,1,2.5,1.25,359.0,2.0,0,0,1,0,0,0,0,0,0,0,1,0,0,0,0,0,0,0,0,0,0,0,0,1,0,0,0,0.0,7.269616749608169,0.0,0.0,0.0,0.0,0.0,0.0,0.0,0.0,0.0,0.0,0.0,0.0,0.0,8.200562797008564
569490,350000.0,687,6.532334292222349,0.471969,1101,7.00397413672268,414,6.028278520230698,436,6.07993319509559,0.9495412844036697,0,0.0,0.0,0,79,4.382026634673881,6.241,21.0,3.091042453358316,2,1,0,1.0,0.5,229.0,1.0,1,1,0,1,1,0,0,0,0,0,0,0,0,0,0,0,0,1,0,0,0,0,0,0,1,0,0,0.0,0.0,0.0,0.0,0.0,0.0,0.0,0.0,6.532334292222349,0.0,0.0,0.0,0.0,6.532334292222349,4.382026634673881,0.0
569948,549000.0,1280,7.154615356913663,1.6384,1280,7.154615356913663,0,0.0,0,0.0,0.0,0,0.0,0.0,0,1,0.6931471805599453,0.001,1.0,0.6931471805599453,2,1,1,1.5,0.75,426.6666666666667,2.0,1,0,0,0,0,0,1,0,0,0,0,1,0,0,0,0,0,0,0,0,0,0,0,0,1,0,0,0.0,0.0,7.154615356913663,0.0,0.0,0.0,0.0,0.0,0.0,0.0,0.0,0.0,0.0,7.154615356913663,0.6931471805599453,0.0
570783,949000.0,3302,8.102283624480073,10.903204,5118,8.540519016719735,1816,7.504942068396171,2018,7.610357618312838,0.8999008919722498,5047,8.52674740422105,1.5284675953967293,0,5,1.791759469228055,0.025,4.0,1.6094379124341003,4,4,1,4.5,1.125,412.75,2.0,0,1,1,1,1,0,0,0,0,0,1,0,0,0,0,0,0,0,0,0,0,0,1,0,0,0,0,0.0,8.102283624480073,0.0,0.0,0.0,0.0,0.0,0.0,0.0,0.0,0.0,0.0,0.0,0.0,0.0,8.52674740422105
570979,525000.0,2512,7.828834527588089,6.310144,3612,8.192016914536875,1100,7.00397413672268,1328,7.192182058713246,0.8283132530120482,3080,8.033009498596668,1.2261146496815287,0,44,3.8066624897703196,1.936,44.0,3.8066624897703196,3,3,0,3.0,1.0,418.6666666666667,2.0,0,0,1,1,1,0,0,0,0,0,0,0,0,1,0,0,0,0,0,0,0,0,0,0,1,0,0,0.0,0.0,0.0,0.0,7.828834527588089,0.0,0.0,0.0,0.0,0.0,0.0,0.0,0.0,0.0,0.0,8.033009498596668
571400,465000.0,1570,7.358830898342354,2.4649,1570,7.358830898342354,0,0.0,0,0.0,0.0,2600,7.8636512654486515,1.6560509554140128,0,14,2.70805020110221,0.196,14.0,2.70805020110221,3,2,1,2.5,0.8333333333333334,314.0,2.0,0,1,1,0,0,0,0,0,0,0,1,0,0,0,0,0,0,0,0,0,0,0,1,0,0,0,0,0.0,7.358830898342354,0.0,0.0,0.0,0.0,0.0,0.0,0.0,0.0,0.0,0.0,0.0,0.0,0.0,7.8636512654486515
571438,280000.0,928,6.833031732786201,0.861184,928,6.833031732786201,0,0.0,0,0.0,0.0,0,0.0,0.0,0,60,4.110873864173311,3.6,0.0,0.0,2,2,0,2.0,1.0,232.0,1.0,1,1,0,0,0,0,0,0,0,0,0,0,0,0,0,0,0,1,0,0,0,0,0,1,0,0,0,0.0,0.0,0.0,0.0,0.0,0.0,0.0,0.0,6.833031732786201,0.0,0.0,0.0,0.0,6.833031732786201,4.110873864173311,0.0
571785,269995.0,1060,6.966024187106113,1.1236,1450,7.27931883541462,390,5.968707559985366,530,6.274762021241939,0.7358490566037735,0,0.0,0.0,0,48,3.8918202981106265,2.304,48.0,3.8918202981106265,2,1,1,1.5,0.75,353.3333333333333,2.0,1,0,0,1,1,0,0,0,0,0,0,0,0,1,0,0,0,0,0,0,0,0,0,0,1,0,0,0.0,0.0,0.0,0.0,6.966024187106113,0.0,0.0,0.0,0.0,0.0,0.0,0.0,0.0,6.966024187106113,3.8918202981106265,0.0
571819,225500.0,1019,6.926577033222725,1.038361,1019,6.926577033222725,0,0.0,0,0.0,0.0,0,0.0,0.0,0,37,3.6375861597263857,1.369,13.0,2.6390573296152584,2,2,0,2.0,1.0,254.75,1.0,1,1,0,0,0,0,0,0,0,0,0,0,0,0,0,0,0,0,0,0,0,1,0,1,0,0,0,0.0,0.0,0.0,0.0,0.0,0.0,0.0,0.0,0.0,0.0,0.0,0.0,6.926577033222725,6.926577033222725,3.6375861597263857,0.0
572443,427650.0,928,6.833031732786201,0.861184,928,6.833031732786201,0,0.0,0,0.0,0.0,1039,6.946975992135418,1.1196120689655173,0,1,0.6931471805599453,0.001,1.0,0.6931471805599453,1,1,0,1.0,1.0,464.0,3.0,0,0,1,0,0,0,1,0,0,0,0,0,0,0,0,0,0,0,0,1,0,0,0,1,0,0,0,0.0,0.0,0.0,0.0,0.0,0.0,0.0,0.0,0.0,0.0,6.833031732786201,0.0,0.0,0.0,0.0,6.946975992135418
572445,430000.0,2387,7.77779262633883,5.697769,3368,8.122074375362217,981,6.889591308354466,1030,6.93828448401696,0.9524271844660194,4500,8.412054873292933,1.8852115626309174,0,12,2.5649493574615367,0.144,12.0,2.5649493574615367,4,3,1,3.5,0.875,341.0,2.0,0,0,1,1,1,0,0,0,0,0,0,0,0,0,0,0,0,0,0,0,0,0,1,0,0,0,0,0.0,0.0,0.0,0.0,0.0,0.0,0.0,0.0,0.0,0.0,0.0,0.0,0.0,0.0,0.0,8.412054873292933
573091,510000.0,1886,7.542213463193403,3.556996,1886,7.542213463193403,0,0.0,752,6.6240652277998935,0.0,5000,8.517393171418904,2.651113467656416,0,22,3.1354942159291497,0.484,5.0,1.791759469228055,3,2,1,2.5,0.8333333333333334,377.2,2.0,0,1,1,1,0,0,0,0,0,0,0,0,0,0,0,1,0,0,0,0,0,0,1,0,0,0,0,0.0,0.0,0.0,0.0,0.0,0.0,7.542213463193403,0.0,0.0,0.0,0.0,0.0,0.0,0.0,0.0,8.517393171418904
573106,185000.0,1720,7.450079569807499,2.9584,1720,7.450079569807499,0,0.0,0,0.0,0.0,0,0.0,0.0,0,46,3.8501476017100584,2.116,2.0,1.0986122886681098,2,2,0,2.0,1.0,430.0,1.0,1,1,0,0,0,0,0,0,0,0,0,0,1,0,0,0,0,0,0,0,0,0,0,1,0,0,0,0.0,0.0,0.0,7.450079569807499,0.0,0.0,0.0,0.0,0.0,0.0,0.0,0.0,0.0,7.450079569807499,3.8501476017100584,0.0
573191,143000.0,1138,7.037027614686276,1.295044,1138,7.037027614686276,0,0.0,0,0.0,0.0,0,0.0,0.0,0,47,3.871201010907891,2.209,0.0,0.0,2,2,0,2.0,1.0,284.5,2.0,1,1,0,0,0,0,0,0,0,0,0,0,1,0,0,0,0,0,0,0,0,0,0,1,0,0,0,0.0,0.0,0.0,7.037027614686276,0.0,0.0,0.0,0.0,0.0,0.0,0.0,0.0,0.0,7.037027614686276,3.871201010907891,0.0
573192,1000000.0,1797,7.493873886783559,3.229209,2270,7.727535110475448,473,6.161207321695077,496,6.208590026096629,0.9536290322580645,6250,8.740496729931813,3.4780189204229273,0,119,4.787491742782046,14.161,9.0,2.302585092994046,3,3,1,3.5,1.1666666666666667,299.5,2.0,0,1,1,1,1,0,0,1,0,0,0,0,0,0,1,0,0,0,0,0,0,0,1,0,0,0,0,0.0,0.0,0.0,0.0,0.0,7.493873886783559,0.0,0.0,0.0,0.0,0.0,0.0,0.0,0.0,0.0,8.740496729931813
573384,267985.0,1466,7.290292882446597,2.149156,1466,7.290292882446597,0,0.0,0,0.0,0.0,2294,7.738488122494646,1.5648021828103684,0,1,0.6931471805599453,0.001,1.0,0.6931471805599453,2,2,0,2.0,1.0,366.5,2.5,0,0,1,0,0,0,1,0,0,0,0,0,0,0,0,0,0,0,0,0,0,0,0,0,0,0,1,0.0,0.0,0.0,0.0,0.0,0.0,0.0,0.0,0.0,0.0,0.0,0.0,0.0,0.0,0.0,7.738488122494646
574000,272000.0,1345,7.20414929203594,1.809025,1345,7.20414929203594,0,0.0,0,0.0,0.0,1985,7.593877844605118,1.4758364312267658,0,17,2.8903717578961645,0.289,17.0,2.8903717578961645,2,2,1,2.5,1.25,336.25,2.0,0,0,1,0,0,0,0,0,0,0,0,0,0,0,0,0,1,0,0,0,0,0,0,0,1,0,0,0.0,0.0,0.0,0.0,0.0,0.0,0.0,7.20414929203594,0.0,0.0,0.0,0.0,0.0,0.0,0.0,7.593877844605118
574496,470000.0,3220,8.077136638538454,10.3684,3220,8.077136638538454,0,0.0,832,6.725033642166843,0.0,7452,8.916371914881694,2.3142857142857145,0,14,2.70805020110221,0.196,0.0,0.0,4,2,1,2.5,0.625,536.6666666666666,2.0,0,1,1,1,0,0,0,0,0,0,0,0,0,0,0,0,0,0,0,0,0,0,1,0,0,0,0,0.0,0.0,0.0,0.0,0.0,0.0,0.0,0.0,0.0,0.0,0.0,0.0,0.0,0.0,0.0,8.916371914881694
574912,593000.0,4179,8.337827262447915,17.464041,4179,8.337827262447915,0,0.0,1715,7.447751280047908,0.0,6600,8.79497643168877,1.5793251974156497,0,1,0.6931471805599453,0.001,1.0,0.6931471805599453,5,3,0,3.0,0.6,522.375,2.0,0,0,1,1,0,0,1,0,0,0,0,0,0,0,0,0,0,0,0,0,0,0,1,0,0,0,0,0.0,0.0,0.0,0.0,0.0,0.0,0.0,0.0,0.0,0.0,0.0,0.0,0.0,0.0,0.0,8.79497643168877
575625,576000.0,1439,7.271703706887368,2.070721,1439,7.271703706887368,0,0.0,0,0.0,0.0,5620,8.634264863002075,3.9054899235580263,0,72,4.290459441148391,5.184,17.0,2.8903717578961645,3,2,0,2.0,0.6666666666666666,287.8,1.0,0,1,1,0,0,0,0,0,0,0,0,0,0,0,0,0,0,0,0,1,0,0,0,0,0,0,0,0.0,0.0,0.0,0.0,0.0,0.0,0.0,0.0,0.0,0.0,7.271703706887368,0.0,0.0,0.0,0.0,8.634264863002075
575934,262143.0,1466,7.290292882446597,2.149156,1466,7.290292882446597,0,0.0,0,0.0,0.0,2881,7.966239776559467,1.965211459754434,0,1,0.6931471805599453,0.001,1.0,0.6931471805599453,3,2,0,2.0,0.6666666666666666,293.2,2.5,0,0,1,0,0,0,1,0,0,0,0,0,0,0,0,0,0,0,0,0,0,0,0,0,0,0,1,0.0,0.0,0.0,0.0,0.0,0.0,0.0,0.0,0.0,0.0,0.0,0.0,0.0,0.0,0.0,7.966239776559467
576804,435000.0,907,6.810142450115136,0.822649,1570,7.358830898342354,663,6.498282149476434,663,6.498282149476434,1.0,6000,8.699681400989514,6.615214994487321,0,77,4.356708826689592,5.929,77.0,4.356708826689592,2,1,0,1.0,0.5,302.3333333333333,1.0,0,0,1,1,1,0,0,0,0,0,0,0,0,0,0,0,0,0,0,1,0,0,0,0,0,0,0,0.0,0.0,0.0,0.0,0.0,0.0,0.0,0.0,0.0,0.0,6.810142450115136,0.0,0.0,0.0,0.0,8.699681400989514
576816,579000.0,902,6.804614520062624,0.813604,1325,7.1891677384203225,423,6.049733455231958,445,6.100318952020064,0.950561797752809,3968,8.286269452783065,4.399113082039912,0,96,4.574710978503383,9.216,5.0,1.791759469228055,2,2,0,2.0,1.0,225.5,1.0,0,1,1,1,1,0,0,1,0,0,0,0,0,0,1,0,0,0,0,0,0,0,0,1,0,0,0,0.0,0.0,0.0,0.0,0.0,6.804614520062624,0.0,0.0,0.0,0.0,0.0,0.0,0.0,0.0,0.0,8.286269452783065
576817,249900.0,1060,6.966024187106113,1.1236,1450,7.27931883541462,390,5.968707559985366,530,6.274762021241939,0.7358490566037735,0,0.0,0.0,0,49,3.912023005428146,2.401,49.0,3.912023005428146,2,1,1,1.5,0.75,353.3333333333333,2.0,1,0,0,1,1,0,0,0,0,0,0,0,0,1,0,0,0,0,0,0,0,0,0,0,1,0,0,0.0,0.0,0.0,0.0,6.966024187106113,0.0,0.0,0.0,0.0,0.0,0.0,0.0,0.0,6.966024187106113,3.912023005428146,0.0
577170,680000.0,984,6.891625897052253,0.968256,984,6.891625897052253,0,0.0,0,0.0,0.0,0,0.0,0.0,0,2,1.0986122886681098,0.004,2.0,1.0986122886681098,1,1,1,1.5,1.5,492.0,1.0,1,0,0,0,0,0,0,0,0,0,0,0,0,0,0,0,0,0,0,0,1,0,0,0,1,0,0,0.0,0.0,0.0,0.0,0.0,0.0,0.0,0.0,0.0,0.0,0.0,6.891625897052253,0.0,6.891625897052253,1.0986122886681098,0.0
577259,760000.0,3427,8.139440521874608,11.744329,4957,8.508555998020574,1530,7.333676395657684,1704,7.4413203897176174,0.897887323943662,8643,9.064620717626777,2.5220309308433033,0,22,3.1354942159291497,0.484,22.0,3.1354942159291497,5,4,1,4.5,0.9,380.77777777777777,2.0,0,0,1,1,1,0,0,0,0,0,0,0,0,0,0,1,0,0,0,0,0,0,1,0,0,0,0,0.0,0.0,0.0,0.0,0.0,0.0,8.139440521874608,0.0,0.0,0.0,0.0,0.0,0.0,0.0,0.0,9.064620717626777
577691,973539.0,3066,8.028129059431759,9.400356,3066,8.028129059431759,0,0.0,953,6.860663671448287,0.0,3162,8.059276223305648,1.0313111545988258,0,0,0.0,0.0,0.0,0.0,4,4,1,4.5,1.125,383.25,2.5,0,0,1,1,0,0,1,0,0,0,1,0,0,0,0,0,0,0,0,0,0,0,0,0,0,0,1,0.0,8.028129059431759,0.0,0.0,0.0,0.0,0.0,0.0,0.0,0.0,0.0,0.0,0.0,0.0,0.0,8.059276223305648
578315,630000.0,2125,7.661527081358517,4.515625,2900,7.9724660159745655,775,6.654152520183219,865,6.763884908562435,0.8959537572254336,13500,9.510519035757246,6.352941176470588,0,53,3.9889840465642745,2.809,8.0,2.1972245773362196,4,3,1,3.5,0.875,303.57142857142856,2.0,0,1,1,1,1,0,0,0,0,0,0,0,0,1,0,0,0,0,0,0,0,0,1,0,0,0,0,0.0,0.0,0.0,0.0,7.661527081358517,0.0,0.0,0.0,0.0,0.0,0.0,0.0,0.0,0.0,0.0,9.510519035757246
579104,468300.0,817,6.705639094860003,0.667489,1634,7.3987862754199485,817,6.706862336602747,817,6.706862336602747,1.0,5950,8.691314551644853,7.282741738066095,0,73,4.30406509320417,5.329,10.0,2.3978952727983707,2,1,1,1.5,0.75,272.3333333333333,1.0,0,1,1,1,1,0,0,0,0,0,0,0,0,0,0,0,0,0,1,0,0,0,0,0,0,0,0,0.0,0.0,0.0,0.0,0.0,0.0,0.0,0.0,0.0,6.705639094860003,0.0,0.0,0.0,0.0,0.0,8.691314551644853
581017,197500.0,641,6.46302945692067,0.410881,641,6.46302945692067,0,0.0,0,0.0,0.0,0,0.0,0.0,0,60,4.110873864173311,3.6,14.0,2.70805020110221,1,1,0,1.0,1.0,320.5,1.0,1,1,0,0,0,0,0,0,0,0,0,0,0,0,0,0,0,1,0,0,0,0,0,0,1,0,0,0.0,0.0,0.0,0.0,0.0,0.0,0.0,0.0,6.46302945692067,0.0,0.0,0.0,0.0,6.46302945692067,4.110873864173311,0.0
581607,373500.0,670,6.507277712385012,0.4489,670,6.507277712385012,0,0.0,0,0.0,0.0,1225,7.111512116496157,1.828358208955224,0,1,0.6931471805599453,0.001,1.0,0.6931471805599453,1,1,1,1.5,1.5,335.0,3.0,0,0,1,0,0,0,1,0,0,0,0,0,0,0,0,0,0,0,0,1,0,0,0,1,0,0,0,0.0,0.0,0.0,0.0,0.0,0.0,0.0,0.0,0.0,0.0,6.507277712385012,0.0,0.0,0.0,0.0,7.111512116496157
582772,414675.0,1656,7.412160334945205,2.742336,1656,7.412160334945205,0,0.0,1656,7.4127640174265625,0.0,4545,8.422003004412488,2.744565217391304,0,0,0.0,0.0,0.0,0.0,3,2,0,2.0,0.6666666666666666,331.2,1.0,0,0,1,1,0,0,1,0,0,0,0,0,0,0,0,0,0,0,0,0,0,0,0,0,0,0,0,0.0,0.0,0.0,0.0,0.0,0.0,0.0,0.0,0.0,0.0,0.0,0.0,0.0,0.0,0.0,8.422003004412488
583430,680000.0,1824,7.508787170634276,3.326976,1824,7.508787170634276,0,0.0,0,0.0,0.0,2267,7.7266536648476425,1.2428728070175439,0,1,0.6931471805599453,0.001,1.0,0.6931471805599453,3,3,1,3.5,1.1666666666666667,304.0,3.0,0,0,1,0,0,0,1,0,0,0,0,0,0,0,1,0,0,0,0,0,0,0,0,1,0,0,0,0.0,0.0,0.0,0.0,0.0,7.508787170634276,0.0,0.0,0.0,0.0,0.0,0.0,0.0,0.0,0.0,7.7266536648476425
583454,600000.0,1871,7.534228326274089,3.500641,2719,7.908019444632471,848,6.744059186311348,937,6.843749949006225,0.9050160085378869,3466,8.151044945685024,1.852485301977552,0,5,1.791759469228055,0.025,5.0,1.791759469228055,3,3,1,3.5,1.1666666666666667,311.8333333333333,2.0,0,0,1,1,1,0,0,0,0,0,1,0,0,0,0,0,0,0,0,0,0,0,1,0,0,0,0,0.0,7.534228326274089,0.0,0.0,0.0,0.0,0.0,0.0,0.0,0.0,0.0,0.0,0.0,0.0,0.0,8.151044945685024
584236,486900.0,1020,6.927557906278317,1.0404,1020,6.927557906278317,0,0.0,0,0.0,0.0,0,0.0,0.0,0,91,4.5217885770490405,8.281,18.0,2.9444389791664403,1,1,1,1.5,1.5,510.0,1.0,1,1,0,0,0,0,0,1,0,0,0,0,0,0,0,0,0,0,0,0,1,0,0,0,1,0,0,0.0,0.0,0.0,0.0,0.0,0.0,0.0,0.0,0.0,0.0,0.0,6.927557906278317,0.0,6.927557906278317,4.5217885770490405,0.0
584406,610000.0,1735,7.45876269238096,3.010225,2152,7.674152921281675,417,6.035481432524756,718,6.577861357721047,0.5807799442896936,11900,9.38437770918244,6.858789625360231,0,55,4.02535169073515,3.025,5.0,1.791759469228055,3,3,0,3.0,1.0,289.1666666666667,1.0,0,1,1,1,1,0,0,0,0,0,0,0,1,0,0,0,0,0,0,0,0,0,0,0,0,0,0,0.0,0.0,0.0,7.45876269238096,0.0,0.0,0.0,0.0,0.0,0.0,0.0,0.0,0.0,0.0,0.0,9.38437770918244
584639,393000.0,2671,7.890208213109961,7.134241,3847,8.255048902752295,1176,7.0707241072602764,1307,7.176254532017144,0.899770466717674,13961,9.544094632530348,5.22688131785848,0,51,3.9512437185814275,2.601,0.0,0.0,4,3,1,3.5,0.875,381.57142857142856,2.0,0,1,1,1,1,0,0,0,0,0,0,0,0,0,0,0,0,0,0,0,0,1,1,0,0,0,0,0.0,0.0,0.0,0.0,0.0,0.0,0.0,0.0,0.0,0.0,0.0,0.0,7.890208213109961,0.0,0.0,9.544094632530348
584841,190000.0,1200,7.090076835776092,1.44,1200,7.090076835776092,0,0.0,0,0.0,0.0,0,0.0,0.0,0,47,3.871201010907891,2.209,47.0,3.871201010907891,2,2,0,2.0,1.0,300.0,1.0,1,0,0,0,0,0,0,0,0,0,0,0,0,0,0,0,0,0,0,0,0,1,0,0,1,0,0,0.0,0.0,0.0,0.0,0.0,0.0,0.0,0.0,0.0,0.0,0.0,0.0,7.090076835776092,7.090076835776092,3.871201010907891,0.0
585024,305000.0,1181,7.074116816197362,1.394761,1181,7.074116816197362,0,0.0,0,0.0,0.0,3843,8.254268770090183,3.254022015241321,0,3,1.3862943611198906,0.009,3.0,1.3862943611198906,2,2,1,2.5,1.25,295.25,2.0,0,0,1,0,0,0,0,0,0,0,0,0,0,0,0,0,0,0,0,0,0,0,1,0,0,0,0,0.0,0.0,0.0,0.0,0.0,0.0,0.0,0.0,0.0,0.0,0.0,0.0,0.0,0.0,0.0,8.254268770090183
585435,710000.0,2208,7.699842407396986,4.875264,3128,8.048149101665201,920,6.825460036255307,1114,7.016609683894219,0.8258527827648114,3823,8.249052274171293,1.7314311594202898,0,4,1.6094379124341003,0.016,4.0,1.6094379124341003,4,4,0,4.0,1.0,276.0,2.0,0,0,1,1,1,0,0,0,0,0,1,0,0,0,0,0,0,0,0,0,0,0,1,0,0,0,0,0.0,7.699842407396986,0.0,0.0,0.0,0.0,0.0,0.0,0.0,0.0,0.0,0.0,0.0,0.0,0.0,8.249052274171293
585912,200000.0,1029,6.9363427358340495,1.058841,1029,6.9363427358340495,0,0.0,0,0.0,0.0,0,0.0,0.0,0,49,3.912023005428146,2.401,2.0,1.0986122886681098,2,2,0,2.0,1.0,257.25,1.0,1,1,0,0,0,0,0,0,0,0,0,0,1,0,0,0,0,0,0,0,0,0,0,1,0,0,0,0.0,0.0,0.0,6.9363427358340495,0.0,0.0,0.0,0.0,0.0,0.0,0.0,0.0,0.0,6.9363427358340495,3.912023005428146,0.0
586011,265000.0,695,6.543911845564792,0.483025,695,6.543911845564792,0,0.0,0,0.0,0.0,0,0.0,0.0,0,59,4.0943445622221,3.481,3.0,1.3862943611198906,1,1,0,1.0,1.0,347.5,1.0,1,1,0,0,0,0,0,0,0,1,0,0,0,0,0,0,0,0,0,0,0,0,0,0,1,0,0,6.543911845564792,0.0,0.0,0.0,0.0,0.0,0.0,0.0,0.0,0.0,0.0,0.0,0.0,6.543911845564792,4.0943445622221,0.0
586936,715000.0,1590,7.371489295214277,2.5281,1590,7.371489295214277,0,0.0,0,0.0,0.0,0,0.0,0.0,0,100,4.61512051684126,10.0,18.0,2.9444389791664403,1,2,0,2.0,2.0,530.0,1.0,1,1,0,0,0,0,0,1,0,0,0,0,0,0,0,0,0,0,0,0,1,0,0,0,1,0,0,0.0,0.0,0.0,0.0,0.0,0.0,0.0,0.0,0.0,0.0,0.0,7.371489295214277,0.0,7.371489295214277,4.61512051684126,0.0
587659,406500.0,2044,7.622663951323595,4.177936,2044,7.622663951323595,0,0.0,0,0.0,0.0,4500,8.412054873292933,2.2015655577299413,0,5,1.791759469228055,0.025,5.0,1.791759469228055,3,2,1,2.5,0.8333333333333334,408.8,1.5,0,0,1,0,0,0,0,0,0,0,0,0,0,0,0,0,0,0,0,0,0,0,0,0,0,0,1,0.0,0.0,0.0,0.0,0.0,0.0,0.0,0.0,0.0,0.0,0.0,0.0,0.0,0.0,0.0,8.412054873292933
587914,270000.0,1150,7.047517221357296,1.3225,1150,7.047517221357296,0,0.0,0,0.0,0.0,0,0.0,0.0,0,22,3.1354942159291497,0.484,22.0,3.1354942159291497,2,2,0,2.0,1.0,287.5,1.0,1,0,0,0,0,0,0,0,0,0,0,0,0,1,0,0,0,0,0,0,0,0,0,1,0,0,0,0.0,0.0,0.0,0.0,7.047517221357296,0.0,0.0,0.0,0.0,0.0,0.0,0.0,0.0,7.047517221357296,3.1354942159291497,0.0
588882,180000.0,1200,7.090076835776092,1.44,1200,7.090076835776092,0,0.0,0,0.0,0.0,0,0.0,0.0,0,49,3.912023005428146,2.401,49.0,3.912023005428146,2,2,0,2.0,1.0,300.0,1.0,1,0,0,0,0,0,0,0,0,0,0,0,0,0,0,0,0,0,0,0,0,1,0,0,1,0,0,0.0,0.0,0.0,0.0,0.0,0.0,0.0,0.0,0.0,0.0,0.0,0.0,7.090076835776092,7.090076835776092,3.912023005428146,0.0
589126,305325.0,1454,7.282073658093465,2.114116,1454,7.282073658093465,0,0.0,0,0.0,0.0,1400,7.244941546337007,0.9628610729023384,0,1,0.6931471805599453,0.001,1.0,0.6931471805599453,3,2,1,2.5,0.8333333333333334,290.8,2.0,0,0,1,0,0,0,1,0,0,0,0,0,0,0,0,0,0,0,0,0,0,0,0,0,1,0,0,0.0,0.0,0.0,0.0,0.0,0.0,0.0,0.0,0.0,0.0,0.0,0.0,0.0,0.0,0.0,7.244941546337007
589228,310630.0,1642,7.403670290012373,2.696164,1642,7.403670290012373,0,0.0,646,6.472346294500901,0.0,1258,7.138073034044347,0.7661388550548112,0,1,0.6931471805599453,0.001,1.0,0.6931471805599453,3,2,1,2.5,0.8333333333333334,328.4,2.0,0,0,1,1,0,0,1,0,0,0,0,0,0,0,0,0,0,0,0,0,0,0,0,0,1,0,0,0.0,0.0,0.0,0.0,0.0,0.0,0.0,0.0,0.0,0.0,0.0,0.0,0.0,0.0,0.0,7.138073034044347
589612,373000.0,1364,7.218176838403408,1.860496,1970,7.585788821732034,606,6.408528791059498,638,6.459904454377535,0.9498432601880877,1584,7.368339686311381,1.1612903225806452,0,38,3.6635616461296463,1.444,19.0,2.995732273553991,2,1,2,2.0,1.0,454.6666666666667,2.0,0,1,1,1,1,0,0,0,0,0,0,0,1,0,0,0,0,0,0,0,0,0,0,0,1,0,0,0.0,0.0,0.0,7.218176838403408,0.0,0.0,0.0,0.0,0.0,0.0,0.0,0.0,0.0,0.0,0.0,7.368339686311381
589644,700000.0,1605,7.380879035564116,2.576025,1605,7.380879035564116,0,0.0,0,0.0,0.0,3125,8.047509510981422,1.9470404984423677,0,130,4.875197323201151,16.9,3.0,1.3862943611198906,3,1,1,1.5,0.5,401.25,2.0,0,1,1,0,0,0,0,1,0,0,0,1,0,0,0,0,0,0,0,0,0,0,1,0,0,0,0,0.0,0.0,7.380879035564116,0.0,0.0,0.0,0.0,0.0,0.0,0.0,0.0,0.0,0.0,0.0,0.0,8.047509510981422
590250,322500.0,665,6.499787040655854,0.442225,665,6.499787040655854,0,0.0,0,0.0,0.0,0,0.0,0.0,0,35,3.58351893845611,1.225,13.0,2.6390573296152584,1,1,0,1.0,1.0,332.5,1.0,1,1,0,0,0,0,0,0,0,0,0,1,0,0,0,0,0,0,0,0,0,0,0,0,1,0,0,0.0,0.0,6.499787040655854,0.0,0.0,0.0,0.0,0.0,0.0,0.0,0.0,0.0,0.0,6.499787040655854,3.58351893845611,0.0
590701,665000.0,1828,7.510977752014095,3.341584,1828,7.510977752014095,0,0.0,0,0.0,0.0,1043,6.950814768442584,0.5705689277899344,0,6,1.9459101490553132,0.036,6.0,1.9459101490553132,2,2,1,2.5,1.25,457.0,3.0,0,0,1,0,0,0,0,0,0,0,0,0,0,0,0,0,0,0,0,1,0,0,0,0,1,0,0,0.0,0.0,0.0,0.0,0.0,0.0,0.0,0.0,0.0,0.0,7.510977752014095,0.0,0.0,0.0,0.0,6.950814768442584
590748,421000.0,1625,7.393263094763838,2.640625,1625,7.393263094763838,0,0.0,0,0.0,0.0,6687,8.808070154764538,4.1150769230769235,0,38,3.6635616461296463,1.444,1.0,0.6931471805599453,3,2,0,2.0,0.6666666666666666,325.0,2.0,0,1,1,0,0,0,0,0,0,0,0,0,0,0,0,1,0,0,0,0,0,0,1,0,0,0,0,0.0,0.0,0.0,0.0,0.0,0.0,7.393263094763838,0.0,0.0,0.0,0.0,0.0,0.0,0.0,0.0,8.808070154764538
591533,98500.0,1200,7.090076835776092,1.44,1200,7.090076835776092,0,0.0,0,0.0,0.0,0,0.0,0.0,0,50,3.9318256327243257,2.5,50.0,3.9318256327243257,2,2,0,2.0,1.0,300.0,1.0,1,0,0,0,0,0,0,0,0,0,0,0,0,0,0,0,0,0,0,0,0,1,0,0,1,0,0,0.0,0.0,0.0,0.0,0.0,0.0,0.0,0.0,0.0,0.0,0.0,0.0,7.090076835776092,7.090076835776092,3.9318256327243257,0.0
591940,750000.0,801,6.68586094706836,0.641601,801,6.68586094706836,0,0.0,0,0.0,0.0,0,0.0,0.0,0,2,1.0986122886681098,0.004,2.0,1.0986122886681098,1,1,0,1.0,1.0,400.5,1.0,1,0,0,0,0,0,0,0,0,0,0,0,0,0,0,0,0,0,0,0,1,0,0,0,1,0,0,0.0,0.0,0.0,0.0,0.0,0.0,0.0,0.0,0.0,0.0,0.0,6.68586094706836,0.0,6.68586094706836,1.0986122886681098,0.0
592598,558500.0,2358,7.765569081097317,5.560164,2358,7.765569081097317,0,0.0,0,0.0,0.0,2809,7.940939762327791,1.1912637828668362,0,3,1.3862943611198906,0.009,3.0,1.3862943611198906,3,3,1,3.5,1.1666666666666667,393.0,3.0,0,0,1,0,0,0,0,0,0,0,1,0,0,0,0,0,0,0,0,0,0,0,0,1,0,0,0,0.0,7.765569081097317,0.0,0.0,0.0,0.0,0.0,0.0,0.0,0.0,0.0,0.0,0.0,0.0,0.0,7.940939762327791
592893,388000.0,1279,7.153833801578843,1.635841,1279,7.153833801578843,0,0.0,0,0.0,0.0,1116,7.018401799069201,0.872556684910086,0,10,2.3978952727983707,0.1,10.0,2.3978952727983707,2,2,0,2.0,1.0,319.75,2.0,0,0,1,0,0,0,0,0,0,0,1,0,0,0,0,0,0,0,0,0,0,0,0,1,0,0,0,0.0,7.153833801578843,0.0,0.0,0.0,0.0,0.0,0.0,0.0,0.0,0.0,0.0,0.0,0.0,0.0,7.018401799069201
593014,515000.0,1483,7.301822342137932,2.199289,2707,7.903596289614301,1224,7.110696122978827,1224,7.110696122978827,1.0,12500,9.433563920090563,8.428860418071476,0,56,4.04305126783455,3.136,4.0,1.6094379124341003,3,3,0,3.0,1.0,247.16666666666666,1.0,0,1,1,1,1,0,0,0,0,0,0,0,0,1,0,0,0,0,0,0,0,0,0,0,0,0,0,0.0,0.0,0.0,0.0,7.301822342137932,0.0,0.0,0.0,0.0,0.0,0.0,0.0,0.0,0.0,0.0,9.433563920090563
593210,350000.0,1534,7.335633981927201,2.353156,1534,7.335633981927201,0,0.0,600,6.398594934535208,0.0,1757,7.471932078245122,1.1453715775749673,0,1,0.6931471805599453,0.001,1.0,0.6931471805599453,3,2,1,2.5,0.8333333333333334,306.8,2.0,0,0,1,1,0,0,1,0,0,0,0,0,0,0,0,0,0,0,0,0,0,0,0,1,0,0,0,0.0,0.0,0.0,0.0,0.0,0.0,0.0,0.0,0.0,0.0,0.0,0.0,0.0,0.0,0.0,7.471932078245122
593232,1150000.0,1400,7.24422751560335,1.96,1400,7.24422751560335,0,0.0,0,0.0,0.0,0,0.0,0.0,0,2,1.0986122886681098,0.004,2.0,1.0986122886681098,2,2,0,2.0,1.0,350.0,1.0,1,0,0,0,0,0,0,0,0,0,0,0,0,0,0,0,0,0,0,0,1,0,0,0,1,0,0,0.0,0.0,0.0,0.0,0.0,0.0,0.0,0.0,0.0,0.0,0.0,7.24422751560335,0.0,7.24422751560335,1.0986122886681098,0.0
593998,606950.0,1122,7.022868086082641,1.258884,1122,7.022868086082641,0,0.0,0,0.0,0.0,0,0.0,0.0,0,16,2.833213344056216,0.256,16.0,2.833213344056216,2,2,0,2.0,1.0,280.5,1.0,1,0,0,0,0,0,0,0,0,0,0,0,0,0,0,0,0,0,0,0,1,0,0,1,0,0,0,0.0,0.0,0.0,0.0,0.0,0.0,0.0,0.0,0.0,0.0,0.0,7.022868086082641,0.0,7.022868086082641,2.833213344056216,0.0
594478,354950.0,1866,7.531552381407289,3.481956,1866,7.531552381407289,0,0.0,0,0.0,0.0,3541,8.17244681834278,1.897642015005359,0,1,0.6931471805599453,0.001,1.0,0.6931471805599453,4,2,1,2.5,0.625,311.0,2.0,0,0,1,0,0,0,1,0,0,0,0,0,0,0,0,0,0,0,0,0,0,0,0,1,0,0,0,0.0,0.0,0.0,0.0,0.0,0.0,0.0,0.0,0.0,0.0,0.0,0.0,0.0,0.0,0.0,8.17244681834278
595176,513422.0,1355,7.2115567333138015,1.836025,2115,7.656810091480378,760,6.634633357861686,909,6.813444599510896,0.8360836083608361,3474,8.153349757998892,2.5638376383763837,0,0,0.0,0.0,0.0,0.0,2,3,0,3.0,1.5,271.0,1.0,0,0,1,1,1,0,1,0,0,0,1,0,0,0,0,0,0,0,0,0,0,0,0,1,0,0,0,0.0,7.2115567333138015,0.0,0.0,0.0,0.0,0.0,0.0,0.0,0.0,0.0,0.0,0.0,0.0,0.0,8.153349757998892
595462,390999.0,1019,6.926577033222725,1.038361,1899,7.549082710812286,880,6.78105762593618,931,6.837332814685591,0.9452201933404941,6000,8.699681400989514,5.888125613346418,0,41,3.7376696182833684,1.681,2.0,1.0986122886681098,3,2,0,2.0,0.6666666666666666,203.8,1.0,0,1,1,1,1,0,0,0,0,0,0,0,0,0,0,1,0,0,0,0,0,0,0,0,0,0,0,0.0,0.0,0.0,0.0,0.0,0.0,6.926577033222725,0.0,0.0,0.0,0.0,0.0,0.0,0.0,0.0,8.699681400989514
596169,589900.0,989,6.8966943316227125,0.978121,1978,7.589841512182657,989,6.897704943128636,989,6.897704943128636,1.0,7180,8.879193928110318,7.259858442871588,0,71,4.276666119016055,5.041,0.0,0.0,2,3,0,3.0,1.5,197.8,1.0,0,1,1,1,1,0,0,0,0,0,0,0,0,0,0,0,0,0,1,0,0,0,0,0,0,0,0,0.0,0.0,0.0,0.0,0.0,0.0,0.0,0.0,0.0,6.8966943316227125,0.0,0.0,0.0,0.0,0.0,8.879193928110318
597156,624900.0,1579,7.364547014255642,2.493241,1579,7.364547014255642,0,0.0,0,0.0,0.0,0,0.0,0.0,0,6,1.9459101490553132,0.036,6.0,1.9459101490553132,2,2,1,2.5,1.25,394.75,4.0,1,0,0,0,0,0,0,0,0,0,0,0,0,0,1,0,0,0,0,0,0,0,0,0,1,0,0,0.0,0.0,0.0,0.0,0.0,7.364547014255642,0.0,0.0,0.0,0.0,0.0,0.0,0.0,7.364547014255642,1.9459101490553132,0.0
598004,842500.0,3264,8.090708716083997,10.653696,4524,8.41715183723601,1260,7.13966033596492,1400,7.244941546337007,0.9,11370,9.338821533624722,3.483455882352941,0,19,2.995732273553991,0.361,19.0,2.995732273553991,4,4,1,4.5,1.125,408.0,2.0,0,0,1,1,1,0,0,0,0,0,0,0,0,0,0,1,0,0,0,0,0,0,1,0,0,0,0,0.0,0.0,0.0,0.0,0.0,0.0,8.090708716083997,0.0,0.0,0.0,0.0,0.0,0.0,0.0,0.0,9.338821533624722
598030,1175000.0,2420,7.791522819150732,5.8564,2420,7.791522819150732,0,0.0,0,0.0,0.0,3299,8.101677747454572,1.3632231404958677,0,6,1.9459101490553132,0.036,6.0,1.9459101490553132,5,4,1,4.5,0.9,268.8888888888889,3.0,0,0,1,0,0,0,0,0,0,0,0,0,0,0,1,0,0,0,0,0,0,0,0,1,0,0,0,0.0,0.0,0.0,0.0,0.0,7.791522819150732,0.0,0.0,0.0,0.0,0.0,0.0,0.0,0.0,0.0,8.101677747454572
598298,415000.0,1445,7.275864600546533,2.088025,1883,7.5406215286571525,438,6.0844994130751715,710,6.566672429803241,0.6169014084507042,8117,9.001839097398843,5.617301038062283,0,39,3.6888794541139363,1.521,39.0,3.6888794541139363,3,3,1,3.5,1.1666666666666667,240.83333333333334,2.0,0,0,1,1,1,0,0,0,0,0,0,0,0,0,0,1,0,0,0,0,0,0,1,0,0,0,0,0.0,0.0,0.0,0.0,0.0,0.0,7.275864600546533,0.0,0.0,0.0,0.0,0.0,0.0,0.0,0.0,9.001839097398843
598678,678000.0,1224,7.1098794630722715,1.498176,1805,7.498315870766981,581,6.366470447731438,612,6.418364935936212,0.9493464052287581,2840,7.951911381854188,2.320261437908497,0,129,4.867534450455582,16.641,4.0,1.6094379124341003,2,3,1,3.5,1.75,244.8,2.0,0,1,1,1,1,0,0,1,0,0,0,1,0,0,0,0,0,0,0,0,0,0,0,1,0,0,0,0.0,0.0,7.1098794630722715,0.0,0.0,0.0,0.0,0.0,0.0,0.0,0.0,0.0,0.0,0.0,0.0,7.951911381854188
598755,400000.0,1220,7.106606137727303,1.4884,1220,7.106606137727303,0,0.0,0,0.0,0.0,0,0.0,0.0,0,68,4.23410650459726,4.624,14.0,2.70805020110221,2,2,0,2.0,1.0,305.0,1.0,1,1,0,0,0,0,0,0,0,1,0,0,0,0,0,0,0,0,0,0,0,0,0,1,0,0,0,7.106606137727303,0.0,0.0,0.0,0.0,0.0,0.0,0.0,0.0,0.0,0.0,0.0,0.0,7.106606137727303,4.23410650459726,0.0
599540,735000.0,1537,7.337587743538596,2.362369,2767,7.925518979786926,1230,7.115582126184454,1537,7.338238150065589,0.8002602472348731,5950,8.691314551644853,3.871177618737801,0,93,4.543294782270004,8.649,5.0,1.791759469228055,2,2,0,2.0,1.0,384.25,1.0,0,1,1,1,1,0,0,1,0,0,0,0,0,0,0,0,0,0,1,0,0,0,0,0,0,0,0,0.0,0.0,0.0,0.0,0.0,0.0,0.0,0.0,0.0,7.337587743538596,0.0,0.0,0.0,0.0,0.0,8.691314551644853
600010,583900.0,2417,7.790282380703483,5.841889,2417,7.790282380703483,0,0.0,1278,7.153833801578843,0.0,4674,8.449984441722787,1.9338022341745966,0,21,3.091042453358316,0.441,21.0,3.091042453358316,3,3,0,3.0,1.0,402.8333333333333,2.0,0,0,1,1,0,0,0,0,0,0,0,0,0,0,0,0,0,0,0,0,0,1,1,0,0,0,0,0.0,0.0,0.0,0.0,0.0,0.0,0.0,0.0,0.0,0.0,0.0,0.0,7.790282380703483,0.0,0.0,8.449984441722787
600101,355000.0,1725,7.45298232946546,2.975625,2523,7.833203948641057,798,6.683360945766275,840,6.734591659972948,0.95,7848,8.968141414126814,4.549565217391304,0,38,3.6635616461296463,1.444,8.0,2.1972245773362196,3,2,1,2.5,0.8333333333333334,345.0,2.0,0,1,1,1,1,0,0,0,0,0,0,0,0,0,0,0,1,0,0,0,0,0,1,0,0,0,0,0.0,0.0,0.0,0.0,0.0,0.0,0.0,7.45298232946546,0.0,0.0,0.0,0.0,0.0,0.0,0.0,8.968141414126814
602023,1293768.0,3080,8.03268487596762,9.4864,3080,8.03268487596762,0,0.0,1442,7.274479558773871,0.0,5115,8.540128162698734,1.6607142857142858,0,0,0.0,0.0,0.0,0.0,4,3,1,3.5,0.875,440.0,2.0,0,0,1,1,0,0,1,0,0,0,1,0,0,0,0,0,0,0,0,0,0,0,1,0,0,0,0,0.0,8.03268487596762,0.0,0.0,0.0,0.0,0.0,0.0,0.0,0.0,0.0,0.0,0.0,0.0,0.0,8.540128162698734
602245,369375.0,2027,7.614312146452,4.108729,2027,7.614312146452,0,0.0,0,0.0,0.0,3328,8.110427237575024,1.6418352244696597,0,0,0.0,0.0,0.0,0.0,4,2,1,2.5,0.625,337.8333333333333,2.0,0,0,1,0,0,0,1,0,0,0,0,0,0,0,0,0,0,0,0,0,0,0,1,0,0,0,0,0.0,0.0,0.0,0.0,0.0,0.0,0.0,0.0,0.0,0.0,0.0,0.0,0.0,0.0,0.0,8.110427237575024
602321,748440.0,1355,7.2115567333138015,1.836025,2115,7.656810091480378,760,6.634633357861686,909,6.813444599510896,0.8360836083608361,3519,8.166216268592143,2.597047970479705,0,0,0.0,0.0,0.0,0.0,2,3,0,3.0,1.5,271.0,1.0,0,0,1,1,1,0,1,0,0,0,1,0,0,0,0,0,0,0,0,0,0,0,0,1,0,0,0,0.0,7.2115567333138015,0.0,0.0,0.0,0.0,0.0,0.0,0.0,0.0,0.0,0.0,0.0,0.0,0.0,8.166216268592143
602488,255000.0,974,6.881411303642535,0.948676,974,6.881411303642535,0,0.0,0,0.0,0.0,0,0.0,0.0,0,32,3.4965075614664802,1.024,2.0,1.0986122886681098,2,1,0,1.0,0.5,324.6666666666667,1.0,1,1,0,0,0,0,0,0,0,0,0,0,0,0,0,1,0,0,0,0,0,0,0,1,0,0,0,0.0,0.0,0.0,0.0,0.0,0.0,6.881411303642535,0.0,0.0,0.0,0.0,0.0,0.0,6.881411303642535,3.4965075614664802,0.0
602508,260000.0,1054,6.960347729101308,1.110916,1054,6.960347729101308,0,0.0,0,0.0,0.0,0,0.0,0.0,0,57,4.060443010546419,3.249,4.0,1.6094379124341003,2,2,0,2.0,1.0,263.5,1.0,1,1,0,0,0,0,0,0,0,0,0,0,0,0,0,0,0,1,0,0,0,0,0,1,0,0,0,0.0,0.0,0.0,0.0,0.0,0.0,0.0,0.0,6.960347729101308,0.0,0.0,0.0,0.0,6.960347729101308,4.060443010546419,0.0
602783,950000.0,1182,7.074963197966044,1.397124,1182,7.074963197966044,0,0.0,0,0.0,0.0,0,0.0,0.0,0,2,1.0986122886681098,0.004,2.0,1.0986122886681098,2,2,0,2.0,1.0,295.5,1.0,1,0,0,0,0,0,0,0,0,0,0,0,0,0,0,0,0,0,0,0,1,0,0,1,0,0,0,0.0,0.0,0.0,0.0,0.0,0.0,0.0,0.0,0.0,0.0,0.0,7.074963197966044,0.0,7.074963197966044,1.0986122886681098,0.0
602812,377000.0,2024,7.6128310304073565,4.096576,2429,7.795234929002173,405,6.0063531596017325,810,6.698268054115413,0.5,8080,8.997270906233448,3.992094861660079,0,35,3.58351893845611,1.225,35.0,3.58351893845611,3,2,1,2.5,0.8333333333333334,404.8,2.0,0,0,1,1,1,0,0,0,0,0,0,0,0,0,0,0,0,0,0,0,0,0,1,0,0,0,0,0.0,0.0,0.0,0.0,0.0,0.0,0.0,0.0,0.0,0.0,0.0,0.0,0.0,0.0,0.0,8.997270906233448
603165,540000.0,1172,7.066466970136958,1.373584,1722,7.451241684987676,550,6.311734809152915,550,6.311734809152915,1.0,10200,9.23024103368252,8.703071672354948,550,48,3.8918202981106265,2.304,0.0,0.0,3,3,0,3.0,1.0,195.33333333333334,1.0,0,1,1,1,1,1,0,0,0,0,0,0,1,0,0,0,0,0,0,0,0,0,0,0,0,1,0,0.0,0.0,0.0,7.066466970136958,0.0,0.0,0.0,0.0,0.0,0.0,0.0,0.0,0.0,0.0,0.0,9.23024103368252
604436,640000.0,1465,7.289610521451167,2.146225,1465,7.289610521451167,0,0.0,0,0.0,0.0,1013,6.921658184151129,0.6914675767918089,0,4,1.6094379124341003,0.016,4.0,1.6094379124341003,2,2,1,2.5,1.25,366.25,3.0,0,0,1,0,0,0,0,0,0,0,0,0,0,0,1,0,0,0,0,0,0,0,0,0,1,0,0,0.0,0.0,0.0,0.0,0.0,7.289610521451167,0.0,0.0,0.0,0.0,0.0,0.0,0.0,0.0,0.0,6.921658184151129
604631,275000.0,1340,7.200424892944957,1.7956,1340,7.200424892944957,0,0.0,0,0.0,0.0,0,0.0,0.0,0,45,3.828641396489095,2.025,45.0,3.828641396489095,2,2,0,2.0,1.0,335.0,1.0,1,0,0,0,0,0,0,0,0,0,0,0,0,1,0,0,0,0,0,0,0,0,0,1,0,0,0,0.0,0.0,0.0,0.0,7.200424892944957,0.0,0.0,0.0,0.0,0.0,0.0,0.0,0.0,7.200424892944957,3.828641396489095,0.0
604979,520000.0,913,6.816735880594968,0.833569,913,6.816735880594968,0,0.0,0,0.0,0.0,0,0.0,0.0,0,124,4.8283137373023015,15.376,3.0,1.3862943611198906,1,1,0,1.0,1.0,456.5,1.0,1,1,0,0,0,0,0,1,0,0,0,0,0,0,0,0,0,0,0,0,1,0,0,0,1,0,0,0.0,0.0,0.0,0.0,0.0,0.0,0.0,0.0,0.0,0.0,0.0,6.816735880594968,0.0,6.816735880594968,4.8283137373023015,0.0
605369,299000.0,472,6.156978985585555,0.222784,472,6.156978985585555,0,0.0,0,0.0,0.0,0,0.0,0.0,0,1,0.6931471805599453,0.001,1.0,0.6931471805599453,0,1,0,1.0,1.0,472.0,1.0,1,0,0,0,0,0,1,0,1,0,0,0,0,0,1,0,0,0,0,0,0,0,0,0,1,0,0,0.0,0.0,0.0,0.0,0.0,6.156978985585555,0.0,0.0,0.0,0.0,0.0,0.0,0.0,6.156978985585555,0.6931471805599453,0.0
605412,856995.0,2494,7.821643126239982,6.220036,3828,8.250097752572845,1334,7.19668657083435,2494,7.822044008185619,0.5348837209302325,5557,8.62299361030245,2.2281475541299116,0,0,0.0,0.0,0.0,0.0,3,3,1,3.5,1.1666666666666667,415.6666666666667,1.0,0,0,1,1,1,0,1,0,0,0,1,0,0,0,0,0,0,0,0,0,0,0,0,0,0,0,0,0.0,7.821643126239982,0.0,0.0,0.0,0.0,0.0,0.0,0.0,0.0,0.0,0.0,0.0,0.0,0.0,8.62299361030245
606288,545000.0,1452,7.280697195384741,2.108304,1638,7.401231264413015,186,5.231108616854587,633,6.452048954437226,0.2938388625592417,2350,7.762596048540069,1.618457300275482,0,113,4.736198448394496,12.769,13.0,2.6390573296152584,2,1,1,1.5,0.75,484.0,2.0,0,1,1,1,1,0,0,1,0,1,0,0,0,0,0,0,0,0,0,0,0,0,0,1,0,0,0,7.280697195384741,0.0,0.0,0.0,0.0,0.0,0.0,0.0,0.0,0.0,0.0,0.0,0.0,0.0,0.0,7.762596048540069
606291,329000.0,1300,7.170119543449628,1.69,1300,7.170119543449628,0,0.0,0,0.0,0.0,3000,8.006700845440367,2.3076923076923075,0,19,2.995732273553991,0.361,10.0,2.3978952727983707,3,2,0,2.0,0.6666666666666666,260.0,2.0,0,1,1,0,0,0,0,0,0,0,0,0,0,0,0,0,0,0,0,0,0,0,1,0,0,0,0,0.0,0.0,0.0,0.0,0.0,0.0,0.0,0.0,0.0,0.0,0.0,0.0,0.0,0.0,0.0,8.006700845440367
606614,270000.0,920,6.824373670043086,0.8464,920,6.824373670043086,0,0.0,0,0.0,0.0,6500,8.77971129020447,7.065217391304348,920,48,3.8918202981106265,2.304,48.0,3.8918202981106265,2,2,0,2.0,1.0,230.0,1.0,0,0,1,0,0,1,0,0,0,0,0,0,0,0,0,0,1,0,0,0,0,0,0,0,0,1,0,0.0,0.0,0.0,0.0,0.0,0.0,0.0,6.824373670043086,0.0,0.0,0.0,0.0,0.0,0.0,0.0,8.77971129020447
607272,389900.0,1364,7.218176838403408,1.860496,1702,7.43955930913332,338,5.82600010738045,638,6.459904454377535,0.5297805642633229,1584,7.368339686311381,1.1612903225806452,0,38,3.6635616461296463,1.444,5.0,1.791759469228055,3,2,1,2.5,0.8333333333333334,272.8,2.0,0,1,1,1,1,0,0,0,0,0,0,0,1,0,0,0,0,0,0,0,0,0,0,0,1,0,0,0.0,0.0,0.0,7.218176838403408,0.0,0.0,0.0,0.0,0.0,0.0,0.0,0.0,0.0,0.0,0.0,7.368339686311381
607276,322175.0,1642,7.403670290012373,2.696164,1642,7.403670290012373,0,0.0,0,0.0,0.0,2197,7.6953031349635665,1.3380024360535931,0,1,0.6931471805599453,0.001,1.0,0.6931471805599453,2,2,1,2.5,1.25,410.5,2.0,0,0,1,0,0,0,1,0,0,0,0,0,0,0,0,0,0,0,0,0,0,0,0,1,0,0,0,0.0,0.0,0.0,0.0,0.0,0.0,0.0,0.0,0.0,0.0,0.0,0.0,0.0,0.0,0.0,7.6953031349635665
607528,625000.0,1994,7.597897950521784,3.976036,2995,8.00469951054955,1001,6.90975328164481,1112,7.014814351275545,0.9001798561151079,10800,9.287394001418473,5.4162487462387165,0,43,3.784189633918261,1.849,1.0,0.6931471805599453,3,2,1,2.5,0.8333333333333334,398.8,1.0,0,1,1,1,1,0,0,0,0,0,0,0,0,1,0,0,0,0,0,0,0,0,0,0,0,0,0,0.0,0.0,0.0,0.0,7.597897950521784,0.0,0.0,0.0,0.0,0.0,0.0,0.0,0.0,0.0,0.0,9.287394001418473
608172,525000.0,1544,7.342131730584722,2.383936,2744,7.917171988845776,1200,7.0909098220799835,1301,7.171656822768514,0.9223674096848578,6250,8.740496729931813,4.0479274611398965,0,73,4.30406509320417,5.329,0.0,0.0,3,2,1,2.5,0.8333333333333334,308.8,1.0,0,1,1,1,1,0,0,0,0,0,0,0,0,0,0,0,0,0,1,0,0,0,0,0,0,0,0,0.0,0.0,0.0,0.0,0.0,0.0,0.0,0.0,0.0,7.342131730584722,0.0,0.0,0.0,0.0,0.0,8.740496729931813
608178,1350000.0,2769,7.926241523170962,7.667361,2769,7.926241523170962,0,0.0,0,0.0,0.0,0,0.0,0.0,0,12,2.5649493574615367,0.144,12.0,2.5649493574615367,3,3,1,3.5,1.1666666666666667,461.5,2.0,1,0,0,0,0,0,0,0,0,0,0,1,0,0,0,0,0,0,0,0,0,0,0,1,0,0,0,0.0,0.0,7.926241523170962,0.0,0.0,0.0,0.0,0.0,0.0,0.0,0.0,0.0,0.0,7.926241523170962,2.5649493574615367,0.0
608301,387720.0,1862,7.529406457837013,3.467044,1862,7.529406457837013,0,0.0,744,6.61338421837956,0.0,3200,8.071218539969863,1.7185821697099892,0,0,0.0,0.0,0.0,0.0,4,2,0,2.0,0.5,310.3333333333333,2.0,0,0,1,1,0,0,1,0,0,0,0,0,0,0,0,0,0,0,0,0,0,0,1,0,0,0,0,0.0,0.0,0.0,0.0,0.0,0.0,0.0,0.0,0.0,0.0,0.0,0.0,0.0,0.0,0.0,8.071218539969863
609175,1200000.0,1400,7.24422751560335,1.96,1400,7.24422751560335,0,0.0,0,0.0,0.0,0,0.0,0.0,0,2,1.0986122886681098,0.004,2.0,1.0986122886681098,2,2,0,2.0,1.0,350.0,1.0,1,0,0,0,0,0,0,0,0,0,0,0,0,0,0,0,0,0,0,0,1,0,0,0,1,0,0,0.0,0.0,0.0,0.0,0.0,0.0,0.0,0.0,0.0,0.0,0.0,7.24422751560335,0.0,7.24422751560335,1.0986122886681098,0.0
609223,335000.0,1216,7.103322062526113,1.478656,1216,7.103322062526113,0,0.0,0,0.0,0.0,0,0.0,0.0,0,16,2.833213344056216,0.256,3.0,1.3862943611198906,3,1,1,1.5,0.5,304.0,1.0,1,1,0,0,0,0,0,0,0,0,1,0,0,0,0,0,0,0,0,0,0,0,0,1,0,0,0,0.0,7.103322062526113,0.0,0.0,0.0,0.0,0.0,0.0,0.0,0.0,0.0,0.0,0.0,7.103322062526113,2.833213344056216,0.0
610093,349500.0,1935,7.5678626054638825,3.744225,1935,7.5678626054638825,0,0.0,0,0.0,0.0,3042,8.02059914989697,1.572093023255814,0,5,1.791759469228055,0.025,5.0,1.791759469228055,3,2,1,2.5,0.8333333333333334,387.0,2.5,0,0,1,0,0,0,0,0,0,0,0,0,0,0,0,0,0,0,0,0,0,0,0,0,0,0,1,0.0,0.0,0.0,0.0,0.0,0.0,0.0,0.0,0.0,0.0,0.0,0.0,0.0,0.0,0.0,8.02059914989697
610256,1350000.0,4281,8.361941906144946,18.326961,5807,8.66681936537205,1526,7.3310603052186325,1908,7.554334823725748,0.79979035639413,8525,9.050875597325156,1.991357159542163,0,14,2.70805020110221,0.196,4.0,1.6094379124341003,4,6,1,6.5,1.625,428.1,2.0,0,1,1,1,1,0,0,0,0,0,1,0,0,0,0,0,0,0,0,0,0,0,1,0,0,0,0,0.0,8.361941906144946,0.0,0.0,0.0,0.0,0.0,0.0,0.0,0.0,0.0,0.0,0.0,0.0,0.0,9.050875597325156
610287,506500.0,712,6.568077911411976,0.506944,712,6.568077911411976,0,0.0,0,0.0,0.0,0,0.0,0.0,0,1,0.6931471805599453,0.001,1.0,0.6931471805599453,1,1,0,1.0,1.0,356.0,1.0,1,0,0,0,0,0,1,0,0,0,0,0,0,0,1,0,0,0,0,0,0,0,0,0,1,0,0,0.0,0.0,0.0,0.0,0.0,6.568077911411976,0.0,0.0,0.0,0.0,0.0,0.0,0.0,6.568077911411976,0.6931471805599453,0.0
610387,335000.0,666,6.501289670540389,0.443556,666,6.501289670540389,0,0.0,0,0.0,0.0,0,0.0,0.0,0,65,4.189654742026425,4.225,18.0,2.9444389791664403,2,1,0,1.0,0.5,222.0,1.0,1,1,0,0,0,0,0,0,0,0,0,0,0,0,1,0,0,0,0,0,0,0,0,1,0,0,0,0.0,0.0,0.0,0.0,0.0,6.501289670540389,0.0,0.0,0.0,0.0,0.0,0.0,0.0,6.501289670540389,4.189654742026425,0.0
610998,379900.0,1508,7.318539548567902,2.274064,2865,7.9603236291488395,1357,7.213768308118642,1508,7.319202458767849,0.899867374005305,7004,8.854379458771108,4.644562334217507,0,32,3.4965075614664802,1.024,0.0,0.0,2,2,0,2.0,1.0,377.0,1.0,0,1,1,1,1,0,0,0,0,0,0,0,1,0,0,0,0,0,0,0,0,0,0,0,0,0,0,0.0,0.0,0.0,7.318539548567902,0.0,0.0,0.0,0.0,0.0,0.0,0.0,0.0,0.0,0.0,0.0,8.854379458771108
611235,636000.0,3688,8.212839584676484,13.601344,5053,8.527737405291909,1365,7.2196420401307355,1617,7.388946097618437,0.8441558441558441,8000,8.987321812850125,2.1691973969631237,0,0,0.0,0.0,0.0,0.0,5,4,1,4.5,0.9,409.77777777777777,2.0,0,0,1,1,1,0,1,0,0,0,1,0,0,0,0,0,0,0,0,0,0,0,1,0,0,0,0,0.0,8.212839584676484,0.0,0.0,0.0,0.0,0.0,0.0,0.0,0.0,0.0,0.0,0.0,0.0,0.0,8.987321812850125
611857,685000.0,2064,7.6324011266014535,4.260096,2873,7.96311205897929,809,6.697034247666484,0,0.0,0.0,7110,8.869398159883518,3.4447674418604652,852,68,4.23410650459726,4.624,5.0,1.791759469228055,2,2,0,2.0,1.0,516.0,1.0,0,1,1,0,1,1,0,0,0,0,0,0,0,0,0,0,0,0,0,1,0,0,1,0,0,0,0,0.0,0.0,0.0,0.0,0.0,0.0,0.0,0.0,0.0,0.0,7.6324011266014535,0.0,0.0,0.0,0.0,8.869398159883518
612192,175000.0,1200,7.090076835776092,1.44,1200,7.090076835776092,0,0.0,0,0.0,0.0,0,0.0,0.0,0,56,4.04305126783455,3.136,0.0,0.0,2,2,0,2.0,1.0,300.0,1.0,1,1,0,0,0,0,0,0,0,0,0,0,0,0,0,0,0,0,0,0,0,1,0,0,1,0,0,0.0,0.0,0.0,0.0,0.0,0.0,0.0,0.0,0.0,0.0,0.0,0.0,7.090076835776092,7.090076835776092,4.04305126783455,0.0
612271,213000.0,1105,7.007600613951853,1.221025,1105,7.007600613951853,0,0.0,0,0.0,0.0,0,0.0,0.0,0,36,3.6109179126442243,1.296,36.0,3.6109179126442243,2,2,0,2.0,1.0,276.25,1.0,1,0,0,0,0,0,0,0,0,0,0,0,0,0,0,1,0,0,0,0,0,0,0,1,0,0,0,0.0,0.0,0.0,0.0,0.0,0.0,7.007600613951853,0.0,0.0,0.0,0.0,0.0,0.0,7.007600613951853,3.6109179126442243,0.0
614070,345000.0,1858,7.527255919373784,3.452164,1858,7.527255919373784,0,0.0,0,0.0,0.0,5461,8.60557030203365,2.9391819160387516,0,15,2.772588722239781,0.225,15.0,2.772588722239781,3,2,1,2.5,0.8333333333333334,371.6,2.0,0,0,1,0,0,0,0,0,0,0,0,0,0,0,0,0,0,0,0,0,0,0,1,0,0,0,0,0.0,0.0,0.0,0.0,0.0,0.0,0.0,0.0,0.0,0.0,0.0,0.0,0.0,0.0,0.0,8.60557030203365
614084,360000.0,948,6.854354502255021,0.898704,948,6.854354502255021,0,0.0,0,0.0,0.0,0,0.0,0.0,0,17,2.8903717578961645,0.289,17.0,2.8903717578961645,2,2,0,2.0,1.0,237.0,1.0,1,0,0,0,0,0,0,0,0,0,1,0,0,0,0,0,0,0,0,0,0,0,0,1,0,0,0,0.0,6.854354502255021,0.0,0.0,0.0,0.0,0.0,0.0,0.0,0.0,0.0,0.0,0.0,6.854354502255021,2.8903717578961645,0.0
614233,252000.0,1034,6.9411900550683745,1.069156,1034,6.9411900550683745,0,0.0,0,0.0,0.0,0,0.0,0.0,0,32,3.4965075614664802,1.024,0.0,0.0,2,2,0,2.0,1.0,258.5,1.0,1,1,0,0,0,0,0,0,0,0,0,0,0,0,0,1,0,0,0,0,0,0,0,0,1,0,0,0.0,0.0,0.0,0.0,0.0,0.0,6.9411900550683745,0.0,0.0,0.0,0.0,0.0,0.0,6.9411900550683745,3.4965075614664802,0.0
614962,325000.0,1064,6.96979066990159,1.132096,2096,7.647786045440933,1032,6.940222469119639,1064,6.970730078143525,0.9699248120300752,6200,8.732465848349879,5.827067669172933,0,50,3.9318256327243257,2.5,50.0,3.9318256327243257,3,3,0,3.0,1.0,177.33333333333334,1.0,0,0,1,1,1,0,0,0,0,0,0,0,0,0,0,0,1,0,0,0,0,0,0,0,0,0,0,0.0,0.0,0.0,0.0,0.0,0.0,0.0,6.96979066990159,0.0,0.0,0.0,0.0,0.0,0.0,0.0,8.732465848349879
614977,390000.0,844,6.738152494595957,0.712336,844,6.738152494595957,0,0.0,0,0.0,0.0,0,0.0,0.0,0,16,2.833213344056216,0.256,16.0,2.833213344056216,1,1,0,1.0,1.0,422.0,1.0,1,0,0,0,0,0,0,0,0,0,0,0,0,0,0,0,0,0,0,0,1,0,0,0,1,0,0,0.0,0.0,0.0,0.0,0.0,0.0,0.0,0.0,0.0,0.0,0.0,6.738152494595957,0.0,6.738152494595957,2.833213344056216,0.0
615212,400000.0,1182,7.074963197966044,1.397124,1182,7.074963197966044,0,0.0,0,0.0,0.0,0,0.0,0.0,0,118,4.77912349311153,13.924,11.0,2.4849066497880004,2,2,0,2.0,1.0,295.5,2.0,1,1,0,0,0,0,0,1,0,0,0,1,0,0,0,0,0,0,0,0,0,0,0,1,0,0,0,0.0,0.0,7.074963197966044,0.0,0.0,0.0,0.0,0.0,0.0,0.0,0.0,0.0,0.0,7.074963197966044,4.77912349311153,0.0
615393,890000.0,1085,6.98933526597456,1.177225,1085,6.98933526597456,0,0.0,0,0.0,0.0,0,0.0,0.0,0,2,1.0986122886681098,0.004,2.0,1.0986122886681098,2,2,0,2.0,1.0,271.25,1.0,1,0,0,0,0,0,0,0,0,0,0,0,0,0,0,0,0,0,0,0,1,0,0,1,0,0,0,0.0,0.0,0.0,0.0,0.0,0.0,0.0,0.0,0.0,0.0,0.0,6.98933526597456,0.0,6.98933526597456,1.0986122886681098,0.0
615456,327000.0,1402,7.2456550675945355,1.965604,1402,7.2456550675945355,0,0.0,0,0.0,0.0,2800,7.937731775260109,1.9971469329529243,0,13,2.6390573296152584,0.169,13.0,2.6390573296152584,3,2,0,2.0,0.6666666666666666,280.4,2.0,0,0,1,0,0,0,0,0,0,0,0,0,0,0,0,0,0,0,0,0,0,0,1,0,0,0,0,0.0,0.0,0.0,0.0,0.0,0.0,0.0,0.0,0.0,0.0,0.0,0.0,0.0,0.0,0.0,7.937731775260109
615698,577794.0,3668,8.207401833376355,13.454224,5022,8.52158353971753,1354,7.2115567333138015,1425,7.262628600974241,0.9501754385964912,7547,8.92903790648844,2.05752453653217,0,1,0.6931471805599453,0.001,1.0,0.6931471805599453,4,4,1,4.5,1.125,458.5,1.5,0,0,1,1,1,0,1,0,0,0,0,0,0,0,0,0,0,0,0,0,0,0,0,0,0,0,1,0.0,0.0,0.0,0.0,0.0,0.0,0.0,0.0,0.0,0.0,0.0,0.0,0.0,0.0,0.0,8.92903790648844
616318,470500.0,1156,7.052721049232323,1.336336,2254,7.720461694599722,1098,7.002155954403621,1156,7.053585727193677,0.9498269896193772,6250,8.740496729931813,5.406574394463668,0,83,4.430816798843313,6.889,83.0,4.430816798843313,2,3,0,3.0,1.5,231.2,1.0,0,0,1,1,1,0,0,1,0,0,0,0,0,0,0,0,0,1,0,0,0,0,0,0,0,0,0,0.0,0.0,0.0,0.0,0.0,0.0,0.0,0.0,7.052721049232323,0.0,0.0,0.0,0.0,0.0,0.0,8.740496729931813
617118,620000.0,1561,7.353081920515432,2.436721,1561,7.353081920515432,0,0.0,0,0.0,0.0,0,0.0,0.0,0,124,4.8283137373023015,15.376,124.0,4.8283137373023015,2,2,0,2.0,1.0,390.25,1.0,1,0,0,0,0,0,0,1,0,0,0,0,0,0,0,0,0,0,0,0,1,0,0,0,1,0,0,0.0,0.0,0.0,0.0,0.0,0.0,0.0,0.0,0.0,0.0,0.0,7.353081920515432,0.0,7.353081920515432,4.8283137373023015,0.0
617566,214000.0,782,6.661854740545311,0.611524,782,6.661854740545311,0,0.0,0,0.0,0.0,0,0.0,0.0,0,37,3.6375861597263857,1.369,37.0,3.6375861597263857,1,1,0,1.0,1.0,391.0,1.0,1,0,0,0,0,0,0,0,0,0,0,0,1,0,0,0,0,0,0,0,0,0,0,1,0,0,0,0.0,0.0,0.0,6.661854740545311,0.0,0.0,0.0,0.0,0.0,0.0,0.0,0.0,0.0,6.661854740545311,3.6375861597263857,0.0
617680,190000.0,608,6.410174881966167,0.369664,608,6.410174881966167,0,0.0,0,0.0,0.0,0,0.0,0.0,0,36,3.6109179126442243,1.296,2.0,1.0986122886681098,1,1,0,1.0,1.0,304.0,1.0,1,1,0,0,0,0,0,0,0,0,0,0,0,0,0,1,0,0,0,0,0,0,0,0,1,0,0,0.0,0.0,0.0,0.0,0.0,0.0,6.410174881966167,0.0,0.0,0.0,0.0,0.0,0.0,6.410174881966167,3.6109179126442243,0.0
618241,785000.0,2278,7.731053144007127,5.189284,2765,7.9247959139564355,487,6.1903154058531475,649,6.476972362889683,0.7503852080123267,6630,8.799510901368867,2.91044776119403,0,113,4.736198448394496,12.769,7.0,2.0794415416798357,4,3,0,3.0,0.75,325.42857142857144,2.0,0,1,1,1,1,0,0,1,0,0,0,0,0,0,0,0,0,1,0,0,0,0,1,0,0,0,0,0.0,0.0,0.0,0.0,0.0,0.0,0.0,0.0,7.731053144007127,0.0,0.0,0.0,0.0,0.0,0.0,8.799510901368867
618327,329376.0,1729,7.455298485683291,2.989441,1729,7.455298485683291,0,0.0,0,0.0,0.0,2250,7.719129840906732,1.3013302486986698,0,2,1.0986122886681098,0.004,2.0,1.0986122886681098,3,2,1,2.5,0.8333333333333334,345.8,2.0,0,0,1,0,0,0,0,0,0,0,0,0,0,0,0,0,0,0,0,0,0,0,0,0,1,0,0,0.0,0.0,0.0,0.0,0.0,0.0,0.0,0.0,0.0,0.0,0.0,0.0,0.0,0.0,0.0,7.719129840906732
618910,715000.0,1760,7.473069088032197,3.0976,1760,7.473069088032197,0,0.0,241,5.488937726156687,0.0,4000,8.294299608857235,2.272727272727273,0,128,4.859812404361672,16.384,5.0,1.791759469228055,3,2,1,2.5,0.8333333333333334,352.0,1.5,0,1,1,1,0,0,0,1,0,1,0,0,0,0,0,0,0,0,0,0,0,0,0,0,0,0,1,7.473069088032197,0.0,0.0,0.0,0.0,0.0,0.0,0.0,0.0,0.0,0.0,0.0,0.0,0.0,0.0,8.294299608857235
619009,410000.0,682,6.525029657843462,0.465124,682,6.525029657843462,0,0.0,0,0.0,0.0,0,0.0,0.0,0,14,2.70805020110221,0.196,14.0,2.70805020110221,1,1,0,1.0,1.0,341.0,1.0,1,0,0,0,0,0,0,0,0,0,0,0,0,0,0,0,0,0,0,0,1,0,0,0,1,0,0,0.0,0.0,0.0,0.0,0.0,0.0,0.0,0.0,0.0,0.0,0.0,6.525029657843462,0.0,6.525029657843462,2.70805020110221,0.0
619823,260100.0,1499,7.312553498102598,2.247001,2267,7.726212650507529,768,6.645090969505644,1092,6.996681488176539,0.7032967032967034,7300,8.895766604056085,4.869913275517011,0,46,3.8501476017100584,2.116,46.0,3.8501476017100584,3,3,0,3.0,1.0,249.83333333333334,1.0,0,0,1,1,1,0,0,0,0,0,0,0,0,0,0,0,1,0,0,0,0,0,0,0,0,0,0,0.0,0.0,0.0,0.0,0.0,0.0,0.0,7.312553498102598,0.0,0.0,0.0,0.0,0.0,0.0,0.0,8.895766604056085
620829,915000.0,2344,7.759614150696903,5.494336,2763,7.924072324923417,419,6.040254711277414,519,6.253828811575473,0.8073217726396917,6250,8.740496729931813,2.666382252559727,0,115,4.7535901911063645,13.225,12.0,2.5649493574615367,3,2,1,2.5,0.8333333333333334,468.8,2.0,0,1,1,1,1,0,0,1,0,1,0,0,0,0,0,0,0,0,0,0,0,0,1,0,0,0,0,7.759614150696903,0.0,0.0,0.0,0.0,0.0,0.0,0.0,0.0,0.0,0.0,0.0,0.0,0.0,0.0,8.740496729931813
620988,516500.0,1074,6.97914527506881,1.153476,1295,7.166265974133638,221,5.402677381872279,315,5.755742213586912,0.7015873015873015,4340,8.375860015299594,4.04096834264432,0,119,4.787491742782046,14.161,0.0,0.0,2,1,0,1.0,0.5,358.0,1.5,0,1,1,1,1,0,0,1,0,0,0,0,0,0,1,0,0,0,0,0,0,0,0,0,0,0,1,0.0,0.0,0.0,0.0,0.0,6.97914527506881,0.0,0.0,0.0,0.0,0.0,0.0,0.0,0.0,0.0,8.375860015299594
621107,425000.0,828,6.71901315438526,0.685584,1128,7.028201432058005,300,5.707110264748875,517,6.249975242259483,0.5802707930367504,5190,8.55468163582723,6.268115942028985,0,95,4.564348191467836,9.025,95.0,4.564348191467836,2,2,0,2.0,1.0,207.0,1.0,0,0,1,1,1,0,0,1,0,0,0,0,0,0,0,0,0,0,0,1,0,0,0,0,0,0,0,0.0,0.0,0.0,0.0,0.0,0.0,0.0,0.0,0.0,0.0,6.71901315438526,0.0,0.0,0.0,0.0,8.55468163582723
621202,518000.0,1202,7.091742115095153,1.444804,1202,7.091742115095153,0,0.0,0,0.0,0.0,0,0.0,0.0,0,12,2.5649493574615367,0.144,12.0,2.5649493574615367,2,2,0,2.0,1.0,300.5,1.0,1,0,0,0,0,0,0,0,0,0,0,1,0,0,0,0,0,0,0,0,0,0,0,1,0,0,0,0.0,0.0,7.091742115095153,0.0,0.0,0.0,0.0,0.0,0.0,0.0,0.0,0.0,0.0,7.091742115095153,2.5649493574615367,0.0
621255,300000.0,958,6.86484777797086,0.917764,1569,7.358193752733032,611,6.416732282512326,764,6.639875833826536,0.7997382198952879,1020,6.928537818164665,1.0647181628392484,0,37,3.6375861597263857,1.369,37.0,3.6375861597263857,1,2,0,2.0,2.0,319.3333333333333,2.0,0,0,1,1,1,0,0,0,0,0,0,0,1,0,0,0,0,0,0,0,0,0,0,1,0,0,0,0.0,0.0,0.0,6.86484777797086,0.0,0.0,0.0,0.0,0.0,0.0,0.0,0.0,0.0,0.0,0.0,6.928537818164665
621918,569795.0,1411,7.252053951852814,1.990921,1411,7.252053951852814,0,0.0,0,0.0,0.0,973,6.881411303642535,0.6895818568391212,0,3,1.3862943611198906,0.009,3.0,1.3862943611198906,2,2,1,2.5,1.25,352.75,3.0,0,0,1,0,0,0,0,0,0,0,0,1,0,0,0,0,0,0,0,0,0,0,0,0,1,0,0,0.0,0.0,7.252053951852814,0.0,0.0,0.0,0.0,0.0,0.0,0.0,0.0,0.0,0.0,0.0,0.0,6.881411303642535
622603,679500.0,1440,7.272398392570047,2.0736,1880,7.539027055823995,440,6.089044875446846,720,6.580639137284949,0.6111111111111112,3120,8.045908742270779,2.1666666666666665,0,115,4.7535901911063645,13.225,0.0,0.0,3,1,1,1.5,0.5,360.0,1.5,0,1,1,1,1,0,0,1,0,1,0,0,0,0,0,0,0,0,0,0,0,0,0,0,0,0,1,7.272398392570047,0.0,0.0,0.0,0.0,0.0,0.0,0.0,0.0,0.0,0.0,0.0,0.0,0.0,0.0,8.045908742270779
623089,296000.0,961,6.8679744089702925,0.923521,961,6.8679744089702925,0,0.0,0,0.0,0.0,5210,8.558527054909215,5.421436004162331,250,36,3.6109179126442243,1.296,36.0,3.6109179126442243,3,1,0,1.0,0.3333333333333333,240.25,1.0,0,0,1,0,0,1,0,0,0,0,0,0,0,0,0,0,1,0,0,0,0,0,0,0,0,1,0,0.0,0.0,0.0,0.0,0.0,0.0,0.0,6.8679744089702925,0.0,0.0,0.0,0.0,0.0,0.0,0.0,8.558527054909215
624193,425000.0,1746,7.465082736399547,3.048516,2698,7.900266036767701,952,6.859614903654202,952,6.859614903654202,1.0,2790,7.934155233536322,1.597938144329897,0,43,3.784189633918261,1.849,0.0,0.0,1,2,1,2.5,2.5,582.0,2.0,0,1,1,1,1,0,0,0,0,0,0,0,0,0,0,1,0,0,0,0,0,0,0,0,1,0,0,0.0,0.0,0.0,0.0,0.0,0.0,7.465082736399547,0.0,0.0,0.0,0.0,0.0,0.0,0.0,0.0,7.934155233536322
624559,182000.0,1142,7.040536390215956,1.304164,1142,7.040536390215956,0,0.0,0,0.0,0.0,0,0.0,0.0,0,46,3.8501476017100584,2.116,0.0,0.0,2,1,1,1.5,0.75,380.6666666666667,2.0,1,1,0,0,0,0,0,0,0,0,0,0,0,0,0,0,0,0,0,0,0,1,0,1,0,0,0,0.0,0.0,0.0,0.0,0.0,0.0,0.0,0.0,0.0,0.0,0.0,0.0,7.040536390215956,7.040536390215956,3.8501476017100584,0.0
624994,580000.0,1480,7.299797366758161,2.1904,1480,7.299797366758161,0,0.0,0,0.0,0.0,975,6.883462586413092,0.6587837837837838,0,2,1.0986122886681098,0.004,2.0,1.0986122886681098,3,3,1,3.5,1.1666666666666667,246.66666666666666,3.0,0,0,1,0,0,0,0,0,0,0,0,0,0,0,0,0,0,0,0,1,0,0,0,0,1,0,0,0.0,0.0,0.0,0.0,0.0,0.0,0.0,0.0,0.0,0.0,7.299797366758161,0.0,0.0,0.0,0.0,6.883462586413092
625288,862512.0,3287,8.097730573664219,10.804369,4578,8.429017500512511,1291,7.163946684342547,1621,7.3914152346753585,0.796421961752005,7977,8.984443032465352,2.4268329783997564,0,0,0.0,0.0,0.0,0.0,4,4,1,4.5,1.125,410.875,2.0,0,0,1,1,1,0,1,0,0,0,1,0,0,0,0,0,0,0,0,0,0,0,1,0,0,0,0,0.0,8.097730573664219,0.0,0.0,0.0,0.0,0.0,0.0,0.0,0.0,0.0,0.0,0.0,0.0,0.0,8.984443032465352
625552,629900.0,1920,7.560080465021827,3.6864,2546,7.842278779117352,626,6.440946540632921,882,6.78332520060396,0.7097505668934241,3270,8.092851027538384,1.703125,0,3,1.3862943611198906,0.009,3.0,1.3862943611198906,3,3,1,3.5,1.1666666666666667,320.0,2.0,0,0,1,1,1,0,0,0,0,0,1,0,0,0,0,0,0,0,0,0,0,0,1,0,0,0,0,0.0,7.560080465021827,0.0,0.0,0.0,0.0,0.0,0.0,0.0,0.0,0.0,0.0,0.0,0.0,0.0,8.092851027538384
625633,587854.0,2118,7.658227526161352,4.485924,2118,7.658227526161352,0,0.0,1036,6.9440872082295275,0.0,3381,8.126222529458525,1.5963172804532577,0,0,0.0,0.0,0.0,0.0,2,2,1,2.5,1.25,529.5,2.0,0,0,1,1,0,0,1,0,0,0,1,0,0,0,0,0,0,0,0,0,0,0,0,1,0,0,0,0.0,7.658227526161352,0.0,0.0,0.0,0.0,0.0,0.0,0.0,0.0,0.0,0.0,0.0,0.0,0.0,8.126222529458525
626039,417000.0,1789,7.489412083508719,3.200521,2675,7.891704659330107,886,6.787844982309579,912,6.816735880594968,0.9714912280701754,4992,8.51579221050061,2.790385690329793,0,16,2.833213344056216,0.256,0.0,0.0,3,3,1,3.5,1.1666666666666667,298.1666666666667,2.0,0,1,1,1,1,0,0,0,0,0,0,0,0,0,0,0,0,0,0,0,0,0,1,0,0,0,0,0.0,0.0,0.0,0.0,0.0,0.0,0.0,0.0,0.0,0.0,0.0,0.0,0.0,0.0,0.0,8.51579221050061
626782,1000000.0,2656,7.884576510596324,7.054336,3092,8.036573409707312,436,6.07993319509559,536,6.285998094508865,0.8134328358208955,4000,8.294299608857235,1.5060240963855422,0,0,0.0,0.0,0.0,0.0,3,3,2,4.0,1.3333333333333333,442.6666666666667,2.5,0,0,1,1,1,0,1,0,0,0,1,0,0,0,0,0,0,0,0,0,0,0,0,0,0,0,1,0.0,7.884576510596324,0.0,0.0,0.0,0.0,0.0,0.0,0.0,0.0,0.0,0.0,0.0,0.0,0.0,8.294299608857235
626901,1238800.0,4447,8.399984990510696,19.775809,6040,8.706159290928861,1593,7.374001859350161,2011,7.60688453121963,0.792143212332173,6000,8.699681400989514,1.3492241960872497,0,1,0.6931471805599453,0.001,1.0,0.6931471805599453,5,5,1,5.5,1.1,444.7,2.0,0,1,1,1,1,0,1,0,0,0,1,0,0,0,0,0,0,0,0,0,0,0,1,0,0,0,0,0.0,8.399984990510696,0.0,0.0,0.0,0.0,0.0,0.0,0.0,0.0,0.0,0.0,0.0,0.0,0.0,8.699681400989514
626988,1297250.0,3721,8.221747728346623,13.845841,5375,8.589513852995864,1654,7.411556287811163,1954,7.578145472419466,0.8464687819856704,7716,8.951180966457603,2.073636119322763,0,13,2.6390573296152584,0.169,11.0,2.4849066497880004,4,5,1,5.5,1.375,413.44444444444446,2.0,0,1,1,1,1,0,0,0,0,0,1,0,0,0,0,0,0,0,0,0,0,0,1,0,0,0,0,0.0,8.221747728346623,0.0,0.0,0.0,0.0,0.0,0.0,0.0,0.0,0.0,0.0,0.0,0.0,0.0,8.951180966457603
627443,922878.0,2310,7.745002803515839,5.3361,3120,8.045588280803528,810,6.698268054115413,1215,7.103322062526113,0.6666666666666666,4185,8.339500903005945,1.8116883116883118,0,0,0.0,0.0,0.0,0.0,3,3,1,3.5,1.1666666666666667,385.0,2.0,0,0,1,1,1,0,1,0,0,0,1,0,0,0,0,0,0,0,0,0,0,0,1,0,0,0,0,0.0,7.745002803515839,0.0,0.0,0.0,0.0,0.0,0.0,0.0,0.0,0.0,0.0,0.0,0.0,0.0,8.339500903005945
627820,311000.0,1164,7.059617628291383,1.354896,1164,7.059617628291383,0,0.0,0,0.0,0.0,5871,8.677950570294351,5.043814432989691,0,19,2.995732273553991,0.361,19.0,2.995732273553991,3,2,0,2.0,0.6666666666666666,232.8,1.0,0,1,1,0,0,0,0,0,0,0,0,0,0,0,0,0,0,0,0,0,0,0,0,0,0,0,0,0.0,0.0,0.0,0.0,0.0,0.0,0.0,0.0,0.0,0.0,0.0,0.0,0.0,0.0,0.0,8.677950570294351
630158,350000.0,1407,7.249215057114389,1.979649,1407,7.249215057114389,0,0.0,0,0.0,0.0,3441,8.143807976771484,2.4456289978678036,0,2,1.0986122886681098,0.004,2.0,1.0986122886681098,2,2,0,2.0,1.0,351.75,2.0,0,0,1,0,0,0,0,0,0,0,0,0,0,0,0,0,0,0,0,0,0,0,1,0,0,0,0,0.0,0.0,0.0,0.0,0.0,0.0,0.0,0.0,0.0,0.0,0.0,0.0,0.0,0.0,0.0,8.143807976771484
630516,837000.0,2848,7.954372272531867,8.111104,4008,8.2960476427647,1160,7.057036981697891,1190,7.0825485693553,0.9747899159663865,4059,8.308938252595778,1.4252106741573034,0,15,2.772588722239781,0.225,15.0,2.772588722239781,4,4,1,4.5,1.125,356.0,2.0,0,1,1,1,1,0,0,0,0,0,1,0,0,0,0,0,0,0,0,0,0,0,1,0,0,0,0,0.0,7.954372272531867,0.0,0.0,0.0,0.0,0.0,0.0,0.0,0.0,0.0,0.0,0.0,0.0,0.0,8.308938252595778
630849,600000.0,1601,7.3783837129967145,2.563201,1601,7.3783837129967145,0,0.0,0,0.0,0.0,0,0.0,0.0,0,79,4.382026634673881,6.241,18.0,2.9444389791664403,2,2,0,2.0,1.0,400.25,2.0,1,1,0,0,0,0,0,0,0,0,0,1,0,0,0,0,0,0,0,0,0,0,0,1,0,0,0,0.0,0.0,7.3783837129967145,0.0,0.0,0.0,0.0,0.0,0.0,0.0,0.0,0.0,0.0,7.3783837129967145,4.382026634673881,0.0
631199,475000.0,827,6.717804695023691,0.683929,827,6.717804695023691,0,0.0,0,0.0,0.0,0,0.0,0.0,0,2,1.0986122886681098,0.004,2.0,1.0986122886681098,1,1,0,1.0,1.0,413.5,1.0,1,0,0,0,0,0,0,0,0,0,0,0,0,0,0,0,0,0,0,0,1,0,0,0,1,0,0,0.0,0.0,0.0,0.0,0.0,0.0,0.0,0.0,0.0,0.0,0.0,6.717804695023691,0.0,6.717804695023691,1.0986122886681098,0.0
631518,600000.0,2888,7.968319500012717,8.340544,3448,8.145549631783584,560,6.329720905522696,600,6.398594934535208,0.9333333333333333,3000,8.006700845440367,1.0387811634349031,0,0,0.0,0.0,0.0,0.0,4,3,2,4.0,1.0,412.57142857142856,2.5,0,0,1,1,1,0,1,0,0,0,1,0,0,0,0,0,0,0,0,0,0,0,0,0,0,0,1,0.0,7.968319500012717,0.0,0.0,0.0,0.0,0.0,0.0,0.0,0.0,0.0,0.0,0.0,0.0,0.0,8.006700845440367
631579,240000.0,1194,7.085064293952548,1.425636,1194,7.085064293952548,0,0.0,0,0.0,0.0,0,0.0,0.0,0,44,3.8066624897703196,1.936,44.0,3.8066624897703196,2,2,0,2.0,1.0,298.5,1.0,1,0,0,0,0,0,0,0,0,0,0,0,0,0,0,0,0,0,0,0,0,1,0,0,1,0,0,0.0,0.0,0.0,0.0,0.0,0.0,0.0,0.0,0.0,0.0,0.0,0.0,7.085064293952548,7.085064293952548,3.8066624897703196,0.0
632145,307575.0,1519,7.325807502595773,2.307361,1519,7.325807502595773,0,0.0,0,0.0,0.0,1515,7.323830566202317,0.9973666886109283,0,1,0.6931471805599453,0.001,1.0,0.6931471805599453,3,2,1,2.5,0.8333333333333334,303.8,2.0,0,0,1,0,0,0,1,0,0,0,0,0,0,0,0,0,0,0,0,0,0,0,0,0,1,0,0,0.0,0.0,0.0,0.0,0.0,0.0,0.0,0.0,0.0,0.0,0.0,0.0,0.0,0.0,0.0,7.323830566202317
632336,250000.0,952,6.858565034791365,0.906304,952,6.858565034791365,0,0.0,0,0.0,0.0,0,0.0,0.0,0,41,3.7376696182833684,1.681,41.0,3.7376696182833684,1,1,0,1.0,1.0,476.0,1.0,1,0,0,0,0,0,0,0,0,1,0,0,0,0,0,0,0,0,0,0,0,0,0,0,1,0,0,6.858565034791365,0.0,0.0,0.0,0.0,0.0,0.0,0.0,0.0,0.0,0.0,0.0,0.0,6.858565034791365,3.7376696182833684,0.0
632532,365000.0,1676,7.424165281042028,2.808976,1676,7.424165281042028,0,0.0,699,6.551080335043404,0.0,4546,8.42222295382501,2.7124105011933173,0,4,1.6094379124341003,0.016,4.0,1.6094379124341003,3,2,1,2.5,0.8333333333333334,335.2,2.0,0,0,1,1,0,0,0,0,0,0,0,0,0,0,0,0,0,0,0,0,0,0,1,0,0,0,0,0.0,0.0,0.0,0.0,0.0,0.0,0.0,0.0,0.0,0.0,0.0,0.0,0.0,0.0,0.0,8.42222295382501
632600,338965.0,1534,7.335633981927201,2.353156,1534,7.335633981927201,0,0.0,600,6.398594934535208,0.0,1966,7.584264818389059,1.2816166883963493,0,1,0.6931471805599453,0.001,1.0,0.6931471805599453,3,2,1,2.5,0.8333333333333334,306.8,2.0,0,0,1,1,0,0,1,0,0,0,0,0,0,0,0,0,0,0,0,0,0,0,0,1,0,0,0,0.0,0.0,0.0,0.0,0.0,0.0,0.0,0.0,0.0,0.0,0.0,0.0,0.0,0.0,0.0,7.584264818389059
634025,398000.0,2027,7.614312146452,4.108729,2027,7.614312146452,0,0.0,915,6.82001636467413,0.0,3760,8.232440158470336,1.8549580661075482,0,1,0.6931471805599453,0.001,1.0,0.6931471805599453,3,2,1,2.5,0.8333333333333334,405.4,2.0,0,0,1,1,0,0,1,0,0,0,0,0,0,0,0,0,0,0,0,0,0,0,1,0,0,0,0,0.0,0.0,0.0,0.0,0.0,0.0,0.0,0.0,0.0,0.0,0.0,0.0,0.0,0.0,0.0,8.232440158470336
634394,1060000.0,2312,7.7458682297922685,5.345344,2312,7.7458682297922685,0,0.0,0,0.0,0.0,6350,8.756367559802975,2.7465397923875434,556,79,4.382026634673881,6.241,2.0,1.0986122886681098,3,3,1,3.5,1.1666666666666667,385.3333333333333,1.0,0,1,1,0,0,1,0,0,0,0,0,0,0,0,0,0,0,0,0,1,0,0,0,0,0,1,0,0.0,0.0,0.0,0.0,0.0,0.0,0.0,0.0,0.0,0.0,7.7458682297922685,0.0,0.0,0.0,0.0,8.756367559802975
634541,495000.0,1702,7.43955930913332,2.896804,2684,7.895063498091573,982,6.890609120147166,1227,7.113142108707088,0.8003259983700082,9350,9.143238568435446,5.493537015276146,0,56,4.04305126783455,3.136,56.0,4.04305126783455,3,3,0,3.0,1.0,283.6666666666667,1.0,0,0,1,1,1,0,0,0,0,0,0,0,0,1,0,0,0,0,0,0,0,0,0,0,0,0,0,0.0,0.0,0.0,0.0,7.43955930913332,0.0,0.0,0.0,0.0,0.0,0.0,0.0,0.0,0.0,0.0,9.143238568435446
634888,320000.0,474,6.161207321695077,0.224676,474,6.161207321695077,0,0.0,0,0.0,0.0,0,0.0,0.0,0,2,1.0986122886681098,0.004,2.0,1.0986122886681098,0,1,0,1.0,1.0,474.0,1.0,1,0,0,0,0,0,0,0,1,0,0,0,0,0,0,0,0,0,0,0,1,0,0,0,1,0,0,0.0,0.0,0.0,0.0,0.0,0.0,0.0,0.0,0.0,0.0,0.0,6.161207321695077,0.0,6.161207321695077,1.0986122886681098,0.0
635911,373825.0,1862,7.529406457837013,3.467044,1862,7.529406457837013,0,0.0,0,0.0,0.0,3200,8.071218539969863,1.7185821697099892,0,0,0.0,0.0,0.0,0.0,4,2,1,2.5,0.625,310.3333333333333,2.0,0,0,1,0,0,0,1,0,0,0,0,0,0,0,0,0,0,0,0,0,0,0,1,0,0,0,0,0.0,0.0,0.0,0.0,0.0,0.0,0.0,0.0,0.0,0.0,0.0,0.0,0.0,0.0,0.0,8.071218539969863
635919,315000.0,474,6.161207321695077,0.224676,474,6.161207321695077,0,0.0,0,0.0,0.0,0,0.0,0.0,0,2,1.0986122886681098,0.004,2.0,1.0986122886681098,0,1,0,1.0,1.0,474.0,1.0,1,0,0,0,0,0,0,0,1,0,0,0,0,0,0,0,0,0,0,0,1,0,0,0,1,0,0,0.0,0.0,0.0,0.0,0.0,0.0,0.0,0.0,0.0,0.0,0.0,6.161207321695077,0.0,6.161207321695077,1.0986122886681098,0.0
636049,700000.0,2680,7.893572073504902,7.1824,2680,7.893572073504902,0,0.0,536,6.285998094508865,0.0,2250,7.719129840906732,0.8395522388059702,0,0,0.0,0.0,0.0,0.0,4,3,2,4.0,1.0,382.85714285714283,2.5,0,0,1,1,0,0,1,0,0,0,1,0,0,0,0,0,0,0,0,0,0,0,0,0,0,0,1,0.0,7.893572073504902,0.0,0.0,0.0,0.0,0.0,0.0,0.0,0.0,0.0,0.0,0.0,0.0,0.0,7.719129840906732
636966,217800.0,706,6.559615237493242,0.498436,706,6.559615237493242,0,0.0,0,0.0,0.0,0,0.0,0.0,0,36,3.6109179126442243,1.296,1.0,0.6931471805599453,2,1,0,1.0,0.5,235.33333333333334,1.0,1,1,0,0,0,0,0,0,0,0,0,0,0,0,0,1,0,0,0,0,0,0,0,1,0,0,0,0.0,0.0,0.0,0.0,0.0,0.0,6.559615237493242,0.0,0.0,0.0,0.0,0.0,0.0,6.559615237493242,3.6109179126442243,0.0
638094,1165000.0,4063,8.309676895987726,16.507969,4063,8.309676895987726,0,0.0,1817,7.505492274737424,0.0,7295,8.895081531754167,1.795471326605956,0,4,1.6094379124341003,0.016,4.0,1.6094379124341003,5,4,1,4.5,0.9,451.44444444444446,2.0,0,0,1,1,0,0,0,0,0,0,1,0,0,0,0,0,0,0,0,0,0,0,1,0,0,0,0,0.0,8.309676895987726,0.0,0.0,0.0,0.0,0.0,0.0,0.0,0.0,0.0,0.0,0.0,0.0,0.0,8.895081531754167
638216,255000.0,1002,6.90975328164481,1.004004,2004,7.602900462204755,1002,6.910750787961936,1002,6.910750787961936,1.0,7300,8.895766604056085,7.285429141716567,0,49,3.912023005428146,2.401,0.0,0.0,3,2,0,2.0,0.6666666666666666,200.4,1.0,0,1,1,1,1,0,0,0,0,0,0,0,0,0,0,0,1,0,0,0,0,0,0,0,0,0,0,0.0,0.0,0.0,0.0,0.0,0.0,0.0,6.90975328164481,0.0,0.0,0.0,0.0,0.0,0.0,0.0,8.895766604056085
638242,427000.0,2525,7.83399634170946,6.375625,3504,8.161660452056282,979,6.887552571664617,1050,6.957497370876951,0.9323809523809524,7990,8.986071187374463,3.1643564356435645,0,8,2.1972245773362196,0.064,0.0,0.0,3,3,1,3.5,1.1666666666666667,420.8333333333333,2.0,0,1,1,1,1,0,0,0,0,0,0,0,0,0,0,0,0,0,0,0,0,0,1,0,0,0,0,0.0,0.0,0.0,0.0,0.0,0.0,0.0,0.0,0.0,0.0,0.0,0.0,0.0,0.0,0.0,8.986071187374463
638488,215000.0,476,6.16541785423142,0.226576,476,6.16541785423142,0,0.0,0,0.0,0.0,1879,7.539027055823995,3.947478991596639,0,71,4.276666119016055,5.041,18.0,2.9444389791664403,1,1,0,1.0,1.0,238.0,1.0,0,1,1,0,0,0,0,0,0,0,0,0,0,0,0,0,0,0,0,1,0,0,0,0,1,0,0,0.0,0.0,0.0,0.0,0.0,0.0,0.0,0.0,0.0,0.0,6.16541785423142,0.0,0.0,0.0,0.0,7.539027055823995
639364,702500.0,2104,7.651595573857601,4.426816,3086,8.034631032923107,982,6.890609120147166,1047,6.954638864880987,0.9379178605539638,3600,8.188966863648876,1.7110266159695817,0,15,2.772588722239781,0.225,15.0,2.772588722239781,4,3,1,3.5,0.875,300.57142857142856,2.0,0,1,1,1,1,0,0,0,0,0,1,0,0,0,0,0,0,0,0,0,0,0,1,0,0,0,0,0.0,7.651595573857601,0.0,0.0,0.0,0.0,0.0,0.0,0.0,0.0,0.0,0.0,0.0,0.0,0.0,8.188966863648876
639532,475458.0,1355,7.2115567333138015,1.836025,2115,7.656810091480378,760,6.634633357861686,909,6.813444599510896,0.8360836083608361,3600,8.188966863648876,2.6568265682656826,0,0,0.0,0.0,0.0,0.0,2,3,0,3.0,1.5,271.0,1.0,0,0,1,1,1,0,1,0,0,0,1,0,0,0,0,0,0,0,0,0,0,0,0,1,0,0,0,0.0,7.2115567333138015,0.0,0.0,0.0,0.0,0.0,0.0,0.0,0.0,0.0,0.0,0.0,0.0,0.0,8.188966863648876
639704,265000.0,704,6.556778356158042,0.495616,704,6.556778356158042,0,0.0,0,0.0,0.0,0,0.0,0.0,0,68,4.23410650459726,4.624,14.0,2.70805020110221,1,1,0,1.0,1.0,352.0,1.0,1,1,0,0,0,0,0,0,0,1,0,0,0,0,0,0,0,0,0,0,0,0,0,1,0,0,0,6.556778356158042,0.0,0.0,0.0,0.0,0.0,0.0,0.0,0.0,0.0,0.0,0.0,0.0,6.556778356158042,4.23410650459726,0.0
640028,218900.0,1019,6.926577033222725,1.038361,1019,6.926577033222725,0,0.0,0,0.0,0.0,0,0.0,0.0,0,37,3.6375861597263857,1.369,37.0,3.6375861597263857,2,2,0,2.0,1.0,254.75,1.0,1,0,0,0,0,0,0,0,0,0,0,0,0,0,0,0,0,0,0,0,0,1,0,1,0,0,0,0.0,0.0,0.0,0.0,0.0,0.0,0.0,0.0,0.0,0.0,0.0,0.0,6.926577033222725,6.926577033222725,3.6375861597263857,0.0
641073,330000.0,882,6.782192056006791,0.777924,882,6.782192056006791,0,0.0,0,0.0,0.0,8470,9.044403844431551,9.603174603174603,513,38,3.6635616461296463,1.444,38.0,3.6635616461296463,3,2,0,2.0,0.6666666666666666,176.4,1.0,0,0,1,0,0,1,0,0,0,0,0,0,0,0,0,0,1,0,0,0,0,0,0,0,0,1,0,0.0,0.0,0.0,0.0,0.0,0.0,0.0,6.782192056006791,0.0,0.0,0.0,0.0,0.0,0.0,0.0,9.044403844431551
641394,447000.0,1753,7.469083884921234,3.073009,2553,7.845024417241484,800,6.68586094706836,1015,6.923628628138427,0.7881773399014779,3760,8.232440158470336,2.1448944666286365,0,32,3.4965075614664802,1.024,32.0,3.4965075614664802,3,3,1,3.5,1.1666666666666667,292.1666666666667,2.0,0,0,1,1,1,0,0,0,0,0,0,0,1,0,0,0,0,0,0,0,0,0,1,0,0,0,0,0.0,0.0,0.0,7.469083884921234,0.0,0.0,0.0,0.0,0.0,0.0,0.0,0.0,0.0,0.0,0.0,8.232440158470336
641887,965000.0,2922,7.980023592310645,8.538084,4149,8.330622620332868,1227,7.113142108707088,1363,7.218176838403408,0.9002201027146002,4500,8.412054873292933,1.540041067761807,0,9,2.302585092994046,0.081,4.0,1.6094379124341003,4,4,0,4.0,1.0,365.25,2.0,0,1,1,1,1,0,0,0,0,0,1,0,0,0,0,0,0,0,0,0,0,0,1,0,0,0,0,0.0,7.980023592310645,0.0,0.0,0.0,0.0,0.0,0.0,0.0,0.0,0.0,0.0,0.0,0.0,0.0,8.412054873292933
642157,381500.0,2160,7.67786350067821,4.6656,2160,7.67786350067821,0,0.0,0,0.0,0.0,5051,8.527539483470381,2.338425925925926,0,18,2.9444389791664403,0.324,0.0,0.0,3,2,1,2.5,0.8333333333333334,432.0,2.0,0,1,1,0,0,0,0,0,0,0,0,0,0,0,0,0,0,0,0,0,0,0,1,0,0,0,0,0.0,0.0,0.0,0.0,0.0,0.0,0.0,0.0,0.0,0.0,0.0,0.0,0.0,0.0,0.0,8.527539483470381
642587,285000.0,716,6.573680166960646,0.512656,716,6.573680166960646,0,0.0,0,0.0,0.0,0,0.0,0.0,0,90,4.51085950651685,8.1,90.0,4.51085950651685,1,1,0,1.0,1.0,358.0,1.0,1,0,0,0,0,0,0,1,0,1,0,0,0,0,0,0,0,0,0,0,0,0,0,1,0,0,0,6.573680166960646,0.0,0.0,0.0,0.0,0.0,0.0,0.0,0.0,0.0,0.0,0.0,0.0,6.573680166960646,4.51085950651685,0.0
643705,490000.0,3840,8.253227645581772,14.7456,3840,8.253227645581772,0,0.0,1425,7.262628600974241,0.0,6500,8.77971129020447,1.6927083333333333,0,14,2.70805020110221,0.196,14.0,2.70805020110221,4,2,1,2.5,0.625,640.0,2.5,0,0,1,1,0,0,0,0,0,0,0,0,0,0,0,0,0,0,0,0,0,0,0,0,0,0,1,0.0,0.0,0.0,0.0,0.0,0.0,0.0,0.0,0.0,0.0,0.0,0.0,0.0,0.0,0.0,8.77971129020447
643928,845090.0,1764,7.475339236566737,3.111696,2477,7.814803429489359,713,6.570882962339584,842,6.736966958001855,0.8467933491686461,2662,7.887208585813932,1.5090702947845804,0,0,0.0,0.0,0.0,0.0,3,3,1,3.5,1.1666666666666667,294.0,2.0,0,0,1,1,1,0,1,0,0,0,1,0,0,0,0,0,0,0,0,0,0,0,0,1,0,0,0,0.0,7.475339236566737,0.0,0.0,0.0,0.0,0.0,0.0,0.0,0.0,0.0,0.0,0.0,0.0,0.0,7.887208585813932
644803,240000.0,875,6.774223886357614,0.765625,875,6.774223886357614,0,0.0,0,0.0,0.0,6300,8.748463629942055,7.2,828,37,3.6375861597263857,1.369,0.0,0.0,2,2,0,2.0,1.0,218.75,1.0,0,1,1,0,0,1,0,0,0,0,0,0,0,0,0,0,1,0,0,0,0,0,0,0,0,1,0,0.0,0.0,0.0,0.0,0.0,0.0,0.0,6.774223886357614,0.0,0.0,0.0,0.0,0.0,0.0,0.0,8.748463629942055
644894,268000.0,1150,7.047517221357296,1.3225,1150,7.047517221357296,0,0.0,0,0.0,0.0,0,0.0,0.0,0,22,3.1354942159291497,0.484,22.0,3.1354942159291497,2,2,0,2.0,1.0,287.5,1.0,1,0,0,0,0,0,0,0,0,0,0,0,0,1,0,0,0,0,0,0,0,0,0,1,0,0,0,0.0,0.0,0.0,0.0,7.047517221357296,0.0,0.0,0.0,0.0,0.0,0.0,0.0,0.0,7.047517221357296,3.1354942159291497,0.0
644962,495000.0,1271,7.147559271189454,1.615441,1271,7.147559271189454,0,0.0,0,0.0,0.0,820,6.710523109452428,0.6451612903225806,0,4,1.6094379124341003,0.016,4.0,1.6094379124341003,2,2,1,2.5,1.25,317.75,3.0,0,0,1,0,0,0,0,0,0,0,0,0,0,0,0,0,0,0,0,1,0,0,0,1,0,0,0,0.0,0.0,0.0,0.0,0.0,0.0,0.0,0.0,0.0,0.0,7.147559271189454,0.0,0.0,0.0,0.0,6.710523109452428
645029,1670000.0,3469,8.15162164696975,12.033961,4860,8.48879371689454,1391,7.238496840894365,1464,7.289610521451167,0.950136612021858,6350,8.756367559802975,1.830498702796195,0,1,0.6931471805599453,0.001,1.0,0.6931471805599453,3,3,1,3.5,1.1666666666666667,578.1666666666666,2.5,0,0,1,1,1,0,1,0,0,0,0,0,0,0,0,0,0,0,0,1,0,0,0,0,0,0,1,0.0,0.0,0.0,0.0,0.0,0.0,0.0,0.0,0.0,0.0,8.15162164696975,0.0,0.0,0.0,0.0,8.756367559802975
645430,400000.0,1867,7.532088143541722,3.485689,1867,7.532088143541722,0,0.0,0,0.0,0.0,12301,9.417517129768314,6.588644884841992,0,51,3.9512437185814275,2.601,51.0,3.9512437185814275,3,3,0,3.0,1.0,311.1666666666667,1.0,0,0,1,0,0,0,0,0,0,0,0,0,0,0,0,0,0,0,0,0,0,1,0,0,0,0,0,0.0,0.0,0.0,0.0,0.0,0.0,0.0,0.0,0.0,0.0,0.0,0.0,7.532088143541722,0.0,0.0,9.417517129768314
646165,625000.0,1303,7.172424577124845,1.697809,2474,7.813591552952433,1171,7.066466970136958,1233,7.1180162044653335,0.9497161394971614,5890,8.681181041521688,4.5203376822716805,0,90,4.51085950651685,8.1,6.0,1.9459101490553132,2,2,0,2.0,1.0,325.75,1.0,0,1,1,1,1,0,0,1,0,0,0,0,0,0,0,0,0,1,0,0,0,0,0,0,0,0,0,0.0,0.0,0.0,0.0,0.0,0.0,0.0,0.0,7.172424577124845,0.0,0.0,0.0,0.0,0.0,0.0,8.681181041521688
646243,539000.0,712,6.568077911411976,0.506944,712,6.568077911411976,0,0.0,0,0.0,0.0,0,0.0,0.0,0,1,0.6931471805599453,0.001,1.0,0.6931471805599453,1,1,0,1.0,1.0,356.0,1.0,1,0,0,0,0,0,1,0,0,0,0,0,0,0,1,0,0,0,0,0,0,0,0,0,1,0,0,0.0,0.0,0.0,0.0,0.0,6.568077911411976,0.0,0.0,0.0,0.0,0.0,0.0,0.0,6.568077911411976,0.6931471805599453,0.0
647138,280000.0,827,6.717804695023691,0.683929,827,6.717804695023691,0,0.0,0,0.0,0.0,0,0.0,0.0,0,13,2.6390573296152584,0.169,13.0,2.6390573296152584,1,1,0,1.0,1.0,413.5,1.0,1,0,0,0,0,0,0,0,0,0,1,0,0,0,0,0,0,0,0,0,0,0,0,0,1,0,0,0.0,6.717804695023691,0.0,0.0,0.0,0.0,0.0,0.0,0.0,0.0,0.0,0.0,0.0,6.717804695023691,2.6390573296152584,0.0
647823,255000.0,865,6.762729506931879,0.748225,865,6.762729506931879,0,0.0,0,0.0,0.0,0,0.0,0.0,0,90,4.51085950651685,8.1,24.0,3.2188758248682006,1,1,0,1.0,1.0,432.5,1.0,1,1,0,0,0,0,0,1,0,1,0,0,0,0,0,0,0,0,0,0,0,0,0,1,0,0,0,6.762729506931879,0.0,0.0,0.0,0.0,0.0,0.0,0.0,0.0,0.0,0.0,0.0,0.0,6.762729506931879,4.51085950651685,0.0
648006,475000.0,758,6.630683385642372,0.574564,758,6.630683385642372,0,0.0,0,0.0,0.0,1913,7.5569505720129,2.5237467018469655,0,128,4.859812404361672,16.384,1.0,0.6931471805599453,2,2,0,2.0,1.0,189.5,1.0,0,1,1,0,0,0,0,1,0,0,0,0,0,0,1,0,0,0,0,0,0,0,0,1,0,0,0,0.0,0.0,0.0,0.0,0.0,6.630683385642372,0.0,0.0,0.0,0.0,0.0,0.0,0.0,0.0,0.0,7.5569505720129
648054,1050000.0,1261,7.13966033596492,1.590121,1261,7.13966033596492,0,0.0,0,0.0,0.0,0,0.0,0.0,0,2,1.0986122886681098,0.004,2.0,1.0986122886681098,2,2,0,2.0,1.0,315.25,1.0,1,0,0,0,0,0,0,0,0,0,0,0,0,0,0,0,0,0,0,0,1,0,0,0,1,0,0,0.0,0.0,0.0,0.0,0.0,0.0,0.0,0.0,0.0,0.0,0.0,7.13966033596492,0.0,7.13966033596492,1.0986122886681098,0.0
648256,305925.0,1317,7.183111701743281,1.734489,1317,7.183111701743281,0,0.0,0,0.0,0.0,2184,7.68937110752969,1.6583143507972664,0,1,0.6931471805599453,0.001,1.0,0.6931471805599453,2,2,1,2.5,1.25,329.25,2.0,0,0,1,0,0,0,1,0,0,0,0,0,0,0,0,0,0,0,0,0,0,0,0,1,0,0,0,0.0,0.0,0.0,0.0,0.0,0.0,0.0,0.0,0.0,0.0,0.0,0.0,0.0,0.0,0.0,7.68937110752969
648303,400000.0,2010,7.605890001053122,4.0401,2838,7.950854857719988,828,6.720220155135295,828,6.720220155135295,1.0,5991,8.698180525197055,2.9805970149253733,0,3,1.3862943611198906,0.009,3.0,1.3862943611198906,3,2,1,2.5,0.8333333333333334,402.0,2.0,0,0,1,1,1,0,0,0,0,0,0,0,0,0,0,0,0,0,0,0,0,0,1,0,0,0,0,0.0,0.0,0.0,0.0,0.0,0.0,0.0,0.0,0.0,0.0,0.0,0.0,0.0,0.0,0.0,8.698180525197055
648535,729000.0,1697,7.436617265234227,2.879809,2272,7.7284157798410416,575,6.3561076606958915,639,6.461468176353717,0.8998435054773083,2010,7.606387389772652,1.1844431349440188,0,4,1.6094379124341003,0.016,4.0,1.6094379124341003,2,4,1,4.5,2.25,282.8333333333333,3.0,0,0,1,1,1,0,0,0,0,0,0,0,0,0,0,0,0,0,0,1,0,0,0,1,0,0,0,0.0,0.0,0.0,0.0,0.0,0.0,0.0,0.0,0.0,0.0,7.436617265234227,0.0,0.0,0.0,0.0,7.606387389772652
648614,260000.0,1054,6.960347729101308,1.110916,1054,6.960347729101308,0,0.0,0,0.0,0.0,7500,8.922791623969637,7.115749525616699,0,68,4.23410650459726,4.624,9.0,2.302585092994046,3,1,0,1.0,0.3333333333333333,263.5,1.0,0,1,1,0,0,0,0,0,0,0,0,0,0,0,0,0,0,0,1,0,0,0,0,0,0,0,0,0.0,0.0,0.0,0.0,0.0,0.0,0.0,0.0,0.0,6.960347729101308,0.0,0.0,0.0,0.0,0.0,8.922791623969637
648679,325375.0,1241,7.123672785204607,1.540081,1241,7.123672785204607,0,0.0,1241,7.124478262493424,0.0,3760,8.232440158470336,3.0298146655922644,0,1,0.6931471805599453,0.001,1.0,0.6931471805599453,2,2,0,2.0,1.0,310.25,1.0,0,0,1,1,0,0,1,0,0,0,0,0,0,0,0,0,0,0,0,0,0,0,0,0,0,0,0,0.0,0.0,0.0,0.0,0.0,0.0,0.0,0.0,0.0,0.0,0.0,0.0,0.0,0.0,0.0,8.232440158470336
648713,490000.0,846,6.740519359606223,0.715716,846,6.740519359606223,0,0.0,0,0.0,0.0,0,0.0,0.0,0,11,2.4849066497880004,0.121,11.0,2.4849066497880004,1,1,0,1.0,1.0,423.0,1.0,1,1,0,0,0,0,0,0,0,0,0,0,0,0,0,0,0,0,0,0,1,0,0,1,0,0,0,0.0,0.0,0.0,0.0,0.0,0.0,0.0,0.0,0.0,0.0,0.0,6.740519359606223,0.0,6.740519359606223,2.4849066497880004,0.0
649486,835000.0,1159,7.055312843339752,1.343281,1159,7.055312843339752,0,0.0,0,0.0,0.0,0,0.0,0.0,0,2,1.0986122886681098,0.004,2.0,1.0986122886681098,2,2,0,2.0,1.0,289.75,1.0,1,0,0,0,0,0,0,0,0,0,0,0,0,0,0,0,0,0,0,0,1,0,0,1,0,0,0,0.0,0.0,0.0,0.0,0.0,0.0,0.0,0.0,0.0,0.0,0.0,7.055312843339752,0.0,7.055312843339752,1.0986122886681098,0.0
649623,145000.0,855,6.75110146893676,0.731025,855,6.75110146893676,0,0.0,0,0.0,0.0,0,0.0,0.0,0,52,3.970291913552122,2.704,52.0,3.970291913552122,1,1,0,1.0,1.0,427.5,1.0,1,0,0,0,0,0,0,0,0,0,0,0,0,0,0,0,0,0,0,0,0,1,0,0,1,0,0,0.0,0.0,0.0,0.0,0.0,0.0,0.0,0.0,0.0,0.0,0.0,0.0,6.75110146893676,6.75110146893676,3.970291913552122,0.0
649890,200000.0,560,6.327936783729195,0.3136,560,6.327936783729195,0,0.0,0,0.0,0.0,0,0.0,0.0,0,47,3.871201010907891,2.209,0.0,0.0,1,1,0,1.0,1.0,280.0,1.0,1,1,0,0,0,0,0,0,0,1,0,0,0,0,0,0,0,0,0,0,0,0,0,0,1,0,0,6.327936783729195,0.0,0.0,0.0,0.0,0.0,0.0,0.0,0.0,0.0,0.0,0.0,0.0,6.327936783729195,3.871201010907891,0.0
650030,577500.0,1110,7.01211529430638,1.2321,1958,7.579678823090456,848,6.744059186311348,848,6.744059186311348,1.0,5950,8.691314551644853,5.36036036036036,0,68,4.23410650459726,4.624,0.0,0.0,3,2,0,2.0,0.6666666666666666,222.0,1.0,0,1,1,1,1,0,0,0,0,0,0,0,0,0,0,0,0,0,1,0,0,0,0,0,0,0,0,0.0,0.0,0.0,0.0,0.0,0.0,0.0,0.0,0.0,7.01211529430638,0.0,0.0,0.0,0.0,0.0,8.691314551644853
650125,378000.0,2769,7.926241523170962,7.667361,2769,7.926241523170962,0,0.0,1072,6.9782137426306985,0.0,3330,8.11102783819368,1.2026002166847238,0,0,0.0,0.0,0.0,0.0,3,3,1,3.5,1.1666666666666667,461.5,3.0,0,0,1,1,0,0,1,0,0,0,1,0,0,0,0,0,0,0,0,0,0,0,0,1,0,0,0,0.0,7.926241523170962,0.0,0.0,0.0,0.0,0.0,0.0,0.0,0.0,0.0,0.0,0.0,0.0,0.0,8.11102783819368
650617,619900.0,1421,7.259116128097101,2.019241,2448,7.803026643632217,1027,6.93537044601511,1421,7.259819610363186,0.7227304714989444,4470,8.405367376233981,3.1456720619282197,0,7,2.0794415416798357,0.049,7.0,2.0794415416798357,2,3,0,3.0,1.5,284.2,1.0,0,0,1,1,1,0,0,0,0,0,1,0,0,0,0,0,0,0,0,0,0,0,0,0,0,0,0,0.0,7.259116128097101,0.0,0.0,0.0,0.0,0.0,0.0,0.0,0.0,0.0,0.0,0.0,0.0,0.0,8.405367376233981
650894,453000.0,1356,7.212294468500341,1.838736,1356,7.212294468500341,0,0.0,0,0.0,0.0,2640,7.878912912297133,1.9469026548672566,0,16,2.833213344056216,0.256,16.0,2.833213344056216,3,2,1,2.5,0.8333333333333334,271.2,2.0,0,1,1,0,0,0,0,0,0,0,1,0,0,0,0,0,0,0,0,0,0,0,1,0,0,0,0,0.0,7.212294468500341,0.0,0.0,0.0,0.0,0.0,0.0,0.0,0.0,0.0,0.0,0.0,0.0,0.0,7.878912912297133
651265,250000.0,1606,7.381501894506707,2.579236,1606,7.381501894506707,0,0.0,0,0.0,0.0,0,0.0,0.0,0,45,3.828641396489095,2.025,45.0,3.828641396489095,2,2,0,2.0,1.0,401.5,1.0,1,0,0,0,0,0,0,0,0,0,0,0,1,0,0,0,0,0,0,0,0,0,0,1,0,0,0,0.0,0.0,0.0,7.381501894506707,0.0,0.0,0.0,0.0,0.0,0.0,0.0,0.0,0.0,7.381501894506707,3.828641396489095,0.0
651563,415000.0,1404,7.247080584585756,1.971216,1928,7.564238475170491,524,6.263398262591624,624,6.437751649736401,0.8397435897435898,14000,9.546884034617925,9.971509971509972,534,52,3.970291913552122,2.704,0.0,0.0,3,3,0,3.0,1.0,234.0,1.0,0,1,1,1,1,1,0,0,0,0,0,0,0,1,0,0,0,0,0,0,0,0,0,0,0,1,0,0.0,0.0,0.0,0.0,7.247080584585756,0.0,0.0,0.0,0.0,0.0,0.0,0.0,0.0,0.0,0.0,9.546884034617925
651708,450000.0,1212,7.10002716662926,1.468944,1212,7.10002716662926,0,0.0,0,0.0,0.0,0,0.0,0.0,0,12,2.5649493574615367,0.144,12.0,2.5649493574615367,2,2,0,2.0,1.0,303.0,2.0,1,1,0,0,0,0,0,0,0,0,0,1,0,0,0,0,0,0,0,0,0,0,0,0,1,0,0,0.0,0.0,7.10002716662926,0.0,0.0,0.0,0.0,0.0,0.0,0.0,0.0,0.0,0.0,7.10002716662926,2.5649493574615367,0.0
652131,235000.0,1194,7.085064293952548,1.425636,1194,7.085064293952548,0,0.0,0,0.0,0.0,0,0.0,0.0,0,45,3.828641396489095,2.025,45.0,3.828641396489095,2,2,0,2.0,1.0,298.5,1.0,1,0,0,0,0,0,0,0,0,0,0,0,0,0,0,0,0,0,0,0,0,1,0,0,1,0,0,0.0,0.0,0.0,0.0,0.0,0.0,0.0,0.0,0.0,0.0,0.0,0.0,7.085064293952548,7.085064293952548,3.828641396489095,0.0
652467,748440.0,1355,7.2115567333138015,1.836025,2115,7.656810091480378,760,6.634633357861686,909,6.813444599510896,0.8360836083608361,3474,8.153349757998892,2.5638376383763837,0,0,0.0,0.0,0.0,0.0,2,3,0,3.0,1.5,271.0,1.0,0,0,1,1,1,0,1,0,0,0,1,0,0,0,0,0,0,0,0,0,0,0,0,1,0,0,0,0.0,7.2115567333138015,0.0,0.0,0.0,0.0,0.0,0.0,0.0,0.0,0.0,0.0,0.0,0.0,0.0,8.153349757998892
653043,331400.0,741,6.608000625296087,0.549081,741,6.608000625296087,0,0.0,0,0.0,0.0,6250,8.740496729931813,8.434547908232119,0,69,4.248495242049359,4.761,10.0,2.3978952727983707,2,1,0,1.0,0.5,247.0,1.0,0,1,1,0,0,0,0,0,0,0,0,0,0,0,0,0,0,0,1,0,0,0,0,0,0,0,0,0.0,0.0,0.0,0.0,0.0,0.0,0.0,0.0,0.0,6.608000625296087,0.0,0.0,0.0,0.0,0.0,8.740496729931813
653644,319270.0,1156,7.052721049232323,1.336336,1156,7.052721049232323,0,0.0,0,0.0,0.0,4103,8.319717386850606,3.5493079584775087,0,5,1.791759469228055,0.025,5.0,1.791759469228055,2,2,1,2.5,1.25,289.0,2.0,0,0,1,0,0,0,0,0,0,0,0,0,0,0,0,0,0,0,0,0,0,0,1,0,0,0,0,0.0,0.0,0.0,0.0,0.0,0.0,0.0,0.0,0.0,0.0,0.0,0.0,0.0,0.0,0.0,8.319717386850606
654295,149000.0,414,6.025865973825314,0.171396,414,6.025865973825314,0,0.0,0,0.0,0.0,0,0.0,0.0,0,53,3.9889840465642745,2.809,53.0,3.9889840465642745,0,1,0,1.0,1.0,414.0,1.0,1,0,0,0,0,0,0,0,1,0,0,0,0,0,0,0,0,1,0,0,0,0,0,0,1,0,0,0.0,0.0,0.0,0.0,0.0,0.0,0.0,0.0,6.025865973825314,0.0,0.0,0.0,0.0,6.025865973825314,3.9889840465642745,0.0
654515,420000.0,2379,7.774435510302958,5.659641,3505,8.16194579946869,1126,7.027314514039777,1226,7.112327444710911,0.9184339314845025,8296,9.023649282664286,3.4871794871794872,0,18,2.9444389791664403,0.324,18.0,2.9444389791664403,4,3,1,3.5,0.875,339.85714285714283,2.0,0,0,1,1,1,0,0,0,0,0,0,0,0,0,0,0,0,0,0,0,0,0,1,0,0,0,0,0.0,0.0,0.0,0.0,0.0,0.0,0.0,0.0,0.0,0.0,0.0,0.0,0.0,0.0,0.0,9.023649282664286
654854,1100000.0,2773,7.927685045615778,7.689529,3842,8.253748343328501,1069,6.975413927455952,1125,7.026426808699636,0.9502222222222222,5376,8.589885876809678,1.9386945546339704,0,2,1.0986122886681098,0.004,2.0,1.0986122886681098,3,4,1,4.5,1.5,396.14285714285717,3.0,0,0,1,1,1,0,0,0,0,0,0,0,0,0,0,0,0,0,0,1,0,0,0,1,0,0,0,0.0,0.0,0.0,0.0,0.0,0.0,0.0,0.0,0.0,0.0,7.927685045615778,0.0,0.0,0.0,0.0,8.589885876809678
655315,118000.0,721,6.580639137284949,0.519841,721,6.580639137284949,0,0.0,0,0.0,0.0,0,0.0,0.0,0,47,3.871201010907891,2.209,47.0,3.871201010907891,1,1,0,1.0,1.0,360.5,2.0,1,0,0,0,0,0,0,0,0,0,0,0,1,0,0,0,0,0,0,0,0,0,0,0,1,0,0,0.0,0.0,0.0,6.580639137284949,0.0,0.0,0.0,0.0,0.0,0.0,0.0,0.0,0.0,6.580639137284949,3.871201010907891,0.0
655761,365000.0,488,6.1903154058531475,0.238144,488,6.1903154058531475,0,0.0,0,0.0,0.0,0,0.0,0.0,0,2,1.0986122886681098,0.004,2.0,1.0986122886681098,0,1,0,1.0,1.0,488.0,1.0,1,0,0,0,0,0,0,0,1,0,0,0,0,0,0,0,0,0,0,0,1,0,0,0,1,0,0,0.0,0.0,0.0,0.0,0.0,0.0,0.0,0.0,0.0,0.0,0.0,6.1903154058531475,0.0,6.1903154058531475,1.0986122886681098,0.0
656373,766000.0,1740,7.461640392208575,3.0276,2340,7.757906208351747,600,6.398594934535208,721,6.582025138892826,0.8321775312066574,2600,7.8636512654486515,1.4942528735632183,0,0,0.0,0.0,0.0,0.0,3,3,1,3.5,1.1666666666666667,290.0,2.0,0,0,1,1,1,0,1,0,0,0,1,0,0,0,0,0,0,0,0,0,0,0,0,1,0,0,0,0.0,7.461640392208575,0.0,0.0,0.0,0.0,0.0,0.0,0.0,0.0,0.0,0.0,0.0,0.0,0.0,7.8636512654486515
656530,750000.0,2936,7.984803389734406,8.620096,2936,7.984803389734406,0,0.0,663,6.498282149476434,0.0,5866,8.67709870892586,1.9979564032697548,0,127,4.852030263919617,16.129,7.0,2.0794415416798357,3,3,0,3.0,1.0,489.3333333333333,2.0,0,1,1,1,0,0,0,1,0,0,0,1,0,0,0,0,0,0,0,0,0,0,1,0,0,0,0,0.0,0.0,7.984803389734406,0.0,0.0,0.0,0.0,0.0,0.0,0.0,0.0,0.0,0.0,0.0,0.0,8.67709870892586
656650,450000.0,1740,7.461640392208575,3.0276,1740,7.461640392208575,0,0.0,721,6.582025138892826,0.0,2540,7.840312983320164,1.4597701149425288,0,0,0.0,0.0,0.0,0.0,3,2,1,2.5,0.8333333333333334,348.0,2.0,0,0,1,1,0,0,1,0,0,0,1,0,0,0,0,0,0,0,0,0,0,0,0,1,0,0,0,0.0,7.461640392208575,0.0,0.0,0.0,0.0,0.0,0.0,0.0,0.0,0.0,0.0,0.0,0.0,0.0,7.840312983320164
656728,76900.0,721,6.580639137284949,0.519841,721,6.580639137284949,0,0.0,0,0.0,0.0,0,0.0,0.0,0,47,3.871201010907891,2.209,47.0,3.871201010907891,1,1,0,1.0,1.0,360.5,2.0,1,0,0,0,0,0,0,0,0,0,0,0,1,0,0,0,0,0,0,0,0,0,0,0,1,0,0,0.0,0.0,0.0,6.580639137284949,0.0,0.0,0.0,0.0,0.0,0.0,0.0,0.0,0.0,6.580639137284949,3.871201010907891,0.0
657402,180000.0,815,6.703188113240863,0.664225,815,6.703188113240863,0,0.0,0,0.0,0.0,0,0.0,0.0,0,36,3.6109179126442243,1.296,36.0,3.6109179126442243,1,1,0,1.0,1.0,407.5,1.0,1,0,0,0,0,0,0,0,0,0,0,0,0,0,0,1,0,0,0,0,0,0,0,1,0,0,0,0.0,0.0,0.0,0.0,0.0,0.0,6.703188113240863,0.0,0.0,0.0,0.0,0.0,0.0,6.703188113240863,3.6109179126442243,0.0
657494,241524.0,1314,7.1808311990445555,1.726596,1314,7.1808311990445555,0,0.0,0,0.0,0.0,2443,7.8013913202914855,1.8592085235920852,0,1,0.6931471805599453,0.001,1.0,0.6931471805599453,3,2,0,2.0,0.6666666666666666,262.8,2.0,0,0,1,0,0,0,1,0,0,0,0,0,0,0,0,0,0,0,0,0,0,0,1,0,0,0,0,0.0,0.0,0.0,0.0,0.0,0.0,0.0,0.0,0.0,0.0,0.0,0.0,0.0,0.0,0.0,7.8013913202914855
658482,599000.0,1380,7.22983877815125,1.9044,1380,7.22983877815125,0,0.0,0,0.0,0.0,14300,9.568084743872936,10.36231884057971,1333,56,4.04305126783455,3.136,0.0,0.0,5,3,0,3.0,0.6,172.5,1.0,0,1,1,0,0,1,0,0,0,0,0,0,0,1,0,0,0,0,0,0,0,0,0,0,0,1,0,0.0,0.0,0.0,0.0,7.22983877815125,0.0,0.0,0.0,0.0,0.0,0.0,0.0,0.0,0.0,0.0,9.568084743872936
659243,150000.0,945,6.851184927493743,0.893025,945,6.851184927493743,0,0.0,0,0.0,0.0,0,0.0,0.0,0,49,3.912023005428146,2.401,49.0,3.912023005428146,2,1,0,1.0,0.5,315.0,1.0,1,0,0,0,0,0,0,0,0,0,0,0,0,0,0,0,0,0,0,0,0,1,0,1,0,0,0,0.0,0.0,0.0,0.0,0.0,0.0,0.0,0.0,0.0,0.0,0.0,0.0,6.851184927493743,6.851184927493743,3.912023005428146,0.0
659722,462775.0,2022,7.611842399580417,4.088484,2022,7.611842399580417,0,0.0,0,0.0,0.0,2600,7.8636512654486515,1.2858555885262117,0,0,0.0,0.0,0.0,0.0,3,2,1,2.5,0.8333333333333334,404.4,2.0,0,0,1,0,0,0,1,0,0,0,1,0,0,0,0,0,0,0,0,0,0,0,0,1,0,0,0,0.0,7.611842399580417,0.0,0.0,0.0,0.0,0.0,0.0,0.0,0.0,0.0,0.0,0.0,0.0,0.0,7.8636512654486515
659770,748440.0,1856,7.526178913346146,3.444736,1856,7.526178913346146,0,0.0,959,6.866933284461882,0.0,2250,7.719129840906732,1.2122844827586208,0,0,0.0,0.0,0.0,0.0,3,2,1,2.5,0.8333333333333334,371.2,2.0,0,0,1,1,0,0,1,0,0,0,1,0,0,0,0,0,0,0,0,0,0,0,0,0,1,0,0,0.0,7.526178913346146,0.0,0.0,0.0,0.0,0.0,0.0,0.0,0.0,0.0,0.0,0.0,0.0,0.0,7.719129840906732
660615,482076.0,1738,7.460490305825338,3.020644,1738,7.460490305825338,0,0.0,719,6.579251212010101,0.0,2594,7.861341795599989,1.4925201380897584,0,0,0.0,0.0,0.0,0.0,3,2,1,2.5,0.8333333333333334,347.6,2.0,0,0,1,1,0,0,1,0,0,0,1,0,0,0,0,0,0,0,0,0,0,0,0,1,0,0,0,0.0,7.460490305825338,0.0,0.0,0.0,0.0,0.0,0.0,0.0,0.0,0.0,0.0,0.0,0.0,0.0,7.861341795599989
660946,622500.0,1721,7.450660796211539,2.961841,2440,7.799753318287247,719,6.579251212010101,827,6.71901315438526,0.8694074969770254,3157,8.057694194815587,1.8343986054619408,0,3,1.3862943611198906,0.009,3.0,1.3862943611198906,3,3,1,3.5,1.1666666666666667,286.8333333333333,2.0,0,0,1,1,1,0,0,0,0,0,1,0,0,0,0,0,0,0,0,0,0,0,1,0,0,0,0,0.0,7.450660796211539,0.0,0.0,0.0,0.0,0.0,0.0,0.0,0.0,0.0,0.0,0.0,0.0,0.0,8.057694194815587
661035,1250000.0,1892,7.545389749611823,3.579664,1892,7.545389749611823,0,0.0,0,0.0,0.0,0,0.0,0.0,0,40,3.713572066704308,1.6,0.0,0.0,3,3,0,3.0,1.0,315.3333333333333,1.0,1,1,0,0,0,0,0,0,0,0,0,0,0,0,0,0,0,0,0,0,1,0,0,1,0,0,0,0.0,0.0,0.0,0.0,0.0,0.0,0.0,0.0,0.0,0.0,0.0,7.545389749611823,0.0,7.545389749611823,3.713572066704308,0.0
661359,564000.0,1541,7.340186835320115,2.374681,1541,7.340186835320115,0,0.0,0,0.0,0.0,1528,7.332369205929062,0.9915639195327709,0,2,1.0986122886681098,0.004,2.0,1.0986122886681098,2,2,1,2.5,1.25,385.25,3.0,0,0,1,0,0,0,0,0,0,0,0,0,0,0,0,0,0,0,0,1,0,0,0,1,0,0,0,0.0,0.0,0.0,0.0,0.0,0.0,0.0,0.0,0.0,0.0,7.340186835320115,0.0,0.0,0.0,0.0,7.332369205929062
661392,750000.0,2668,7.889084407035514,7.118224,2668,7.889084407035514,0,0.0,0,0.0,0.0,1721,7.451241684987676,0.6450524737631185,0,26,3.295836866004329,0.676,0.0,0.0,4,3,1,3.5,0.875,381.14285714285717,3.0,0,1,1,0,0,0,0,0,0,1,0,0,0,0,0,0,0,0,0,0,0,0,0,0,1,0,0,7.889084407035514,0.0,0.0,0.0,0.0,0.0,0.0,0.0,0.0,0.0,0.0,0.0,0.0,0.0,0.0,7.451241684987676
662017,568000.0,1464,7.288927694521257,2.143296,2767,7.925518979786926,1303,7.1731917424865985,1464,7.289610521451167,0.8900273224043715,3375,8.124446855715847,2.305327868852459,0,0,0.0,0.0,0.0,0.0,2,3,0,3.0,1.5,292.8,1.0,0,0,1,1,1,0,1,0,0,0,1,0,0,0,0,0,0,0,0,0,0,0,0,1,0,0,0,0.0,7.288927694521257,0.0,0.0,0.0,0.0,0.0,0.0,0.0,0.0,0.0,0.0,0.0,0.0,0.0,8.124446855715847
662706,438000.0,1633,7.398174092970465,2.666689,1633,7.398174092970465,0,0.0,0,0.0,0.0,1550,7.346655163176539,0.9491733006736068,0,3,1.3862943611198906,0.009,3.0,1.3862943611198906,2,2,1,2.5,1.25,408.25,3.0,0,0,1,0,0,0,0,0,0,0,1,0,0,0,0,0,0,0,0,0,0,0,0,1,0,0,0,0.0,7.398174092970465,0.0,0.0,0.0,0.0,0.0,0.0,0.0,0.0,0.0,0.0,0.0,0.0,0.0,7.346655163176539
663183,315725.0,1538,7.338238150065589,2.365444,1538,7.338238150065589,0,0.0,0,0.0,0.0,1500,7.313886831633462,0.9752925877763329,0,1,0.6931471805599453,0.001,1.0,0.6931471805599453,3,2,1,2.5,0.8333333333333334,307.6,2.0,0,0,1,0,0,0,1,0,0,0,0,0,0,0,0,0,0,0,0,0,0,0,0,0,1,0,0,0.0,0.0,0.0,0.0,0.0,0.0,0.0,0.0,0.0,0.0,0.0,0.0,0.0,0.0,0.0,7.313886831633462
663184,365000.0,1981,7.591357046698551,3.924361,1981,7.591357046698551,0,0.0,716,6.57507584059962,0.0,7237,8.887100204123687,3.653205451792024,0,16,2.833213344056216,0.256,16.0,2.833213344056216,4,2,1,2.5,0.625,330.1666666666667,2.0,0,1,1,1,0,0,0,0,0,0,0,0,0,0,0,0,0,0,0,0,0,0,1,0,0,0,0,0.0,0.0,0.0,0.0,0.0,0.0,0.0,0.0,0.0,0.0,0.0,0.0,0.0,0.0,0.0,8.887100204123687
663799,367400.0,1241,7.123672785204607,1.540081,2398,7.7823903355874595,1157,7.05444965813294,1241,7.124478262493424,0.9323126510878323,3781,8.238008249218403,3.0467365028203064,0,0,0.0,0.0,0.0,0.0,2,2,1,2.5,1.25,310.25,1.0,0,0,1,1,1,0,1,0,0,0,0,0,0,0,0,0,0,0,0,0,0,0,0,0,0,0,0,0.0,0.0,0.0,0.0,0.0,0.0,0.0,0.0,0.0,0.0,0.0,0.0,0.0,0.0,0.0,8.238008249218403
664195,377000.0,1805,7.498315870766981,3.258025,1805,7.498315870766981,0,0.0,0,0.0,0.0,4155,8.332308352219117,2.301939058171745,0,1,0.6931471805599453,0.001,1.0,0.6931471805599453,3,2,1,2.5,0.8333333333333334,361.0,2.0,0,0,1,0,0,0,1,0,0,0,0,0,0,0,0,0,0,0,0,0,0,0,1,0,0,0,0,0.0,0.0,0.0,0.0,0.0,0.0,0.0,0.0,0.0,0.0,0.0,0.0,0.0,0.0,0.0,8.332308352219117
664409,1300000.0,2061,7.630946580890459,4.247721,2061,7.630946580890459,0,0.0,0,0.0,0.0,0,0.0,0.0,0,133,4.897839799950911,17.689,0.0,0.0,2,2,0,2.0,1.0,515.25,2.0,1,1,0,0,0,0,0,1,0,0,0,0,0,0,0,0,0,0,0,0,1,0,0,1,0,0,0,0.0,0.0,0.0,0.0,0.0,0.0,0.0,0.0,0.0,0.0,0.0,7.630946580890459,0.0,7.630946580890459,4.897839799950911,0.0
664470,657000.0,1918,7.559038255443384,3.678724,2815,7.942717540573791,897,6.8001700683022,997,6.905753276311464,0.8996990972918756,3721,8.222016437202196,1.9400417101147027,0,4,1.6094379124341003,0.016,1.0,0.6931471805599453,3,3,1,3.5,1.1666666666666667,319.6666666666667,2.0,0,1,1,1,1,0,0,0,0,0,1,0,0,0,0,0,0,0,0,0,0,0,1,0,0,0,0,0.0,7.559038255443384,0.0,0.0,0.0,0.0,0.0,0.0,0.0,0.0,0.0,0.0,0.0,0.0,0.0,8.222016437202196
664647,340000.0,1115,7.016609683894219,1.243225,1115,7.016609683894219,0,0.0,421,6.045005314036012,0.0,5643,8.638348312972704,5.060986547085202,316,20,3.044522437723423,0.4,0.0,0.0,3,2,0,2.0,0.6666666666666666,223.0,1.0,0,1,1,1,0,1,0,0,0,0,0,0,0,0,0,0,1,0,0,0,0,0,0,0,0,1,0,0.0,0.0,0.0,0.0,0.0,0.0,0.0,7.016609683894219,0.0,0.0,0.0,0.0,0.0,0.0,0.0,8.638348312972704
664745,347000.0,1286,7.1592919047975645,1.653796,1286,7.1592919047975645,0,0.0,0,0.0,0.0,0,0.0,0.0,0,52,3.970291913552122,2.704,52.0,3.970291913552122,2,2,0,2.0,1.0,321.5,1.0,1,0,0,0,0,0,0,0,0,0,0,0,1,0,0,0,0,0,0,0,0,0,0,1,0,0,0,0.0,0.0,0.0,7.1592919047975645,0.0,0.0,0.0,0.0,0.0,0.0,0.0,0.0,0.0,7.1592919047975645,3.970291913552122,0.0
664773,360000.0,1254,7.134093721192866,1.572516,2462,7.808729306744399,1208,7.097548850614793,1233,7.1180162044653335,0.9797242497972425,8170,9.008346579384707,6.515151515151516,0,21,3.091042453358316,0.441,21.0,3.091042453358316,3,3,0,3.0,1.0,209.0,1.0,0,0,1,1,1,0,0,0,0,0,0,0,0,0,0,0,1,0,0,0,0,0,0,0,0,0,0,0.0,0.0,0.0,0.0,0.0,0.0,0.0,7.134093721192866,0.0,0.0,0.0,0.0,0.0,0.0,0.0,9.008346579384707
665041,280000.0,676,6.516193076042964,0.456976,676,6.516193076042964,0,0.0,0,0.0,0.0,0,0.0,0.0,0,88,4.48863636973214,7.744,19.0,2.995732273553991,1,1,0,1.0,1.0,338.0,1.0,1,1,0,0,0,0,0,1,0,1,0,0,0,0,0,0,0,0,0,0,0,0,0,1,0,0,0,6.516193076042964,0.0,0.0,0.0,0.0,0.0,0.0,0.0,0.0,0.0,0.0,0.0,0.0,6.516193076042964,4.48863636973214,0.0
665095,653900.0,2689,7.896924656268864,7.230721,2689,7.896924656268864,0,0.0,1032,6.940222469119639,0.0,2610,7.8674885686991285,0.9706210487169952,0,4,1.6094379124341003,0.016,4.0,1.6094379124341003,2,3,1,3.5,1.75,537.8,3.0,0,0,1,1,0,0,0,0,0,0,1,0,0,0,0,0,0,0,0,0,0,0,0,1,0,0,0,0.0,7.896924656268864,0.0,0.0,0.0,0.0,0.0,0.0,0.0,0.0,0.0,0.0,0.0,0.0,0.0,7.8674885686991285
665311,222500.0,1000,6.907755278982137,1.0,1000,6.907755278982137,0,0.0,0,0.0,0.0,0,0.0,0.0,0,44,3.8066624897703196,1.936,2.0,1.0986122886681098,2,1,0,1.0,0.5,333.3333333333333,1.0,1,1,0,0,0,0,0,0,0,0,0,0,1,0,0,0,0,0,0,0,0,0,0,1,0,0,0,0.0,0.0,0.0,6.907755278982137,0.0,0.0,0.0,0.0,0.0,0.0,0.0,0.0,0.0,6.907755278982137,3.8066624897703196,0.0
665551,620623.0,1911,7.555381944240273,3.651921,2766,7.925157512224703,855,6.752270376141742,915,6.82001636467413,0.9344262295081968,3150,8.055475141757274,1.6483516483516483,0,0,0.0,0.0,0.0,0.0,3,3,1,3.5,1.1666666666666667,318.5,2.0,0,0,1,1,1,0,1,0,0,0,1,0,0,0,0,0,0,0,0,0,0,0,1,0,0,0,0,0.0,7.555381944240273,0.0,0.0,0.0,0.0,0.0,0.0,0.0,0.0,0.0,0.0,0.0,0.0,0.0,8.055475141757274
665621,399000.0,483,6.180016653652572,0.233289,483,6.180016653652572,0,0.0,0,0.0,0.0,0,0.0,0.0,0,2,1.0986122886681098,0.004,2.0,1.0986122886681098,0,1,0,1.0,1.0,483.0,1.0,1,0,0,0,0,0,0,0,1,0,0,0,0,0,0,0,0,0,0,0,1,0,0,0,1,0,0,0.0,0.0,0.0,0.0,0.0,0.0,0.0,0.0,0.0,0.0,0.0,6.180016653652572,0.0,6.180016653652572,1.0986122886681098,0.0
665626,575157.0,2170,7.682482446534506,4.7089,2988,8.002359546252707,818,6.70808408385307,930,6.836259277277067,0.8795698924731182,2756,7.921898411023797,1.2700460829493088,0,0,0.0,0.0,0.0,0.0,2,3,1,3.5,1.75,434.0,2.0,0,0,1,1,1,0,1,0,0,0,1,0,0,0,0,0,0,0,0,0,0,0,1,0,0,0,0,0.0,7.682482446534506,0.0,0.0,0.0,0.0,0.0,0.0,0.0,0.0,0.0,0.0,0.0,0.0,0.0,7.921898411023797
665652,815000.0,2040,7.620705086838262,4.1616,2040,7.620705086838262,0,0.0,0,0.0,0.0,0,0.0,0.0,0,1,0.6931471805599453,0.001,1.0,0.6931471805599453,3,2,1,2.5,0.8333333333333334,408.0,2.5,1,0,0,0,0,0,1,0,0,0,0,1,0,0,0,0,0,0,0,0,0,0,0,1,0,0,0,0.0,0.0,7.620705086838262,0.0,0.0,0.0,0.0,0.0,0.0,0.0,0.0,0.0,0.0,7.620705086838262,0.6931471805599453,0.0
666088,845090.0,1653,7.410347097821024,2.732409,2371,7.771067086065406,718,6.577861357721047,803,6.6895992691789665,0.8941469489414695,2878,7.965198290612176,1.7410768300060495,0,0,0.0,0.0,0.0,0.0,3,3,1,3.5,1.1666666666666667,275.5,2.0,0,0,1,1,1,0,1,0,0,0,1,0,0,0,0,0,0,0,0,0,0,0,0,1,0,0,0,0.0,7.410347097821024,0.0,0.0,0.0,0.0,0.0,0.0,0.0,0.0,0.0,0.0,0.0,0.0,0.0,7.965198290612176
666141,310000.0,1444,7.275172319452771,2.085136,1444,7.275172319452771,0,0.0,0,0.0,0.0,3010,8.010027528481734,2.0844875346260388,0,11,2.4849066497880004,0.121,11.0,2.4849066497880004,3,1,0,1.0,0.3333333333333333,361.0,2.0,0,0,1,0,0,0,0,0,0,0,0,0,0,0,0,0,0,0,0,0,0,0,1,0,0,0,0,0.0,0.0,0.0,0.0,0.0,0.0,0.0,0.0,0.0,0.0,0.0,0.0,0.0,0.0,0.0,8.010027528481734
666458,870000.0,1085,6.98933526597456,1.177225,1085,6.98933526597456,0,0.0,0,0.0,0.0,0,0.0,0.0,0,2,1.0986122886681098,0.004,2.0,1.0986122886681098,2,2,0,2.0,1.0,271.25,1.0,1,0,0,0,0,0,0,0,0,0,0,0,0,0,0,0,0,0,0,0,1,0,0,1,0,0,0,0.0,0.0,0.0,0.0,0.0,0.0,0.0,0.0,0.0,0.0,0.0,6.98933526597456,0.0,6.98933526597456,1.0986122886681098,0.0
666972,333660.0,1534,7.335633981927201,2.353156,1534,7.335633981927201,0,0.0,600,6.398594934535208,0.0,1759,7.473069088032197,1.1466753585397653,0,1,0.6931471805599453,0.001,1.0,0.6931471805599453,3,2,1,2.5,0.8333333333333334,306.8,2.0,0,0,1,1,0,0,1,0,0,0,0,0,0,0,0,0,0,0,0,0,0,0,0,1,0,0,0,0.0,0.0,0.0,0.0,0.0,0.0,0.0,0.0,0.0,0.0,0.0,0.0,0.0,0.0,0.0,7.473069088032197
668804,255000.0,944,6.8501261661455,0.891136,944,6.8501261661455,0,0.0,0,0.0,0.0,7540,8.928110078202646,7.987288135593221,460,47,3.871201010907891,2.209,0.0,0.0,2,2,0,2.0,1.0,236.0,1.0,0,1,1,0,0,1,0,0,0,0,0,0,0,0,0,0,1,0,0,0,0,0,0,0,0,1,0,0.0,0.0,0.0,0.0,0.0,0.0,0.0,6.8501261661455,0.0,0.0,0.0,0.0,0.0,0.0,0.0,8.928110078202646
668894,330000.0,1248,7.129297548929373,1.557504,1248,7.129297548929373,0,0.0,0,0.0,0.0,9180,9.1248914101437,7.355769230769231,0,20,3.044522437723423,0.4,1.0,0.6931471805599453,3,1,1,1.5,0.5,312.0,2.0,0,1,1,0,0,0,0,0,0,0,0,0,0,0,0,0,0,0,0,0,0,0,1,0,0,0,0,0.0,0.0,0.0,0.0,0.0,0.0,0.0,0.0,0.0,0.0,0.0,0.0,0.0,0.0,0.0,9.1248914101437
668930,536000.0,1092,6.9957661563048505,1.192464,2000,7.600902459542082,908,6.812345094177479,1092,6.996681488176539,0.8315018315018315,5950,8.691314551644853,5.448717948717949,0,83,4.430816798843313,6.889,8.0,2.1972245773362196,2,2,0,2.0,1.0,273.0,1.0,0,1,1,1,1,0,0,1,0,0,0,0,0,0,0,0,0,0,1,0,0,0,0,0,0,0,0,0.0,0.0,0.0,0.0,0.0,0.0,0.0,0.0,0.0,6.9957661563048505,0.0,0.0,0.0,0.0,0.0,8.691314551644853
670278,320000.0,909,6.812345094177479,0.826281,909,6.812345094177479,0,0.0,0,0.0,0.0,7060,8.862341963516347,7.7667766776677665,484,36,3.6109179126442243,1.296,36.0,3.6109179126442243,2,2,0,2.0,1.0,227.25,1.0,0,0,1,0,0,1,0,0,0,0,0,0,0,0,0,0,1,0,0,0,0,0,0,0,0,1,0,0.0,0.0,0.0,0.0,0.0,0.0,0.0,6.812345094177479,0.0,0.0,0.0,0.0,0.0,0.0,0.0,8.862341963516347
670817,425000.0,1141,7.039660349862076,1.301881,1905,7.552237287560802,764,6.639875833826536,932,6.838405200847344,0.8197424892703863,8130,9.003439196207838,7.12532865907099,0,66,4.204692619390966,4.356,0.0,0.0,2,2,0,2.0,1.0,285.25,1.0,0,1,1,1,1,0,0,0,0,0,0,0,0,0,0,0,0,1,0,0,0,0,0,0,0,0,0,0.0,0.0,0.0,0.0,0.0,0.0,0.0,0.0,7.039660349862076,0.0,0.0,0.0,0.0,0.0,0.0,9.003439196207838
670895,218500.0,948,6.854354502255021,0.898704,948,6.854354502255021,0,0.0,0,0.0,0.0,0,0.0,0.0,0,40,3.713572066704308,1.6,40.0,3.713572066704308,2,2,0,2.0,1.0,237.0,1.0,1,0,0,0,0,0,0,0,0,0,0,0,0,0,0,0,0,0,0,0,0,1,0,0,1,0,0,0.0,0.0,0.0,0.0,0.0,0.0,0.0,0.0,0.0,0.0,0.0,0.0,6.854354502255021,6.854354502255021,3.713572066704308,0.0
671124,296127.0,1454,7.282073658093465,2.114116,1454,7.282073658093465,0,0.0,0,0.0,0.0,1400,7.244941546337007,0.9628610729023384,0,0,0.0,0.0,0.0,0.0,3,2,1,2.5,0.8333333333333334,290.8,2.0,0,0,1,0,0,0,1,0,0,0,0,0,0,0,0,0,0,0,0,0,0,0,0,0,1,0,0,0.0,0.0,0.0,0.0,0.0,0.0,0.0,0.0,0.0,0.0,0.0,0.0,0.0,0.0,0.0,7.244941546337007
671529,130000.0,952,6.858565034791365,0.906304,952,6.858565034791365,0,0.0,0,0.0,0.0,0,0.0,0.0,0,49,3.912023005428146,2.401,0.0,0.0,2,1,0,1.0,0.5,317.3333333333333,1.0,1,1,0,0,0,0,0,0,0,0,0,0,0,1,0,0,0,0,0,0,0,0,0,1,0,0,0,0.0,0.0,0.0,0.0,6.858565034791365,0.0,0.0,0.0,0.0,0.0,0.0,0.0,0.0,6.858565034791365,3.912023005428146,0.0
671633,499900.0,2694,7.898782356970309,7.257636,3906,8.270269111436624,1212,7.10085190894405,1312,7.180069874302796,0.9237804878048781,9850,9.19532825185568,3.656273199703044,0,50,3.9318256327243257,2.5,0.0,0.0,4,3,1,3.5,0.875,384.85714285714283,2.0,0,1,1,1,1,0,0,0,0,0,0,0,0,0,0,0,0,0,0,0,0,1,1,0,0,0,0,0.0,0.0,0.0,0.0,0.0,0.0,0.0,0.0,0.0,0.0,0.0,0.0,7.898782356970309,0.0,0.0,9.19532825185568
673187,335000.0,1646,7.406103381237015,2.709316,1646,7.406103381237015,0,0.0,0,0.0,0.0,7102,8.86827250899781,4.314702308626974,0,21,3.091042453358316,0.441,9.0,2.302585092994046,3,2,1,2.5,0.8333333333333334,329.2,2.0,0,1,1,0,0,0,0,0,0,0,0,0,0,0,0,0,0,0,0,0,0,0,1,0,0,0,0,0.0,0.0,0.0,0.0,0.0,0.0,0.0,0.0,0.0,0.0,0.0,0.0,0.0,0.0,0.0,8.86827250899781
673252,445000.0,930,6.835184586147301,0.8649,930,6.835184586147301,0,0.0,401,5.996452088619021,0.0,1820,7.507141079727608,1.956989247311828,0,110,4.709530201312334,12.1,10.0,2.3978952727983707,2,1,0,1.0,0.5,310.0,1.0,0,1,1,1,0,0,0,1,0,0,0,0,0,0,1,0,0,0,0,0,0,0,0,1,0,0,0,0.0,0.0,0.0,0.0,0.0,6.835184586147301,0.0,0.0,0.0,0.0,0.0,0.0,0.0,0.0,0.0,7.507141079727608
673351,182000.0,900,6.802394763324311,0.81,900,6.802394763324311,0,0.0,0,0.0,0.0,470,6.154858094016418,0.5222222222222223,0,46,3.8501476017100584,2.116,46.0,3.8501476017100584,2,1,1,1.5,0.75,300.0,2.0,0,0,1,0,0,0,0,0,0,0,0,0,0,1,0,0,0,0,0,0,0,0,0,0,1,0,0,0.0,0.0,0.0,0.0,6.802394763324311,0.0,0.0,0.0,0.0,0.0,0.0,0.0,0.0,0.0,0.0,6.154858094016418
673817,390000.0,1364,7.218176838403408,1.860496,1970,7.585788821732034,606,6.408528791059498,638,6.459904454377535,0.9498432601880877,1584,7.368339686311381,1.1612903225806452,0,38,3.6635616461296463,1.444,19.0,2.995732273553991,2,1,2,2.0,1.0,454.6666666666667,2.0,0,1,1,1,1,0,0,0,0,0,0,0,1,0,0,0,0,0,0,0,0,0,0,0,1,0,0,0.0,0.0,0.0,7.218176838403408,0.0,0.0,0.0,0.0,0.0,0.0,0.0,0.0,0.0,0.0,0.0,7.368339686311381
673843,490369.0,1915,7.557472901614746,3.667225,2367,7.769378609513984,452,6.115892125483034,682,6.52649485957079,0.6627565982404692,2700,7.901377353792616,1.4099216710182767,0,1,0.6931471805599453,0.001,1.0,0.6931471805599453,2,3,1,3.5,1.75,383.0,2.0,0,0,1,1,1,0,1,0,0,0,1,0,0,0,0,0,0,0,0,0,0,0,0,1,0,0,0,0.0,7.557472901614746,0.0,0.0,0.0,0.0,0.0,0.0,0.0,0.0,0.0,0.0,0.0,0.0,0.0,7.901377353792616
674572,323000.0,1243,7.1252830915107115,1.545049,1243,7.1252830915107115,0,0.0,0,0.0,0.0,4458,8.402679804627477,3.5864843121480288,0,14,2.70805020110221,0.196,14.0,2.70805020110221,3,2,0,2.0,0.6666666666666666,248.6,2.0,0,0,1,0,0,0,0,0,0,0,0,0,0,0,0,0,0,0,0,0,0,0,1,0,0,0,0,0.0,0.0,0.0,0.0,0.0,0.0,0.0,0.0,0.0,0.0,0.0,0.0,0.0,0.0,0.0,8.402679804627477
674604,395000.0,2212,7.701652362642226,4.892944,2755,7.9211727215870145,543,6.298949246855942,572,6.35088571671474,0.9493006993006993,0,0.0,0.0,0,51,3.9512437185814275,2.601,4.0,1.6094379124341003,2,2,1,2.5,1.25,553.0,2.0,1,1,0,1,1,0,0,0,0,0,0,0,1,0,0,0,0,0,0,0,0,0,0,0,1,0,0,0.0,0.0,0.0,7.701652362642226,0.0,0.0,0.0,0.0,0.0,0.0,0.0,0.0,0.0,7.701652362642226,3.9512437185814275,0.0
674843,235500.0,1607,7.382124365737512,2.582449,1607,7.382124365737512,0,0.0,0,0.0,0.0,2452,7.8050670442584895,1.5258245177349097,0,2,1.0986122886681098,0.004,2.0,1.0986122886681098,3,2,1,2.5,0.8333333333333334,321.4,2.0,0,0,1,0,0,0,0,0,0,0,1,0,0,0,0,0,0,0,0,0,0,0,0,1,0,0,0,0.0,7.382124365737512,0.0,0.0,0.0,0.0,0.0,0.0,0.0,0.0,0.0,0.0,0.0,0.0,0.0,7.8050670442584895
675911,440000.0,1404,7.247080584585756,1.971216,1754,7.469654172932128,350,5.860786223465865,368,5.910796644040527,0.9510869565217391,2548,7.8434564043761155,1.8148148148148149,0,16,2.833213344056216,0.256,16.0,2.833213344056216,2,2,1,2.5,1.25,351.0,2.0,0,0,1,1,1,0,0,0,0,0,1,0,0,0,0,0,0,0,0,0,0,0,0,1,0,0,0,0.0,7.247080584585756,0.0,0.0,0.0,0.0,0.0,0.0,0.0,0.0,0.0,0.0,0.0,0.0,0.0,7.8434564043761155
676308,950000.0,1091,6.994849985833071,1.190281,1091,6.994849985833071,0,0.0,0,0.0,0.0,0,0.0,0.0,0,2,1.0986122886681098,0.004,2.0,1.0986122886681098,2,2,0,2.0,1.0,272.75,1.0,1,0,0,0,0,0,0,0,0,0,0,0,0,0,0,0,0,0,0,0,1,0,0,0,1,0,0,0.0,0.0,0.0,0.0,0.0,0.0,0.0,0.0,0.0,0.0,0.0,6.994849985833071,0.0,6.994849985833071,1.0986122886681098,0.0
677973,462500.0,1110,7.01211529430638,1.2321,1958,7.579678823090456,848,6.744059186311348,848,6.744059186311348,1.0,5950,8.691314551644853,5.36036036036036,0,68,4.23410650459726,4.624,0.0,0.0,3,2,0,2.0,0.6666666666666666,222.0,1.0,0,1,1,1,1,0,0,0,0,0,0,0,0,0,0,0,0,0,1,0,0,0,0,0,0,0,0,0.0,0.0,0.0,0.0,0.0,0.0,0.0,0.0,0.0,7.01211529430638,0.0,0.0,0.0,0.0,0.0,8.691314551644853
678320,269500.0,932,6.837332814685591,0.868624,932,6.837332814685591,0,0.0,0,0.0,0.0,6600,8.79497643168877,7.081545064377682,0,71,4.276666119016055,5.041,0.0,0.0,2,1,0,1.0,0.5,310.6666666666667,1.0,0,1,1,0,0,0,0,0,0,0,0,0,0,0,0,0,0,0,1,0,0,0,0,0,0,0,0,0.0,0.0,0.0,0.0,0.0,0.0,0.0,0.0,0.0,6.837332814685591,0.0,0.0,0.0,0.0,0.0,8.79497643168877
678605,196851.0,1413,7.253470382684528,1.996569,1413,7.253470382684528,0,0.0,0,0.0,0.0,3802,8.24354550792826,2.6907289455060157,0,16,2.833213344056216,0.256,0.0,0.0,3,2,0,2.0,0.6666666666666666,282.6,2.0,0,1,1,0,0,0,0,0,0,0,0,0,0,0,0,0,0,0,0,0,0,0,1,0,0,0,0,0.0,0.0,0.0,0.0,0.0,0.0,0.0,0.0,0.0,0.0,0.0,0.0,0.0,0.0,0.0,8.24354550792826
679024,555000.0,1296,7.16703787691222,1.679616,1911,7.555381944240273,615,6.423246963533519,648,6.47543271670409,0.9490740740740741,4214,8.346404870435956,3.251543209876543,0,33,3.5263605246161616,1.089,33.0,3.5263605246161616,3,1,1,1.5,0.5,324.0,2.0,0,0,1,1,1,0,0,0,0,0,0,0,0,0,0,0,0,0,0,1,0,0,1,0,0,0,0,0.0,0.0,0.0,0.0,0.0,0.0,0.0,0.0,0.0,0.0,7.16703787691222,0.0,0.0,0.0,0.0,8.346404870435956
679582,316000.0,468,6.148468295917647,0.219024,468,6.148468295917647,0,0.0,0,0.0,0.0,0,0.0,0.0,0,1,0.6931471805599453,0.001,1.0,0.6931471805599453,0,1,0,1.0,1.0,468.0,1.0,1,0,0,0,0,0,1,0,1,0,0,1,0,0,0,0,0,0,0,0,0,0,0,0,1,0,0,0.0,0.0,6.148468295917647,0.0,0.0,0.0,0.0,0.0,0.0,0.0,0.0,0.0,0.0,6.148468295917647,0.6931471805599453,0.0
681605,590000.0,2026,7.613818684808629,4.104676,2927,7.9817332866918855,901,6.804614520062624,949,6.856461984594587,0.9494204425711275,3400,8.131824785007195,1.6781836130306023,0,4,1.6094379124341003,0.016,4.0,1.6094379124341003,2,3,1,3.5,1.75,405.2,2.0,0,0,1,1,1,0,0,0,0,0,1,0,0,0,0,0,0,0,0,0,0,0,0,1,0,0,0,0.0,7.613818684808629,0.0,0.0,0.0,0.0,0.0,0.0,0.0,0.0,0.0,0.0,0.0,0.0,0.0,8.131824785007195
682112,295000.0,1311,7.1785454837637,1.718721,1311,7.1785454837637,0,0.0,0,0.0,0.0,1260,7.13966033596492,0.9610983981693364,0,32,3.4965075614664802,1.024,32.0,3.4965075614664802,2,2,1,2.5,1.25,327.75,2.0,0,0,1,0,0,0,0,0,0,0,0,0,0,0,0,1,0,0,0,0,0,0,0,0,1,0,0,0.0,0.0,0.0,0.0,0.0,0.0,7.1785454837637,0.0,0.0,0.0,0.0,0.0,0.0,0.0,0.0,7.13966033596492
683213,295000.0,818,6.706862336602747,0.669124,818,6.706862336602747,0,0.0,0,0.0,0.0,4610,8.436200032206706,5.635696821515892,384,38,3.6635616461296463,1.444,38.0,3.6635616461296463,3,2,0,2.0,0.6666666666666666,163.6,1.0,0,0,1,0,0,1,0,0,0,0,0,0,0,0,0,0,1,0,0,0,0,0,0,0,0,1,0,0.0,0.0,0.0,0.0,0.0,0.0,0.0,6.706862336602747,0.0,0.0,0.0,0.0,0.0,0.0,0.0,8.436200032206706
684883,360000.0,1980,7.590852123688581,3.9204,1980,7.590852123688581,0,0.0,0,0.0,0.0,3776,8.236685322712457,1.9070707070707071,0,5,1.791759469228055,0.025,5.0,1.791759469228055,3,2,1,2.5,0.8333333333333334,396.0,2.5,0,0,1,0,0,0,0,0,0,0,0,0,0,0,0,0,0,0,0,0,0,0,0,0,0,0,1,0.0,0.0,0.0,0.0,0.0,0.0,0.0,0.0,0.0,0.0,0.0,0.0,0.0,0.0,0.0,8.236685322712457
684961,340000.0,931,6.836259277277067,0.866761,931,6.836259277277067,0,0.0,0,0.0,0.0,9240,9.13140538388804,9.924812030075188,831,48,3.8918202981106265,2.304,0.0,0.0,3,2,0,2.0,0.6666666666666666,186.2,1.0,0,1,1,0,0,1,0,0,0,0,0,0,0,0,0,0,1,0,0,0,0,0,0,0,0,1,0,0.0,0.0,0.0,0.0,0.0,0.0,0.0,6.836259277277067,0.0,0.0,0.0,0.0,0.0,0.0,0.0,9.13140538388804
685064,483000.0,1284,7.157735484249907,1.648656,1284,7.157735484249907,0,0.0,0,0.0,0.0,6100,8.716207971151853,4.750778816199377,0,72,4.290459441148391,5.184,6.0,1.9459101490553132,3,2,0,2.0,0.6666666666666666,256.8,1.0,0,1,1,0,0,0,0,0,0,0,0,0,0,0,0,0,0,0,1,0,0,0,0,0,0,0,0,0.0,0.0,0.0,0.0,0.0,0.0,0.0,0.0,0.0,7.157735484249907,0.0,0.0,0.0,0.0,0.0,8.716207971151853
685251,325000.0,1115,7.016609683894219,1.243225,1493,7.30854279753919,378,5.937536205082426,421,6.045005314036012,0.8978622327790974,6337,8.754318540250866,5.683408071748879,316,20,3.044522437723423,0.4,20.0,3.044522437723423,3,3,0,3.0,1.0,185.83333333333334,1.0,0,1,1,1,1,1,0,0,0,0,0,0,0,0,0,0,1,0,0,0,0,0,0,0,0,1,0,0.0,0.0,0.0,0.0,0.0,0.0,0.0,7.016609683894219,0.0,0.0,0.0,0.0,0.0,0.0,0.0,8.754318540250866
685851,652077.0,2986,8.001689978099135,8.916196,3971,8.286773231131251,985,6.893656354602635,2179,7.687080155783135,0.4520422212023864,5897,8.682368589375221,1.9748827863362357,0,1,0.6931471805599453,0.001,1.0,0.6931471805599453,3,4,1,4.5,1.5,426.57142857142856,1.5,0,0,1,1,1,0,1,0,0,0,0,0,0,0,0,0,0,0,0,0,0,0,0,0,0,0,1,0.0,0.0,0.0,0.0,0.0,0.0,0.0,0.0,0.0,0.0,0.0,0.0,0.0,0.0,0.0,8.682368589375221
685890,377054.0,1417,7.256297239690681,2.007889,2524,7.8336002236611035,1107,7.010311867307229,1417,7.257002707092073,0.781227946365561,4854,8.487764380725425,3.425546930134086,0,1,0.6931471805599453,0.001,1.0,0.6931471805599453,1,2,1,2.5,2.5,472.3333333333333,1.0,0,0,1,1,1,0,1,0,0,0,0,0,0,0,0,0,0,0,0,0,0,0,0,0,0,0,0,0.0,0.0,0.0,0.0,0.0,0.0,0.0,0.0,0.0,0.0,0.0,0.0,0.0,0.0,0.0,8.487764380725425
686774,187900.0,952,6.858565034791365,0.906304,952,6.858565034791365,0,0.0,0,0.0,0.0,0,0.0,0.0,0,49,3.912023005428146,2.401,2.0,1.0986122886681098,2,1,0,1.0,0.5,317.3333333333333,1.0,1,1,0,0,0,0,0,0,0,0,0,0,0,1,0,0,0,0,0,0,0,0,0,1,0,0,0,0.0,0.0,0.0,0.0,6.858565034791365,0.0,0.0,0.0,0.0,0.0,0.0,0.0,0.0,6.858565034791365,3.912023005428146,0.0
687225,714900.0,2389,7.77863014732581,5.707321,2389,7.77863014732581,0,0.0,0,0.0,0.0,3125,8.047509510981422,1.308078694014232,0,1,0.6931471805599453,0.001,1.0,0.6931471805599453,3,2,2,3.0,1.0,477.8,3.0,0,0,1,0,0,0,1,0,0,0,0,0,0,0,0,0,0,0,0,1,0,0,0,1,0,0,0,0.0,0.0,0.0,0.0,0.0,0.0,0.0,0.0,0.0,0.0,7.77863014732581,0.0,0.0,0.0,0.0,8.047509510981422
687296,122000.0,712,6.568077911411976,0.506944,712,6.568077911411976,0,0.0,0,0.0,0.0,0,0.0,0.0,0,57,4.060443010546419,3.249,0.0,0.0,1,1,0,1.0,1.0,356.0,1.0,1,1,0,0,0,0,0,0,0,0,0,0,0,0,0,0,0,0,0,0,0,1,0,0,1,0,0,0.0,0.0,0.0,0.0,0.0,0.0,0.0,0.0,0.0,0.0,0.0,0.0,6.568077911411976,6.568077911411976,4.060443010546419,0.0
687360,382000.0,1285,7.158513997329321,1.651225,1285,7.158513997329321,0,0.0,0,0.0,0.0,6000,8.699681400989514,4.669260700389105,425,42,3.7612001156935624,1.764,6.0,1.9459101490553132,3,2,0,2.0,0.6666666666666666,257.0,1.0,0,1,1,0,0,1,0,0,0,0,0,0,0,0,0,1,0,0,0,0,0,0,0,0,0,1,0,0.0,0.0,0.0,0.0,0.0,0.0,7.158513997329321,0.0,0.0,0.0,0.0,0.0,0.0,0.0,0.0,8.699681400989514
687370,194000.0,967,6.874198495453294,0.935089,967,6.874198495453294,0,0.0,0,0.0,0.0,0,0.0,0.0,0,47,3.871201010907891,2.209,2.0,1.0986122886681098,2,1,1,1.5,0.75,322.3333333333333,1.0,1,1,0,0,0,0,0,0,0,0,0,0,0,1,0,0,0,0,0,0,0,0,0,0,1,0,0,0.0,0.0,0.0,0.0,6.874198495453294,0.0,0.0,0.0,0.0,0.0,0.0,0.0,0.0,6.874198495453294,3.871201010907891,0.0
687555,332500.0,1118,7.0192966537150445,1.249924,1561,7.353081920515432,443,6.095824562432225,492,6.20050917404269,0.9004065040650406,3440,8.14351740579748,3.076923076923077,0,32,3.4965075614664802,1.024,1.0,0.6931471805599453,2,2,0,2.0,1.0,279.5,2.0,0,1,1,1,1,0,0,0,0,0,0,0,0,0,0,0,0,0,0,0,0,0,1,0,0,0,0,0.0,0.0,0.0,0.0,0.0,0.0,0.0,0.0,0.0,0.0,0.0,0.0,0.0,0.0,0.0,8.14351740579748
687741,391000.0,2027,7.614312146452,4.108729,2027,7.614312146452,0,0.0,0,0.0,0.0,3200,8.071218539969863,1.5786877158362111,0,1,0.6931471805599453,0.001,1.0,0.6931471805599453,4,2,1,2.5,0.625,337.8333333333333,2.0,0,0,1,0,0,0,1,0,0,0,0,0,0,0,0,0,0,0,0,0,0,0,1,0,0,0,0,0.0,0.0,0.0,0.0,0.0,0.0,0.0,0.0,0.0,0.0,0.0,0.0,0.0,0.0,0.0,8.071218539969863
688149,138000.0,855,6.75110146893676,0.731025,855,6.75110146893676,0,0.0,0,0.0,0.0,0,0.0,0.0,0,50,3.9318256327243257,2.5,50.0,3.9318256327243257,1,1,0,1.0,1.0,427.5,1.0,1,0,0,0,0,0,0,0,0,0,0,0,0,0,0,0,0,0,0,0,0,1,0,0,1,0,0,0.0,0.0,0.0,0.0,0.0,0.0,0.0,0.0,0.0,0.0,0.0,0.0,6.75110146893676,6.75110146893676,3.9318256327243257,0.0
688266,267500.0,1345,7.20414929203594,1.809025,1345,7.20414929203594,0,0.0,0,0.0,0.0,1974,7.5883236773352225,1.4676579925650557,0,16,2.833213344056216,0.256,16.0,2.833213344056216,2,2,1,2.5,1.25,336.25,2.0,0,0,1,0,0,0,0,0,0,0,0,0,0,0,0,0,1,0,0,0,0,0,0,0,1,0,0,0.0,0.0,0.0,0.0,0.0,0.0,0.0,7.20414929203594,0.0,0.0,0.0,0.0,0.0,0.0,0.0,7.5883236773352225
688760,325000.0,681,6.523562306149512,0.463761,681,6.523562306149512,0,0.0,0,0.0,0.0,0,0.0,0.0,0,49,3.912023005428146,2.401,1.0,0.6931471805599453,1,1,0,1.0,1.0,340.5,1.0,1,1,0,0,0,0,0,0,0,1,0,0,0,0,0,0,0,0,0,0,0,0,0,0,1,0,0,6.523562306149512,0.0,0.0,0.0,0.0,0.0,0.0,0.0,0.0,0.0,0.0,0.0,0.0,6.523562306149512,3.912023005428146,0.0
689866,375002.0,1599,7.377133712833954,2.556801,1599,7.377133712833954,0,0.0,1599,7.3777589082278725,0.0,7304,8.8963143241848,4.567854909318324,0,0,0.0,0.0,0.0,0.0,2,2,0,2.0,1.0,399.75,1.0,0,0,1,1,0,0,1,0,0,0,0,0,0,0,0,0,0,0,0,0,0,0,0,0,0,0,0,0.0,0.0,0.0,0.0,0.0,0.0,0.0,0.0,0.0,0.0,0.0,0.0,0.0,0.0,0.0,8.8963143241848
690103,327000.0,1615,7.387090235656757,2.608225,1615,7.387090235656757,0,0.0,0,0.0,0.0,2800,7.937731775260109,1.7337461300309598,0,12,2.5649493574615367,0.144,12.0,2.5649493574615367,2,2,0,2.0,1.0,403.75,2.0,0,0,1,0,0,0,0,0,0,0,0,0,0,0,0,0,0,0,0,0,0,0,1,0,0,0,0,0.0,0.0,0.0,0.0,0.0,0.0,0.0,0.0,0.0,0.0,0.0,0.0,0.0,0.0,0.0,7.937731775260109
690610,460000.0,1615,7.387090235656757,2.608225,1615,7.387090235656757,0,0.0,563,6.335054251498059,0.0,9480,9.15704507491796,5.869969040247678,500,57,4.060443010546419,3.249,0.0,0.0,4,2,1,2.5,0.625,269.1666666666667,1.0,0,1,1,1,0,1,0,0,0,0,0,0,1,0,0,0,0,0,0,0,0,0,0,0,0,1,0,0.0,0.0,0.0,7.387090235656757,0.0,0.0,0.0,0.0,0.0,0.0,0.0,0.0,0.0,0.0,0.0,9.15704507491796
690917,471250.0,908,6.811244378601294,0.824464,908,6.811244378601294,0,0.0,0,0.0,0.0,4960,8.509362612301048,5.462555066079295,0,114,4.74493212836325,12.996,2.0,1.0986122886681098,2,1,0,1.0,0.5,302.6666666666667,1.0,0,1,1,0,0,0,0,1,0,0,0,0,0,0,0,0,0,0,0,1,0,0,0,0,0,0,0,0.0,0.0,0.0,0.0,0.0,0.0,0.0,0.0,0.0,0.0,6.811244378601294,0.0,0.0,0.0,0.0,8.509362612301048
691864,178256.0,1137,7.036148493750536,1.292769,1137,7.036148493750536,0,0.0,0,0.0,0.0,772,6.650279048587422,0.6789797713280563,0,12,2.5649493574615367,0.144,12.0,2.5649493574615367,2,1,1,1.5,0.75,379.0,3.0,0,0,1,0,0,0,0,0,0,0,1,0,0,0,0,0,0,0,0,0,0,0,0,0,1,0,0,0.0,7.036148493750536,0.0,0.0,0.0,0.0,0.0,0.0,0.0,0.0,0.0,0.0,0.0,0.0,0.0,6.650279048587422
692113,140000.0,945,6.851184927493743,0.893025,945,6.851184927493743,0,0.0,0,0.0,0.0,0,0.0,0.0,0,53,3.9889840465642745,2.809,53.0,3.9889840465642745,2,1,0,1.0,0.5,315.0,1.0,1,0,0,0,0,0,0,0,0,0,0,0,0,0,0,0,0,0,0,0,0,1,0,1,0,0,0,0.0,0.0,0.0,0.0,0.0,0.0,0.0,0.0,0.0,0.0,0.0,0.0,6.851184927493743,6.851184927493743,3.9889840465642745,0.0
692196,302600.0,1143,7.04141166379481,1.306449,1143,7.04141166379481,0,0.0,0,0.0,0.0,4902,8.497602541651233,4.288713910761155,0,20,3.044522437723423,0.4,20.0,3.044522437723423,2,2,1,2.5,1.25,285.75,2.0,0,1,1,0,0,0,0,0,0,0,0,0,0,0,0,0,0,0,0,0,0,0,1,0,0,0,0,0.0,0.0,0.0,0.0,0.0,0.0,0.0,0.0,0.0,0.0,0.0,0.0,0.0,0.0,0.0,8.497602541651233
692293,1530000.0,2192,7.692569648067906,4.804864,3283,8.096512917501594,1091,6.9957661563048505,1091,6.9957661563048505,1.0,3120,8.045908742270779,1.4233576642335766,0,1,0.6931471805599453,0.001,1.0,0.6931471805599453,2,3,1,3.5,1.75,438.4,2.0,0,0,1,1,1,0,1,0,0,0,0,0,0,0,1,0,0,0,0,0,0,0,1,0,0,0,0,0.0,0.0,0.0,0.0,0.0,7.692569648067906,0.0,0.0,0.0,0.0,0.0,0.0,0.0,0.0,0.0,8.045908742270779
692760,1375000.0,1823,7.508238774678663,3.323329,1823,7.508238774678663,0,0.0,0,0.0,0.0,0,0.0,0.0,0,12,2.5649493574615367,0.144,12.0,2.5649493574615367,3,2,1,2.5,0.8333333333333334,364.6,1.0,1,0,0,0,0,0,0,0,0,0,0,0,0,0,0,0,0,0,0,0,1,0,0,1,0,0,0,0.0,0.0,0.0,0.0,0.0,0.0,0.0,0.0,0.0,0.0,0.0,7.508238774678663,0.0,7.508238774678663,2.5649493574615367,0.0
693923,310000.0,733,6.597145701886651,0.537289,733,6.597145701886651,0,0.0,168,5.1298987149230735,0.0,897,6.8001700683022,1.223738062755798,0,113,4.736198448394496,12.769,0.0,0.0,1,1,0,1.0,1.0,366.5,1.0,0,1,1,1,0,0,0,1,0,1,0,0,0,0,0,0,0,0,0,0,0,0,0,0,1,0,0,6.597145701886651,0.0,0.0,0.0,0.0,0.0,0.0,0.0,0.0,0.0,0.0,0.0,0.0,0.0,0.0,6.8001700683022
694203,339500.0,1729,7.455298485683291,2.989441,1729,7.455298485683291,0,0.0,0,0.0,0.0,2160,7.6783263565068856,1.249277038750723,0,1,0.6931471805599453,0.001,1.0,0.6931471805599453,3,2,1,2.5,0.8333333333333334,345.8,2.0,0,0,1,0,0,0,1,0,0,0,0,0,0,0,0,0,0,0,0,0,0,0,0,0,1,0,0,0.0,0.0,0.0,0.0,0.0,0.0,0.0,0.0,0.0,0.0,0.0,0.0,0.0,0.0,0.0,7.6783263565068856
694286,345000.0,1676,7.424165281042028,2.808976,1676,7.424165281042028,0,0.0,420,6.042632833682381,0.0,5142,8.545391845774915,3.068019093078759,0,20,3.044522437723423,0.4,20.0,3.044522437723423,3,2,1,2.5,0.8333333333333334,335.2,2.0,0,0,1,1,0,0,0,0,0,0,0,0,0,0,0,0,1,0,0,0,0,0,1,0,0,0,0,0.0,0.0,0.0,0.0,0.0,0.0,0.0,7.424165281042028,0.0,0.0,0.0,0.0,0.0,0.0,0.0,8.545391845774915
694360,213000.0,501,6.2166061010848646,0.251001,501,6.2166061010848646,0,0.0,0,0.0,0.0,0,0.0,0.0,0,49,3.912023005428146,2.401,18.0,2.9444389791664403,1,1,0,1.0,1.0,250.5,1.0,1,1,0,0,0,0,0,0,0,1,0,0,0,0,0,0,0,0,0,0,0,0,0,1,0,0,0,6.2166061010848646,0.0,0.0,0.0,0.0,0.0,0.0,0.0,0.0,0.0,0.0,0.0,0.0,6.2166061010848646,3.912023005428146,0.0
694814,310000.0,1248,7.129297548929373,1.557504,1248,7.129297548929373,0,0.0,0,0.0,0.0,5510,8.614501373883236,4.415064102564102,0,20,3.044522437723423,0.4,7.0,2.0794415416798357,3,2,1,2.5,0.8333333333333334,249.6,2.0,0,1,1,0,0,0,0,0,0,0,0,0,0,0,0,0,0,0,0,0,0,0,1,0,0,0,0,0.0,0.0,0.0,0.0,0.0,0.0,0.0,0.0,0.0,0.0,0.0,0.0,0.0,0.0,0.0,8.614501373883236
695700,266000.0,1150,7.047517221357296,1.3225,1150,7.047517221357296,0,0.0,0,0.0,0.0,0,0.0,0.0,0,22,3.1354942159291497,0.484,22.0,3.1354942159291497,2,2,0,2.0,1.0,287.5,1.0,1,0,0,0,0,0,0,0,0,0,0,0,0,1,0,0,0,0,0,0,0,0,0,1,0,0,0,0.0,0.0,0.0,0.0,7.047517221357296,0.0,0.0,0.0,0.0,0.0,0.0,0.0,0.0,7.047517221357296,3.1354942159291497,0.0
695708,1031798.0,1772,7.4798641311650265,3.139984,1772,7.4798641311650265,0,0.0,0,0.0,0.0,0,0.0,0.0,0,12,2.5649493574615367,0.144,12.0,2.5649493574615367,3,2,1,2.5,0.8333333333333334,354.4,1.0,1,0,0,0,0,0,0,0,0,0,0,0,0,0,0,0,0,0,0,0,1,0,0,1,0,0,0,0.0,0.0,0.0,0.0,0.0,0.0,0.0,0.0,0.0,0.0,0.0,7.4798641311650265,0.0,7.4798641311650265,2.5649493574615367,0.0
696034,302500.0,1285,7.158513997329321,1.651225,1285,7.158513997329321,0,0.0,0,0.0,0.0,6016,8.702344075220351,4.68171206225681,425,42,3.7612001156935624,1.764,0.0,0.0,3,3,0,3.0,1.0,214.16666666666666,1.0,0,1,1,0,0,1,0,0,0,0,0,0,0,0,0,1,0,0,0,0,0,0,0,0,0,1,0,0.0,0.0,0.0,0.0,0.0,0.0,7.158513997329321,0.0,0.0,0.0,0.0,0.0,0.0,0.0,0.0,8.702344075220351
696097,514500.0,1288,7.160845906664299,1.658944,2511,7.828436359157585,1223,7.1098794630722715,1288,7.161622002939187,0.9495341614906833,6140,8.722742874329398,4.767080745341615,0,93,4.543294782270004,8.649,0.0,0.0,2,3,0,3.0,1.5,257.6,1.0,0,1,1,1,1,0,0,1,0,0,0,0,0,0,0,0,0,1,0,0,0,0,0,0,0,0,0,0.0,0.0,0.0,0.0,0.0,0.0,0.0,0.0,7.160845906664299,0.0,0.0,0.0,0.0,0.0,0.0,8.722742874329398
696251,550000.0,1283,7.1569563646156364,1.646089,1283,7.1569563646156364,0,0.0,0,0.0,0.0,0,0.0,0.0,0,39,3.6888794541139363,1.521,1.0,0.6931471805599453,2,2,0,2.0,1.0,320.75,1.0,1,1,0,0,0,0,0,0,0,0,0,0,0,0,0,0,0,0,0,0,1,0,0,1,0,0,0,0.0,0.0,0.0,0.0,0.0,0.0,0.0,0.0,0.0,0.0,0.0,7.1569563646156364,0.0,7.1569563646156364,3.6888794541139363,0.0
696255,335000.0,1215,7.102499355774649,1.476225,1459,7.285506548522785,244,5.501258210544727,488,6.192362489474872,0.5,6650,8.802522498284421,5.473251028806584,390,25,3.258096538021482,0.625,25.0,3.258096538021482,3,3,0,3.0,1.0,202.5,1.0,0,0,1,1,1,1,0,0,0,0,0,0,0,0,0,0,1,0,0,0,0,0,0,0,0,1,0,0.0,0.0,0.0,0.0,0.0,0.0,0.0,7.102499355774649,0.0,0.0,0.0,0.0,0.0,0.0,0.0,8.802522498284421
696575,620000.0,1995,7.598399329323964,3.980025,2852,7.955775781534187,857,6.754604099487962,902,6.805722553416985,0.950110864745011,16500,9.711176264112805,8.270676691729323,0,42,3.7612001156935624,1.764,0.0,0.0,3,3,0,3.0,1.0,332.5,1.0,0,1,1,1,1,0,0,0,0,0,0,0,0,1,0,0,0,0,0,0,0,0,0,0,0,0,0,0.0,0.0,0.0,0.0,7.598399329323964,0.0,0.0,0.0,0.0,0.0,0.0,0.0,0.0,0.0,0.0,9.711176264112805
696670,359000.0,848,6.742880635791903,0.719104,1162,7.057897937411856,314,5.752572638825633,424,6.052089168924417,0.7405660377358491,1216,7.104144092987527,1.4339622641509433,0,74,4.31748811353631,5.476,1.0,0.6931471805599453,2,1,0,1.0,0.5,282.6666666666667,2.0,0,1,1,1,1,0,0,0,0,0,0,0,0,0,0,0,0,1,0,0,0,0,0,0,1,0,0,0.0,0.0,0.0,0.0,0.0,0.0,0.0,0.0,6.742880635791903,0.0,0.0,0.0,0.0,0.0,0.0,7.104144092987527
697588,975000.0,2101,7.650168700845001,4.414201,2851,7.955425088912672,750,6.621405651764134,822,6.71295620067707,0.9124087591240876,3030,8.016647877057803,1.4421703950499762,0,6,1.9459101490553132,0.036,6.0,1.9459101490553132,3,4,1,4.5,1.5,300.14285714285717,3.0,0,0,1,1,1,0,0,0,0,0,0,0,0,0,1,0,0,0,0,0,0,0,0,1,0,0,0,0.0,0.0,0.0,0.0,0.0,7.650168700845001,0.0,0.0,0.0,0.0,0.0,0.0,0.0,0.0,0.0,8.016647877057803
697865,156700.0,980,6.887552571664617,0.9604,980,6.887552571664617,0,0.0,0,0.0,0.0,0,0.0,0.0,0,50,3.9318256327243257,2.5,50.0,3.9318256327243257,2,1,1,1.5,0.75,326.6666666666667,1.0,1,0,0,0,0,0,0,0,0,0,0,0,1,0,0,0,0,0,0,0,0,0,0,1,0,0,0,0.0,0.0,0.0,6.887552571664617,0.0,0.0,0.0,0.0,0.0,0.0,0.0,0.0,0.0,6.887552571664617,3.9318256327243257,0.0
697867,310000.0,1509,7.319202458767849,2.277081,1509,7.319202458767849,0,0.0,0,0.0,0.0,3044,8.021256180143997,2.0172299536116634,0,13,2.6390573296152584,0.169,13.0,2.6390573296152584,3,2,1,2.5,0.8333333333333334,301.8,2.0,0,0,1,0,0,0,0,0,0,0,0,0,0,0,0,0,0,0,0,0,0,0,1,0,0,0,0,0.0,0.0,0.0,0.0,0.0,0.0,0.0,0.0,0.0,0.0,0.0,0.0,0.0,0.0,0.0,8.021256180143997
697899,273302.0,1715,7.44716835960004,2.941225,1715,7.44716835960004,0,0.0,0,0.0,0.0,2486,7.818832443803404,1.4495626822157435,0,1,0.6931471805599453,0.001,1.0,0.6931471805599453,4,3,0,3.0,0.75,245.0,2.5,0,0,1,0,0,0,1,0,0,0,0,0,0,0,0,0,0,0,0,0,0,0,0,0,0,0,1,0.0,0.0,0.0,0.0,0.0,0.0,0.0,0.0,0.0,0.0,0.0,0.0,0.0,0.0,0.0,7.818832443803404
697948,351000.0,1494,7.309212365692763,2.232036,1494,7.309212365692763,0,0.0,0,0.0,0.0,2800,7.937731775260109,1.8741633199464525,0,11,2.4849066497880004,0.121,2.0,1.0986122886681098,3,2,1,2.5,0.8333333333333334,298.8,2.0,0,1,1,0,0,0,0,0,0,0,0,0,0,0,0,0,0,0,0,0,0,0,1,0,0,0,0,0.0,0.0,0.0,0.0,0.0,0.0,0.0,0.0,0.0,0.0,0.0,0.0,0.0,0.0,0.0,7.937731775260109
698175,346200.0,1866,7.531552381407289,3.481956,1866,7.531552381407289,0,0.0,0,0.0,0.0,3240,8.083637203141548,1.7363344051446945,0,1,0.6931471805599453,0.001,1.0,0.6931471805599453,3,2,1,2.5,0.8333333333333334,373.2,2.0,0,0,1,0,0,0,1,0,0,0,0,0,0,0,0,0,0,0,0,0,0,0,0,1,0,0,0,0.0,0.0,0.0,0.0,0.0,0.0,0.0,0.0,0.0,0.0,0.0,0.0,0.0,0.0,0.0,8.083637203141548
698827,204500.0,591,6.3818160174060985,0.349281,591,6.3818160174060985,0,0.0,0,0.0,0.0,0,0.0,0.0,0,68,4.23410650459726,4.624,6.0,1.9459101490553132,1,1,0,1.0,1.0,295.5,1.0,1,1,0,0,0,0,0,0,0,0,0,0,0,0,0,0,0,1,0,0,0,0,0,1,0,0,0,0.0,0.0,0.0,0.0,0.0,0.0,0.0,0.0,6.3818160174060985,0.0,0.0,0.0,0.0,6.3818160174060985,4.23410650459726,0.0
698949,296300.0,1454,7.282073658093465,2.114116,1454,7.282073658093465,0,0.0,0,0.0,0.0,1400,7.244941546337007,0.9628610729023384,0,1,0.6931471805599453,0.001,1.0,0.6931471805599453,3,2,1,2.5,0.8333333333333334,290.8,2.0,0,0,1,0,0,0,1,0,0,0,0,0,0,0,0,0,0,0,0,0,0,0,0,0,1,0,0,0.0,0.0,0.0,0.0,0.0,0.0,0.0,0.0,0.0,0.0,0.0,0.0,0.0,0.0,0.0,7.244941546337007
699560,1279000.0,3072,8.030084094267563,9.437184,3932,8.276903481267057,860,6.7580945044277305,955,6.862757913051401,0.900523560209424,7500,8.922791623969637,2.44140625,0,65,4.189654742026425,4.225,1.0,0.6931471805599453,5,5,1,5.5,1.1,307.2,2.0,0,1,1,1,1,0,0,0,0,0,0,0,0,0,0,0,0,1,0,0,0,0,1,0,0,0,0,0.0,0.0,0.0,0.0,0.0,0.0,0.0,0.0,8.030084094267563,0.0,0.0,0.0,0.0,0.0,0.0,8.922791623969637
700125,189000.0,511,6.236369590203704,0.261121,511,6.236369590203704,0,0.0,0,0.0,0.0,0,0.0,0.0,0,36,3.6109179126442243,1.296,36.0,3.6109179126442243,1,1,0,1.0,1.0,255.5,1.0,1,0,0,0,0,0,0,0,0,0,0,0,0,0,0,1,0,0,0,0,0,0,0,0,1,0,0,0.0,0.0,0.0,0.0,0.0,0.0,6.236369590203704,0.0,0.0,0.0,0.0,0.0,0.0,6.236369590203704,3.6109179126442243,0.0
700706,350000.0,1438,7.271008538280992,2.067844,1438,7.271008538280992,0,0.0,0,0.0,0.0,2625,7.873217054862741,1.825452016689847,0,37,3.6375861597263857,1.369,0.0,0.0,3,1,1,1.5,0.5,359.5,2.0,0,1,1,0,0,0,0,0,0,0,0,0,0,0,0,1,0,0,0,0,0,0,0,0,1,0,0,0.0,0.0,0.0,0.0,0.0,0.0,7.271008538280992,0.0,0.0,0.0,0.0,0.0,0.0,0.0,0.0,7.873217054862741
700805,835048.0,2614,7.868636894184167,6.832996,3807,8.244596756382498,1193,7.085064293952548,2614,7.869019376499023,0.4563886763580719,5850,8.674367865788236,2.237949502677888,0,1,0.6931471805599453,0.001,1.0,0.6931471805599453,4,3,1,3.5,0.875,373.42857142857144,1.0,0,0,1,1,1,0,1,0,0,0,1,0,0,0,0,0,0,0,0,0,0,0,0,0,0,0,0,0.0,7.868636894184167,0.0,0.0,0.0,0.0,0.0,0.0,0.0,0.0,0.0,0.0,0.0,0.0,0.0,8.674367865788236
700989,368000.0,783,6.663132695990803,0.613089,1503,7.315218389752975,720,6.580639137284949,783,6.664409020350408,0.9195402298850575,2772,7.927685045615778,3.5402298850574714,0,65,4.189654742026425,4.225,6.0,1.9459101490553132,2,2,0,2.0,1.0,195.75,1.0,0,1,1,1,1,0,0,0,0,0,0,0,0,0,0,0,0,1,0,0,0,0,0,1,0,0,0,0.0,0.0,0.0,0.0,0.0,0.0,0.0,0.0,6.663132695990803,0.0,0.0,0.0,0.0,0.0,0.0,7.927685045615778
701420,585000.0,2170,7.682482446534506,4.7089,2988,8.002359546252707,818,6.70808408385307,930,6.836259277277067,0.8795698924731182,3968,8.286269452783065,1.8285714285714285,0,3,1.3862943611198906,0.009,3.0,1.3862943611198906,2,3,1,3.5,1.75,434.0,2.0,0,0,1,1,1,0,0,0,0,0,1,0,0,0,0,0,0,0,0,0,0,0,1,0,0,0,0,0.0,7.682482446534506,0.0,0.0,0.0,0.0,0.0,0.0,0.0,0.0,0.0,0.0,0.0,0.0,0.0,8.286269452783065
701889,579900.0,1480,7.299797366758161,2.1904,1480,7.299797366758161,0,0.0,0,0.0,0.0,975,6.883462586413092,0.6587837837837838,0,2,1.0986122886681098,0.004,2.0,1.0986122886681098,3,3,1,3.5,1.1666666666666667,246.66666666666666,3.0,0,0,1,0,0,0,0,0,0,0,0,0,0,0,0,0,0,0,0,1,0,0,0,0,1,0,0,0.0,0.0,0.0,0.0,0.0,0.0,0.0,0.0,0.0,0.0,7.299797366758161,0.0,0.0,0.0,0.0,6.883462586413092
702210,380000.0,1090,6.993932975223189,1.1881,1090,6.993932975223189,0,0.0,0,0.0,0.0,9220,9.129238770539141,8.458715596330276,0,69,4.248495242049359,4.761,0.0,0.0,2,1,0,1.0,0.5,363.3333333333333,1.0,0,1,1,0,0,0,0,0,0,0,0,0,0,0,0,0,0,0,1,0,0,0,0,0,0,0,0,0.0,0.0,0.0,0.0,0.0,0.0,0.0,0.0,0.0,6.993932975223189,0.0,0.0,0.0,0.0,0.0,9.129238770539141
702967,675000.0,1234,7.1180162044653335,1.522756,1234,7.1180162044653335,0,0.0,0,0.0,0.0,0,0.0,0.0,0,14,2.70805020110221,0.196,14.0,2.70805020110221,2,2,0,2.0,1.0,308.5,1.0,1,0,0,0,0,0,0,0,0,0,0,0,0,0,0,0,0,0,0,0,1,0,0,1,0,0,0,0.0,0.0,0.0,0.0,0.0,0.0,0.0,0.0,0.0,0.0,0.0,7.1180162044653335,0.0,7.1180162044653335,2.70805020110221,0.0
703006,393000.0,896,6.79794041297493,0.802816,1613,7.385851078125209,717,6.576469569048224,896,6.799055862058796,0.8002232142857143,6250,8.740496729931813,6.975446428571429,0,65,4.189654742026425,4.225,65.0,4.189654742026425,2,2,0,2.0,1.0,224.0,1.0,0,0,1,1,1,0,0,0,0,0,0,0,0,0,0,0,0,0,1,0,0,0,0,0,0,0,0,0.0,0.0,0.0,0.0,0.0,0.0,0.0,0.0,0.0,6.79794041297493,0.0,0.0,0.0,0.0,0.0,8.740496729931813
703280,350000.0,1751,7.467942332285852,3.066001,1751,7.467942332285852,0,0.0,0,0.0,0.0,4487,8.409162447202533,2.562535693889206,0,15,2.772588722239781,0.225,15.0,2.772588722239781,3,2,1,2.5,0.8333333333333334,350.2,2.0,0,0,1,0,0,0,0,0,0,0,0,0,0,0,0,0,0,0,0,0,0,0,1,0,0,0,0,0.0,0.0,0.0,0.0,0.0,0.0,0.0,0.0,0.0,0.0,0.0,0.0,0.0,0.0,0.0,8.409162447202533
703463,675000.0,1036,6.943122422819428,1.073296,1036,6.943122422819428,0,0.0,0,0.0,0.0,0,0.0,0.0,0,1,0.6931471805599453,0.001,1.0,0.6931471805599453,2,2,0,2.0,1.0,259.0,1.0,1,0,0,0,0,0,1,0,0,0,0,0,0,0,1,0,0,0,0,0,0,0,0,1,0,0,0,0.0,0.0,0.0,0.0,0.0,6.943122422819428,0.0,0.0,0.0,0.0,0.0,0.0,0.0,6.943122422819428,0.6931471805599453,0.0
703649,130000.0,833,6.725033642166843,0.693889,833,6.725033642166843,0,0.0,0,0.0,0.0,0,0.0,0.0,0,48,3.8918202981106265,2.304,48.0,3.8918202981106265,2,1,0,1.0,0.5,277.6666666666667,1.0,1,0,0,0,0,0,0,0,0,0,0,0,0,0,0,0,0,0,0,0,0,1,0,1,0,0,0,0.0,0.0,0.0,0.0,0.0,0.0,0.0,0.0,0.0,0.0,0.0,0.0,6.725033642166843,6.725033642166843,3.8918202981106265,0.0
703922,977323.0,3080,8.03268487596762,9.4864,4088,8.31581113188354,1008,6.9167150203536085,1442,7.274479558773871,0.6990291262135923,6600,8.79497643168877,2.142857142857143,0,0,0.0,0.0,0.0,0.0,4,4,1,4.5,1.125,385.0,2.0,0,0,1,1,1,0,1,0,0,0,1,0,0,0,0,0,0,0,0,0,0,0,1,0,0,0,0,0.0,8.03268487596762,0.0,0.0,0.0,0.0,0.0,0.0,0.0,0.0,0.0,0.0,0.0,0.0,0.0,8.79497643168877
704048,360000.0,3231,8.080546965824498,10.439361,4571,8.427487278331744,1340,7.201170883281678,2283,7.7336835707759,0.5869469995619798,7820,8.964567702601611,2.420303311668214,0,0,0.0,0.0,0.0,0.0,4,5,0,5.0,1.25,359.0,2.0,0,0,1,1,1,0,1,0,0,0,0,0,0,0,0,0,0,1,0,0,0,0,1,0,0,0,0,0.0,0.0,0.0,0.0,0.0,0.0,0.0,0.0,8.080546965824498,0.0,0.0,0.0,0.0,0.0,0.0,8.964567702601611
704105,475000.0,1360,7.215239978730097,1.8496,1360,7.215239978730097,0,0.0,0,0.0,0.0,7500,8.922791623969637,5.514705882352941,0,69,4.248495242049359,4.761,3.0,1.3862943611198906,3,2,0,2.0,0.6666666666666666,272.0,1.0,0,1,1,0,0,0,0,0,0,0,0,0,0,0,0,0,0,0,1,0,0,0,0,0,0,0,0,0.0,0.0,0.0,0.0,0.0,0.0,0.0,0.0,0.0,7.215239978730097,0.0,0.0,0.0,0.0,0.0,8.922791623969637
704634,326000.0,1413,7.253470382684528,1.996569,1413,7.253470382684528,0,0.0,0,0.0,0.0,5170,8.550821372396221,3.6588818117480537,0,16,2.833213344056216,0.256,16.0,2.833213344056216,3,2,1,2.5,0.8333333333333334,282.6,2.0,0,1,1,0,0,0,0,0,0,0,0,0,0,0,0,0,0,0,0,0,0,0,1,0,0,0,0,0.0,0.0,0.0,0.0,0.0,0.0,0.0,0.0,0.0,0.0,0.0,0.0,0.0,0.0,0.0,8.550821372396221
705059,1060000.0,1449,7.278628942320682,2.099601,1449,7.278628942320682,0,0.0,0,0.0,0.0,0,0.0,0.0,0,2,1.0986122886681098,0.004,2.0,1.0986122886681098,3,2,0,2.0,0.6666666666666666,289.8,1.0,1,0,0,0,0,0,0,0,0,0,0,0,0,0,0,0,0,0,0,0,1,0,0,1,0,0,0,0.0,0.0,0.0,0.0,0.0,0.0,0.0,0.0,0.0,0.0,0.0,7.278628942320682,0.0,7.278628942320682,1.0986122886681098,0.0
705631,515000.0,1747,7.465655310134056,3.052009,2203,7.697575346802343,456,6.124683390894205,556,6.322565239927284,0.8201438848920863,5027,8.522777569710138,2.877504293073841,0,22,3.1354942159291497,0.484,22.0,3.1354942159291497,3,3,1,3.5,1.1666666666666667,291.1666666666667,2.0,0,0,1,1,1,0,0,0,0,0,0,0,0,0,0,1,0,0,0,0,0,0,1,0,0,0,0,0.0,0.0,0.0,0.0,0.0,0.0,7.465655310134056,0.0,0.0,0.0,0.0,0.0,0.0,0.0,0.0,8.522777569710138
705734,922878.0,1966,7.583756300707112,3.865156,2614,7.868636894184167,648,6.47543271670409,1021,6.92951677076365,0.6346718903036239,4417,8.393442383980062,2.2466937945066126,0,0,0.0,0.0,0.0,0.0,3,3,1,3.5,1.1666666666666667,327.6666666666667,2.0,0,0,1,1,1,0,1,0,0,0,1,0,0,0,0,0,0,0,0,0,0,0,1,0,0,0,0,0.0,7.583756300707112,0.0,0.0,0.0,0.0,0.0,0.0,0.0,0.0,0.0,0.0,0.0,0.0,0.0,8.393442383980062
705900,175000.0,967,6.874198495453294,0.935089,967,6.874198495453294,0,0.0,0,0.0,0.0,0,0.0,0.0,0,48,3.8918202981106265,2.304,48.0,3.8918202981106265,2,1,1,1.5,0.75,322.3333333333333,1.0,1,0,0,0,0,0,0,0,0,0,0,0,0,1,0,0,0,0,0,0,0,0,0,0,1,0,0,0.0,0.0,0.0,0.0,6.874198495453294,0.0,0.0,0.0,0.0,0.0,0.0,0.0,0.0,6.874198495453294,3.8918202981106265,0.0
705942,165000.0,945,6.851184927493743,0.893025,945,6.851184927493743,0,0.0,0,0.0,0.0,0,0.0,0.0,0,50,3.9318256327243257,2.5,50.0,3.9318256327243257,2,1,0,1.0,0.5,315.0,1.0,1,0,0,0,0,0,0,0,0,0,0,0,0,0,0,0,0,0,0,0,0,1,0,1,0,0,0,0.0,0.0,0.0,0.0,0.0,0.0,0.0,0.0,0.0,0.0,0.0,0.0,6.851184927493743,6.851184927493743,3.9318256327243257,0.0
706981,659000.0,1860,7.528331766707247,3.4596,1860,7.528331766707247,0,0.0,127,4.852030263919617,0.0,3140,8.052296499538647,1.6881720430107527,0,133,4.897839799950911,17.689,13.0,2.6390573296152584,3,2,0,2.0,0.6666666666666666,372.0,2.0,0,1,1,1,0,0,0,1,0,0,0,1,0,0,0,0,0,0,0,0,0,0,1,0,0,0,0,0.0,0.0,7.528331766707247,0.0,0.0,0.0,0.0,0.0,0.0,0.0,0.0,0.0,0.0,0.0,0.0,8.052296499538647
708049,409500.0,1656,7.412160334945205,2.742336,1656,7.412160334945205,0,0.0,1656,7.4127640174265625,0.0,4545,8.422003004412488,2.744565217391304,0,1,0.6931471805599453,0.001,1.0,0.6931471805599453,2,2,0,2.0,1.0,414.0,1.0,0,0,1,1,0,0,1,0,0,0,0,0,0,0,0,0,0,0,0,0,0,0,0,0,0,0,0,0.0,0.0,0.0,0.0,0.0,0.0,0.0,0.0,0.0,0.0,0.0,0.0,0.0,0.0,0.0,8.422003004412488
708406,550000.0,1389,7.236339342754344,1.929321,1389,7.236339342754344,0,0.0,0,0.0,0.0,0,0.0,0.0,0,18,2.9444389791664403,0.324,4.0,1.6094379124341003,1,1,0,1.0,1.0,694.5,1.0,1,1,0,0,0,0,0,0,0,0,0,1,0,0,0,0,0,0,0,0,0,0,0,0,1,0,0,0.0,0.0,7.236339342754344,0.0,0.0,0.0,0.0,0.0,0.0,0.0,0.0,0.0,0.0,7.236339342754344,2.9444389791664403,0.0
709191,517500.0,1500,7.313220387090301,2.25,2122,7.660114319173928,622,6.434546518787453,655,6.486160788944089,0.9496183206106871,2486,7.818832443803404,1.6573333333333333,0,5,1.791759469228055,0.025,5.0,1.791759469228055,3,3,1,3.5,1.1666666666666667,250.0,2.0,0,0,1,1,1,0,0,0,0,0,1,0,0,0,0,0,0,0,0,0,0,0,0,1,0,0,0,0.0,7.313220387090301,0.0,0.0,0.0,0.0,0.0,0.0,0.0,0.0,0.0,0.0,0.0,0.0,0.0,7.818832443803404
709899,866392.0,4405,8.39049553837028,19.404025,5820,8.669055540725484,1415,7.255591274253665,1625,7.3938782901077555,0.8707692307692307,18029,9.799792316197363,4.092849035187287,0,0,0.0,0.0,0.0,0.0,5,5,0,5.0,1.0,440.5,2.0,0,0,1,1,1,0,1,0,0,0,0,0,0,0,0,0,0,0,0,0,0,0,1,0,0,0,0,0.0,0.0,0.0,0.0,0.0,0.0,0.0,0.0,0.0,0.0,0.0,0.0,0.0,0.0,0.0,9.799792316197363
710385,440000.0,1498,7.311886164077165,2.244004,1498,7.311886164077165,0,0.0,0,0.0,0.0,7310,8.897135342293316,4.879839786381843,0,71,4.276666119016055,5.041,71.0,4.276666119016055,2,2,0,2.0,1.0,374.5,1.0,0,0,1,0,0,0,0,0,0,0,0,0,0,0,0,0,0,0,1,0,0,0,0,0,0,0,0,0.0,0.0,0.0,0.0,0.0,0.0,0.0,0.0,0.0,7.311886164077165,0.0,0.0,0.0,0.0,0.0,8.897135342293316
710903,462000.0,1960,7.580699752224563,3.8416,2741,7.916078096302786,781,6.661854740545311,868,6.767343125265392,0.8997695852534562,7676,8.945984124827898,3.916326530612245,476,45,3.828641396489095,2.025,0.0,0.0,4,3,1,3.5,0.875,280.0,1.0,0,1,1,1,1,1,0,0,0,0,0,0,1,0,0,0,0,0,0,0,0,0,0,0,0,1,0,0.0,0.0,0.0,7.580699752224563,0.0,0.0,0.0,0.0,0.0,0.0,0.0,0.0,0.0,0.0,0.0,8.945984124827898
711310,550000.0,3296,8.100464891029363,10.863616,4856,8.487970332739334,1560,7.353081920515432,1741,7.462789157412448,0.8960367604824814,6500,8.77971129020447,1.9720873786407767,0,0,0.0,0.0,0.0,0.0,3,5,0,5.0,1.6666666666666667,412.0,2.0,0,0,1,1,1,0,1,0,0,0,0,0,0,0,0,0,0,1,0,0,0,0,1,0,0,0,0,0.0,0.0,0.0,0.0,0.0,0.0,0.0,0.0,8.100464891029363,0.0,0.0,0.0,0.0,0.0,0.0,8.77971129020447
713352,354000.0,1345,7.20414929203594,1.809025,1345,7.20414929203594,0,0.0,828,6.720220155135295,0.0,0,0.0,0.0,0,45,3.828641396489095,2.025,0.0,0.0,2,2,0,2.0,1.0,336.25,1.0,1,1,0,1,0,0,0,0,0,0,0,0,0,0,0,1,0,0,0,0,0,0,0,1,0,0,0,0.0,0.0,0.0,0.0,0.0,0.0,7.20414929203594,0.0,0.0,0.0,0.0,0.0,0.0,7.20414929203594,3.828641396489095,0.0
713813,517632.0,2021,7.611347717403621,4.084441,2021,7.611347717403621,0,0.0,781,6.661854740545311,0.0,3150,8.055475141757274,1.5586343394359228,0,0,0.0,0.0,0.0,0.0,3,2,1,2.5,0.8333333333333334,404.2,2.0,0,0,1,1,0,0,1,0,0,0,1,0,0,0,0,0,0,0,0,0,0,0,0,1,0,0,0,0.0,7.611347717403621,0.0,0.0,0.0,0.0,0.0,0.0,0.0,0.0,0.0,0.0,0.0,0.0,0.0,8.055475141757274
715292,615000.0,1911,7.555381944240273,3.651921,2766,7.925157512224703,855,6.752270376141742,915,6.82001636467413,0.9344262295081968,3690,8.213652703029998,1.9309262166405023,0,2,1.0986122886681098,0.004,2.0,1.0986122886681098,3,3,1,3.5,1.1666666666666667,318.5,2.0,0,0,1,1,1,0,0,0,0,0,1,0,0,0,0,0,0,0,0,0,0,0,1,0,0,0,0,0.0,7.555381944240273,0.0,0.0,0.0,0.0,0.0,0.0,0.0,0.0,0.0,0.0,0.0,0.0,0.0,8.213652703029998
715333,777600.0,1851,7.523481312573497,3.426201,1851,7.523481312573497,0,0.0,0,0.0,0.0,0,0.0,0.0,0,38,3.6635616461296463,1.444,1.0,0.6931471805599453,2,2,0,2.0,1.0,462.75,1.0,1,1,0,0,0,0,0,0,0,0,0,0,0,0,0,0,0,0,0,0,1,0,0,1,0,0,0,0.0,0.0,0.0,0.0,0.0,0.0,0.0,0.0,0.0,0.0,0.0,7.523481312573497,0.0,7.523481312573497,3.6635616461296463,0.0
716447,274000.0,1119,7.020190708311925,1.252161,1119,7.020190708311925,0,0.0,0,0.0,0.0,0,0.0,0.0,0,18,2.9444389791664403,0.324,18.0,2.9444389791664403,2,2,0,2.0,1.0,279.75,1.0,1,0,0,0,0,0,0,0,0,0,0,0,0,0,0,1,0,0,0,0,0,0,0,1,0,0,0,0.0,0.0,0.0,0.0,0.0,0.0,7.020190708311925,0.0,0.0,0.0,0.0,0.0,0.0,7.020190708311925,2.9444389791664403,0.0
716735,505000.0,1334,7.195937226475569,1.779556,1834,7.51425465281641,500,6.2166061010848646,607,6.410174881966167,0.8237232289950577,8370,9.032528630660057,6.2743628185907045,444,49,3.912023005428146,2.401,0.0,0.0,3,2,1,2.5,0.8333333333333334,266.8,1.0,0,1,1,1,1,1,0,0,0,0,0,0,0,1,0,0,0,0,0,0,0,0,0,0,0,1,0,0.0,0.0,0.0,0.0,7.195937226475569,0.0,0.0,0.0,0.0,0.0,0.0,0.0,0.0,0.0,0.0,9.032528630660057
719067,586000.0,1994,7.597897950521784,3.976036,2833,7.949091499830517,839,6.733401891837359,932,6.838405200847344,0.9002145922746781,10600,9.268703615273097,5.315947843530592,0,43,3.784189633918261,1.849,1.0,0.6931471805599453,3,3,0,3.0,1.0,332.3333333333333,1.0,0,1,1,1,1,0,0,0,0,0,0,0,0,1,0,0,0,0,0,0,0,0,0,0,0,0,0,0.0,0.0,0.0,0.0,7.597897950521784,0.0,0.0,0.0,0.0,0.0,0.0,0.0,0.0,0.0,0.0,9.268703615273097
719481,375000.0,909,6.812345094177479,0.826281,909,6.812345094177479,0,0.0,0,0.0,0.0,2251,7.719573989259581,2.4763476347634765,0,109,4.700480365792417,11.881,9.0,2.302585092994046,1,1,0,1.0,1.0,454.5,1.0,0,1,1,0,0,0,0,1,0,0,0,0,0,0,1,0,0,0,0,0,0,0,0,1,0,0,0,0.0,0.0,0.0,0.0,0.0,6.812345094177479,0.0,0.0,0.0,0.0,0.0,0.0,0.0,0.0,0.0,7.719573989259581
721248,408000.0,1355,7.2115567333138015,1.836025,1355,7.2115567333138015,0,0.0,0,0.0,0.0,1361,7.216709486709457,1.0044280442804427,0,4,1.6094379124341003,0.016,4.0,1.6094379124341003,2,2,1,2.5,1.25,338.75,3.0,0,0,1,0,0,0,0,0,0,0,1,0,0,0,0,0,0,0,0,0,0,0,0,0,1,0,0,0.0,7.2115567333138015,0.0,0.0,0.0,0.0,0.0,0.0,0.0,0.0,0.0,0.0,0.0,0.0,0.0,7.216709486709457
721252,210000.0,1142,7.040536390215956,1.304164,1142,7.040536390215956,0,0.0,0,0.0,0.0,0,0.0,0.0,0,46,3.8501476017100584,2.116,46.0,3.8501476017100584,2,1,1,1.5,0.75,380.6666666666667,2.0,1,0,0,0,0,0,0,0,0,0,0,0,0,0,0,0,0,0,0,0,0,1,0,0,1,0,0,0.0,0.0,0.0,0.0,0.0,0.0,0.0,0.0,0.0,0.0,0.0,0.0,7.040536390215956,7.040536390215956,3.8501476017100584,0.0
721481,173900.0,967,6.874198495453294,0.935089,967,6.874198495453294,0,0.0,0,0.0,0.0,0,0.0,0.0,0,48,3.8918202981106265,2.304,48.0,3.8918202981106265,2,1,1,1.5,0.75,322.3333333333333,1.0,1,0,0,0,0,0,0,0,0,0,0,0,0,1,0,0,0,0,0,0,0,0,0,0,1,0,0,0.0,0.0,0.0,0.0,6.874198495453294,0.0,0.0,0.0,0.0,0.0,0.0,0.0,0.0,6.874198495453294,3.8918202981106265,0.0
722201,595000.0,1756,7.470793774195062,3.083536,1756,7.470793774195062,0,0.0,0,0.0,0.0,1210,7.099201743553092,0.6890660592255126,0,2,1.0986122886681098,0.004,2.0,1.0986122886681098,3,3,1,3.5,1.1666666666666667,292.6666666666667,3.0,0,0,1,0,0,0,0,0,0,0,0,0,0,0,0,0,0,1,0,0,0,0,0,1,0,0,0,0.0,0.0,0.0,0.0,0.0,0.0,0.0,0.0,7.470793774195062,0.0,0.0,0.0,0.0,0.0,0.0,7.099201743553092
722214,510000.0,1060,6.966024187106113,1.1236,1060,6.966024187106113,0,0.0,1060,6.966967138613983,0.0,4690,8.453401058328458,4.4245283018867925,0,81,4.406719247264253,6.561,1.0,0.6931471805599453,2,1,1,1.5,0.75,353.3333333333333,1.0,0,1,1,1,0,0,0,1,0,0,0,0,0,0,0,0,0,1,0,0,0,0,0,1,0,0,0,0.0,0.0,0.0,0.0,0.0,0.0,0.0,0.0,6.966024187106113,0.0,0.0,0.0,0.0,0.0,0.0,8.453401058328458
722493,1050000.0,2286,7.734558844354756,5.225796,3185,8.066207568006265,899,6.802394763324311,946,6.853299093186078,0.9503171247357294,3061,8.026823576217629,1.3390201224846894,0,7,2.0794415416798357,0.049,7.0,2.0794415416798357,3,3,2,4.0,1.3333333333333333,381.0,3.0,0,0,1,1,1,0,0,0,0,0,0,0,0,0,1,0,0,0,0,0,0,0,0,1,0,0,0,0.0,0.0,0.0,0.0,0.0,7.734558844354756,0.0,0.0,0.0,0.0,0.0,0.0,0.0,0.0,0.0,8.026823576217629
722687,310000.0,786,6.666956792429207,0.617796,786,6.666956792429207,0,0.0,0,0.0,0.0,0,0.0,0.0,0,66,4.204692619390966,4.356,12.0,2.5649493574615367,2,1,0,1.0,0.5,262.0,1.0,1,1,0,0,0,0,0,0,0,0,0,0,0,0,0,0,0,1,0,0,0,0,0,1,0,0,0,0.0,0.0,0.0,0.0,0.0,0.0,0.0,0.0,6.666956792429207,0.0,0.0,0.0,0.0,6.666956792429207,4.204692619390966,0.0
722753,364000.0,1460,7.286191714702382,2.1316,1460,7.286191714702382,0,0.0,0,0.0,0.0,3040,8.019941687677365,2.0821917808219177,0,3,1.3862943611198906,0.009,3.0,1.3862943611198906,2,2,1,2.5,1.25,365.0,2.0,0,0,1,0,0,0,0,0,0,0,0,0,0,0,0,0,0,0,0,0,0,0,1,0,0,0,0,0.0,0.0,0.0,0.0,0.0,0.0,0.0,0.0,0.0,0.0,0.0,0.0,0.0,0.0,0.0,8.019941687677365
723129,180000.0,718,6.576469569048224,0.515524,718,6.576469569048224,0,0.0,0,0.0,0.0,0,0.0,0.0,0,17,2.8903717578961645,0.289,17.0,2.8903717578961645,1,1,0,1.0,1.0,359.0,1.0,1,0,0,0,0,0,0,0,0,0,0,0,0,0,0,1,0,0,0,0,0,0,0,1,0,0,0,0.0,0.0,0.0,0.0,0.0,0.0,6.576469569048224,0.0,0.0,0.0,0.0,0.0,0.0,6.576469569048224,2.8903717578961645,0.0
723330,184184.0,1137,7.036148493750536,1.292769,1137,7.036148493750536,0,0.0,0,0.0,0.0,675,6.516193076042964,0.5936675461741425,0,10,2.3978952727983707,0.1,10.0,2.3978952727983707,2,1,1,1.5,0.75,379.0,3.0,0,0,1,0,0,0,0,0,0,0,1,0,0,0,0,0,0,0,0,0,0,0,0,0,1,0,0,0.0,7.036148493750536,0.0,0.0,0.0,0.0,0.0,0.0,0.0,0.0,0.0,0.0,0.0,0.0,0.0,6.516193076042964
723370,320000.0,1524,7.329093736246592,2.322576,1524,7.329093736246592,0,0.0,0,0.0,0.0,4050,8.30671904320269,2.65748031496063,0,17,2.8903717578961645,0.289,17.0,2.8903717578961645,3,2,1,2.5,0.8333333333333334,304.8,2.0,0,1,1,0,0,0,0,0,0,0,0,0,0,0,0,0,0,0,0,0,0,0,1,0,0,0,0,0.0,0.0,0.0,0.0,0.0,0.0,0.0,0.0,0.0,0.0,0.0,0.0,0.0,0.0,0.0,8.30671904320269
723912,172000.0,597,6.391917113392602,0.356409,597,6.391917113392602,0,0.0,0,0.0,0.0,0,0.0,0.0,0,47,3.871201010907891,2.209,47.0,3.871201010907891,1,1,0,1.0,1.0,298.5,1.0,1,0,0,0,0,0,0,0,0,0,0,0,0,0,0,0,0,1,0,0,0,0,0,1,0,0,0,0.0,0.0,0.0,0.0,0.0,0.0,0.0,0.0,6.391917113392602,0.0,0.0,0.0,0.0,6.391917113392602,3.871201010907891,0.0
724778,775000.0,2009,7.605392364814935,4.036081,3251,8.086717920303906,1242,7.1252830915107115,1381,7.231287004327616,0.8993482983345402,6060,8.709630081951286,3.0164260826281732,0,85,4.454347296253507,7.225,6.0,1.9459101490553132,3,2,1,2.5,0.8333333333333334,401.8,1.5,0,1,1,1,1,0,0,1,0,0,0,0,0,0,0,0,0,1,0,0,0,0,0,0,0,0,1,0.0,0.0,0.0,0.0,0.0,0.0,0.0,0.0,7.605392364814935,0.0,0.0,0.0,0.0,0.0,0.0,8.709630081951286
724818,409500.0,1038,6.945051063725834,1.077444,1038,6.945051063725834,0,0.0,0,0.0,0.0,0,0.0,0.0,0,19,2.995732273553991,0.361,19.0,2.995732273553991,1,1,1,1.5,1.5,519.0,2.0,1,1,0,0,0,0,0,0,0,0,0,0,0,0,1,0,0,0,0,0,0,0,0,1,0,0,0,0.0,0.0,0.0,0.0,0.0,6.945051063725834,0.0,0.0,0.0,0.0,0.0,0.0,0.0,6.945051063725834,2.995732273553991,0.0
725061,218900.0,1063,6.968850378341948,1.129969,1063,6.968850378341948,0,0.0,0,0.0,0.0,0,0.0,0.0,0,46,3.8501476017100584,2.116,46.0,3.8501476017100584,2,1,0,1.0,0.5,354.3333333333333,1.0,1,0,0,0,0,0,0,0,0,0,0,0,1,0,0,0,0,0,0,0,0,0,0,0,1,0,0,0.0,0.0,0.0,6.968850378341948,0.0,0.0,0.0,0.0,0.0,0.0,0.0,0.0,0.0,6.968850378341948,3.8501476017100584,0.0
725397,362000.0,1345,7.20414929203594,1.809025,1345,7.20414929203594,0,0.0,828,6.720220155135295,0.0,0,0.0,0.0,0,41,3.7376696182833684,1.681,0.0,0.0,3,2,0,2.0,0.6666666666666666,269.0,1.0,1,1,0,1,0,0,0,0,0,0,0,0,0,0,0,1,0,0,0,0,0,0,0,1,0,0,0,0.0,0.0,0.0,0.0,0.0,0.0,7.20414929203594,0.0,0.0,0.0,0.0,0.0,0.0,7.20414929203594,3.7376696182833684,0.0
725399,1200000.0,1344,7.203405521083095,1.806336,1344,7.203405521083095,0,0.0,0,0.0,0.0,0,0.0,0.0,0,2,1.0986122886681098,0.004,2.0,1.0986122886681098,1,1,1,1.5,1.5,672.0,1.0,1,0,0,0,0,0,0,0,0,0,0,0,0,0,0,0,0,0,0,0,1,0,0,1,0,0,0,0.0,0.0,0.0,0.0,0.0,0.0,0.0,0.0,0.0,0.0,0.0,7.203405521083095,0.0,7.203405521083095,1.0986122886681098,0.0
725799,747000.0,1666,7.418180822726788,2.775556,2410,7.787382026484701,744,6.61338421837956,833,6.726233402358747,0.8931572629051621,2821,7.945201132412759,1.6932773109243697,0,22,3.1354942159291497,0.484,0.0,0.0,3,3,1,3.5,1.1666666666666667,277.6666666666667,2.0,0,1,1,1,1,0,0,0,0,0,0,0,0,0,0,0,0,0,0,1,0,0,1,0,0,0,0,0.0,0.0,0.0,0.0,0.0,0.0,0.0,0.0,0.0,0.0,7.418180822726788,0.0,0.0,0.0,0.0,7.945201132412759
726570,367325.0,1682,7.427738840532894,2.829124,1682,7.427738840532894,0,0.0,0,0.0,0.0,3700,8.216358332386156,2.1997621878715816,0,0,0.0,0.0,0.0,0.0,3,2,1,2.5,0.8333333333333334,336.4,2.0,0,0,1,0,0,0,1,0,0,0,0,0,0,0,0,0,0,0,0,0,0,0,1,0,0,0,0,0.0,0.0,0.0,0.0,0.0,0.0,0.0,0.0,0.0,0.0,0.0,0.0,0.0,0.0,0.0,8.216358332386156
727532,365000.0,1143,7.04141166379481,1.306449,1659,7.413970290190444,516,6.248042874508429,543,6.298949246855942,0.9502762430939227,8800,9.082620630373812,7.699037620297463,552,47,3.871201010907891,2.209,3.0,1.3862943611198906,3,2,1,2.5,0.8333333333333334,228.6,1.0,0,1,1,1,1,1,0,0,0,0,0,0,0,0,0,0,1,0,0,0,0,0,0,0,0,1,0,0.0,0.0,0.0,0.0,0.0,0.0,0.0,7.04141166379481,0.0,0.0,0.0,0.0,0.0,0.0,0.0,9.082620630373812
727692,610345.0,2014,7.607878073278507,4.056196,2866,7.960672608388117,852,6.748759547491679,952,6.859614903654202,0.8949579831932774,3761,8.232706009860976,1.8674280039721947,0,0,0.0,0.0,0.0,0.0,3,3,1,3.5,1.1666666666666667,335.6666666666667,2.0,0,0,1,1,1,0,1,0,0,0,1,0,0,0,0,0,0,0,0,0,0,0,1,0,0,0,0,0.0,7.607878073278507,0.0,0.0,0.0,0.0,0.0,0.0,0.0,0.0,0.0,0.0,0.0,0.0,0.0,8.232706009860976
728105,565000.0,1128,7.028201432058005,1.272384,1128,7.028201432058005,0,0.0,0,0.0,0.0,0,0.0,0.0,0,124,4.8283137373023015,15.376,124.0,4.8283137373023015,1,1,1,1.5,1.5,564.0,1.0,1,0,0,0,0,0,0,1,0,0,0,0,0,0,0,0,0,0,0,0,1,0,0,0,1,0,0,0.0,0.0,0.0,0.0,0.0,0.0,0.0,0.0,0.0,0.0,0.0,7.028201432058005,0.0,7.028201432058005,4.8283137373023015,0.0
728773,570000.0,1495,7.3098814858247865,2.235025,2852,7.955775781534187,1357,7.213768308118642,1457,7.284820912568604,0.9313658201784488,4388,8.386856689688234,2.9351170568561873,0,21,3.091042453358316,0.441,21.0,3.091042453358316,2,3,0,3.0,1.5,299.0,1.0,0,0,1,1,1,0,0,0,0,0,0,0,0,0,0,1,0,0,0,0,0,0,0,0,0,0,0,0.0,0.0,0.0,0.0,0.0,0.0,7.3098814858247865,0.0,0.0,0.0,0.0,0.0,0.0,0.0,0.0,8.386856689688234
728959,530304.0,1948,7.5745584842024805,3.794704,2719,7.908019444632471,771,6.648984550024776,870,6.769641976852503,0.8862068965517241,2969,7.996317231796746,1.5241273100616017,0,0,0.0,0.0,0.0,0.0,3,3,1,3.5,1.1666666666666667,324.6666666666667,2.0,0,1,1,1,1,0,1,0,0,0,1,0,0,0,0,0,0,0,0,0,0,0,1,0,0,0,0,0.0,7.5745584842024805,0.0,0.0,0.0,0.0,0.0,0.0,0.0,0.0,0.0,0.0,0.0,0.0,0.0,7.996317231796746
729140,332765.0,1534,7.335633981927201,2.353156,1534,7.335633981927201,0,0.0,600,6.398594934535208,0.0,1647,7.4073177104694174,1.0736636245110822,0,1,0.6931471805599453,0.001,1.0,0.6931471805599453,3,2,1,2.5,0.8333333333333334,306.8,2.0,0,0,1,1,0,0,1,0,0,0,0,0,0,0,0,0,0,0,0,0,0,0,0,1,0,0,0,0.0,0.0,0.0,0.0,0.0,0.0,0.0,0.0,0.0,0.0,0.0,0.0,0.0,0.0,0.0,7.4073177104694174
729505,162500.0,1029,6.9363427358340495,1.058841,1029,6.9363427358340495,0,0.0,0,0.0,0.0,0,0.0,0.0,0,49,3.912023005428146,2.401,0.0,0.0,2,2,0,2.0,1.0,257.25,1.0,1,1,0,0,0,0,0,0,0,0,0,0,1,0,0,0,0,0,0,0,0,0,0,1,0,0,0,0.0,0.0,0.0,6.9363427358340495,0.0,0.0,0.0,0.0,0.0,0.0,0.0,0.0,0.0,6.9363427358340495,3.912023005428146,0.0
730203,212500.0,1270,7.146772179452637,1.6129,1270,7.146772179452637,0,0.0,0,0.0,0.0,0,0.0,0.0,0,41,3.7376696182833684,1.681,0.0,0.0,2,2,0,2.0,1.0,317.5,1.0,1,1,0,0,0,0,0,0,0,0,0,0,1,0,0,0,0,0,0,0,0,0,0,0,1,0,0,0.0,0.0,0.0,7.146772179452637,0.0,0.0,0.0,0.0,0.0,0.0,0.0,0.0,0.0,7.146772179452637,3.7376696182833684,0.0
730627,140000.0,701,6.55250788703459,0.491401,701,6.55250788703459,0,0.0,0,0.0,0.0,0,0.0,0.0,0,40,3.713572066704308,1.6,40.0,3.713572066704308,1,1,0,1.0,1.0,350.5,1.0,1,0,0,0,0,0,0,0,0,0,0,0,0,0,0,0,0,0,0,0,0,1,0,0,1,0,0,0.0,0.0,0.0,0.0,0.0,0.0,0.0,0.0,0.0,0.0,0.0,0.0,6.55250788703459,6.55250788703459,3.713572066704308,0.0
730636,339000.0,1473,7.29505641646263,2.169729,1473,7.29505641646263,0,0.0,0,0.0,0.0,5275,8.570923513837204,3.5811269517990496,0,18,2.9444389791664403,0.324,18.0,2.9444389791664403,3,2,1,2.5,0.8333333333333334,294.6,2.0,0,0,1,0,0,0,0,0,0,0,0,0,0,0,0,0,0,0,0,0,0,0,1,0,0,0,0,0.0,0.0,0.0,0.0,0.0,0.0,0.0,0.0,0.0,0.0,0.0,0.0,0.0,0.0,0.0,8.570923513837204
731464,250000.0,1200,7.090076835776092,1.44,1200,7.090076835776092,0,0.0,0,0.0,0.0,0,0.0,0.0,0,43,3.784189633918261,1.849,4.0,1.6094379124341003,2,2,0,2.0,1.0,300.0,1.0,1,1,0,0,0,0,0,0,0,0,0,0,1,0,0,0,0,0,0,0,0,0,0,0,1,0,0,0.0,0.0,0.0,7.090076835776092,0.0,0.0,0.0,0.0,0.0,0.0,0.0,0.0,0.0,7.090076835776092,3.784189633918261,0.0
731473,785000.0,1179,7.072421900537371,1.390041,1179,7.072421900537371,0,0.0,0,0.0,0.0,0,0.0,0.0,0,2,1.0986122886681098,0.004,2.0,1.0986122886681098,1,1,1,1.5,1.5,589.5,1.0,1,0,0,0,0,0,0,0,0,0,0,0,0,0,0,0,0,0,0,0,1,0,0,0,1,0,0,0.0,0.0,0.0,0.0,0.0,0.0,0.0,0.0,0.0,0.0,0.0,7.072421900537371,0.0,7.072421900537371,1.0986122886681098,0.0
731713,350000.0,1391,7.237778191923443,1.934881,1715,7.44716835960004,324,5.783825182329737,424,6.052089168924417,0.7641509433962265,6473,8.775549434486189,4.653486700215672,0,23,3.1780538303479458,0.529,6.0,1.9459101490553132,3,3,1,3.5,1.1666666666666667,231.83333333333334,2.0,0,1,1,1,1,0,0,0,0,0,0,0,0,0,0,0,0,0,0,0,0,0,1,0,0,0,0,0.0,0.0,0.0,0.0,0.0,0.0,0.0,0.0,0.0,0.0,0.0,0.0,0.0,0.0,0.0,8.775549434486189
732256,462000.0,1249,7.130098510125578,1.560001,1249,7.130098510125578,0,0.0,0,0.0,0.0,6500,8.77971129020447,5.204163330664532,0,71,4.276666119016055,5.041,0.0,0.0,3,2,0,2.0,0.6666666666666666,249.8,1.0,0,1,1,0,0,0,0,0,0,0,0,0,0,0,0,0,0,0,1,0,0,0,0,0,0,0,0,0.0,0.0,0.0,0.0,0.0,0.0,0.0,0.0,0.0,7.130098510125578,0.0,0.0,0.0,0.0,0.0,8.77971129020447
733141,605000.0,768,6.643789733147672,0.589824,1268,7.145196134997171,500,6.2166061010848646,768,6.645090969505644,0.6510416666666666,4460,8.403128235128264,5.807291666666667,0,84,4.442651256490317,7.056,12.0,2.5649493574615367,2,2,0,2.0,1.0,192.0,1.0,0,1,1,1,1,0,0,1,0,0,0,0,0,0,0,0,0,0,0,1,0,0,0,0,0,0,0,0.0,0.0,0.0,0.0,0.0,0.0,0.0,0.0,0.0,0.0,6.643789733147672,0.0,0.0,0.0,0.0,8.403128235128264
733795,213000.0,1194,7.085064293952548,1.425636,1194,7.085064293952548,0,0.0,0,0.0,0.0,0,0.0,0.0,0,44,3.8066624897703196,1.936,0.0,0.0,2,2,0,2.0,1.0,298.5,1.0,1,1,0,0,0,0,0,0,0,0,0,0,0,0,0,0,0,0,0,0,0,1,0,0,1,0,0,0.0,0.0,0.0,0.0,0.0,0.0,0.0,0.0,0.0,0.0,0.0,0.0,7.085064293952548,7.085064293952548,3.8066624897703196,0.0
734246,370000.0,948,6.854354502255021,0.898704,948,6.854354502255021,0,0.0,0,0.0,0.0,0,0.0,0.0,0,109,4.700480365792417,11.881,18.0,2.9444389791664403,2,1,0,1.0,0.5,316.0,1.0,1,1,0,0,0,0,0,1,0,0,0,0,0,0,1,0,0,0,0,0,0,0,0,0,1,0,0,0.0,0.0,0.0,0.0,0.0,6.854354502255021,0.0,0.0,0.0,0.0,0.0,0.0,0.0,6.854354502255021,4.700480365792417,0.0
734330,712000.0,1912,7.555905093611346,3.655744,2504,7.825644732219989,592,6.385194398997726,864,6.762729506931879,0.6851851851851852,3420,8.137688184977605,1.788702928870293,0,0,0.0,0.0,0.0,0.0,3,3,1,3.5,1.1666666666666667,318.6666666666667,2.0,0,0,1,1,1,0,1,0,0,0,1,0,0,0,0,0,0,0,0,0,0,0,1,0,0,0,0,0.0,7.555905093611346,0.0,0.0,0.0,0.0,0.0,0.0,0.0,0.0,0.0,0.0,0.0,0.0,0.0,8.137688184977605
734632,115000.0,855,6.75110146893676,0.731025,855,6.75110146893676,0,0.0,0,0.0,0.0,0,0.0,0.0,0,54,4.007333185232471,2.916,0.0,0.0,1,1,0,1.0,1.0,427.5,1.0,1,1,0,0,0,0,0,0,0,0,0,0,0,0,0,0,0,0,0,0,0,1,0,0,1,0,0,0.0,0.0,0.0,0.0,0.0,0.0,0.0,0.0,0.0,0.0,0.0,0.0,6.75110146893676,6.75110146893676,4.007333185232471,0.0
734636,350000.0,1771,7.479299637782834,3.136441,1771,7.479299637782834,0,0.0,0,0.0,0.0,7000,8.853808274977197,3.952569169960474,0,52,3.970291913552122,2.704,1.0,0.6931471805599453,3,2,0,2.0,0.6666666666666666,354.2,2.0,0,1,1,0,0,0,0,0,0,0,0,0,0,0,0,0,1,0,0,0,0,0,1,0,0,0,0,0.0,0.0,0.0,0.0,0.0,0.0,0.0,7.479299637782834,0.0,0.0,0.0,0.0,0.0,0.0,0.0,8.853808274977197
734765,543029.0,2390,7.779048644925556,5.7121,2390,7.779048644925556,0,0.0,0,0.0,0.0,2536,7.838737559599282,1.0610878661087866,0,0,0.0,0.0,0.0,0.0,3,3,1,3.5,1.1666666666666667,398.3333333333333,3.0,0,0,1,0,0,0,1,0,0,0,1,0,0,0,0,0,0,0,0,0,0,0,0,1,0,0,0,0.0,7.779048644925556,0.0,0.0,0.0,0.0,0.0,0.0,0.0,0.0,0.0,0.0,0.0,0.0,0.0,7.838737559599282
735556,1250000.0,2176,7.685243607975833,4.734976,2176,7.685243607975833,0,0.0,0,0.0,0.0,0,0.0,0.0,0,19,2.995732273553991,0.361,19.0,2.995732273553991,2,2,1,2.5,1.25,544.0,1.0,1,1,0,0,0,0,0,0,0,0,0,0,0,0,0,0,0,0,0,0,1,0,0,0,1,0,0,0.0,0.0,0.0,0.0,0.0,0.0,0.0,0.0,0.0,0.0,0.0,7.685243607975833,0.0,7.685243607975833,2.995732273553991,0.0
736040,285936.0,690,6.536691597591305,0.4761,690,6.536691597591305,0,0.0,0,0.0,0.0,0,0.0,0.0,0,2,1.0986122886681098,0.004,2.0,1.0986122886681098,2,1,0,1.0,0.5,230.0,1.0,1,0,0,0,0,0,0,0,0,0,0,0,0,0,0,0,0,0,0,0,1,0,0,0,1,0,0,0.0,0.0,0.0,0.0,0.0,0.0,0.0,0.0,0.0,0.0,0.0,6.536691597591305,0.0,6.536691597591305,1.0986122886681098,0.0
736052,230058.0,1233,7.117205503164344,1.520289,1233,7.117205503164344,0,0.0,0,0.0,0.0,1760,7.473637108496206,1.4274128142741282,0,1,0.6931471805599453,0.001,1.0,0.6931471805599453,2,1,1,1.5,0.75,411.0,2.0,0,0,1,0,0,0,1,0,0,0,1,0,0,0,0,0,0,0,0,0,0,0,0,1,0,0,0,0.0,7.117205503164344,0.0,0.0,0.0,0.0,0.0,0.0,0.0,0.0,0.0,0.0,0.0,0.0,0.0,7.473637108496206
736965,940000.0,2486,7.818430272070656,6.180196,3414,8.135639903354386,928,6.834108738813838,1425,7.262628600974241,0.6512280701754386,5950,8.691314551644853,2.3934030571198712,0,94,4.553876891600541,8.836,94.0,4.553876891600541,4,2,1,2.5,0.625,414.3333333333333,2.0,0,0,1,1,1,0,0,1,0,0,0,0,0,0,0,0,0,0,1,0,0,0,1,0,0,0,0,0.0,0.0,0.0,0.0,0.0,0.0,0.0,0.0,0.0,7.818430272070656,0.0,0.0,0.0,0.0,0.0,8.691314551644853
738643,195500.0,1050,6.956545443151569,1.1025,1050,6.956545443151569,0,0.0,0,0.0,0.0,0,0.0,0.0,0,45,3.828641396489095,2.025,45.0,3.828641396489095,2,2,0,2.0,1.0,262.5,1.0,1,0,0,0,0,0,0,0,0,0,0,0,1,0,0,0,0,0,0,0,0,0,0,1,0,0,0,0.0,0.0,0.0,6.956545443151569,0.0,0.0,0.0,0.0,0.0,0.0,0.0,0.0,0.0,6.956545443151569,3.828641396489095,0.0
738693,955000.0,1349,7.207118856207756,1.819801,1349,7.207118856207756,0,0.0,0,0.0,0.0,0,0.0,0.0,0,129,4.867534450455582,16.641,4.0,1.6094379124341003,1,2,0,2.0,2.0,449.6666666666667,2.0,1,1,0,0,0,0,0,1,0,0,0,0,0,0,0,0,0,0,0,0,1,0,0,0,1,0,0,0.0,0.0,0.0,0.0,0.0,0.0,0.0,0.0,0.0,0.0,0.0,7.207118856207756,0.0,7.207118856207756,4.867534450455582,0.0
738699,635000.0,1315,7.181591944611865,1.729225,1315,7.181591944611865,0,0.0,0,0.0,0.0,0,0.0,0.0,0,40,3.713572066704308,1.6,1.0,0.6931471805599453,2,2,0,2.0,1.0,328.75,1.0,1,1,0,0,0,0,0,0,0,0,0,0,0,0,0,0,0,0,0,0,1,0,0,0,1,0,0,0.0,0.0,0.0,0.0,0.0,0.0,0.0,0.0,0.0,0.0,0.0,7.181591944611865,0.0,7.181591944611865,3.713572066704308,0.0
738926,800000.0,1325,7.1891677384203225,1.755625,1325,7.1891677384203225,0,0.0,0,0.0,0.0,0,0.0,0.0,0,2,1.0986122886681098,0.004,2.0,1.0986122886681098,3,2,1,2.5,0.8333333333333334,265.0,1.0,1,0,0,0,0,0,0,0,0,0,0,0,0,0,0,0,0,0,0,0,1,0,0,0,1,0,0,0.0,0.0,0.0,0.0,0.0,0.0,0.0,0.0,0.0,0.0,0.0,7.1891677384203225,0.0,7.1891677384203225,1.0986122886681098,0.0
739783,173000.0,945,6.851184927493743,0.893025,945,6.851184927493743,0,0.0,0,0.0,0.0,0,0.0,0.0,0,50,3.9318256327243257,2.5,50.0,3.9318256327243257,2,1,0,1.0,0.5,315.0,1.0,1,0,0,0,0,0,0,0,0,0,0,0,0,0,0,0,0,0,0,0,0,1,0,1,0,0,0,0.0,0.0,0.0,0.0,0.0,0.0,0.0,0.0,0.0,0.0,0.0,0.0,6.851184927493743,6.851184927493743,3.9318256327243257,0.0
740016,252500.0,840,6.733401891837359,0.7056,1529,7.332369205929062,689,6.536691597591305,840,6.734591659972948,0.8202380952380952,6500,8.77971129020447,7.738095238095238,0,49,3.912023005428146,2.401,0.0,0.0,2,2,0,2.0,1.0,210.0,1.0,0,1,1,1,1,0,0,0,0,0,0,0,0,0,0,0,1,0,0,0,0,0,0,0,0,0,0,0.0,0.0,0.0,0.0,0.0,0.0,0.0,6.733401891837359,0.0,0.0,0.0,0.0,0.0,0.0,0.0,8.77971129020447
740532,486230.0,980,6.887552571664617,0.9604,1960,7.580699752224563,980,6.8885724595653635,980,6.8885724595653635,1.0,8000,8.987321812850125,8.16326530612245,0,52,3.970291913552122,2.704,52.0,3.970291913552122,2,2,0,2.0,1.0,245.0,1.0,0,0,1,1,1,0,0,0,0,0,0,0,0,0,0,0,0,0,0,1,0,0,0,0,0,0,0,0.0,0.0,0.0,0.0,0.0,0.0,0.0,0.0,0.0,0.0,6.887552571664617,0.0,0.0,0.0,0.0,8.987321812850125
740753,325000.0,848,6.742880635791903,0.719104,848,6.742880635791903,0,0.0,424,6.052089168924417,0.0,1216,7.104144092987527,1.4339622641509433,0,74,4.31748811353631,5.476,19.0,2.995732273553991,2,1,0,1.0,0.5,282.6666666666667,2.0,0,1,1,1,0,0,0,0,0,0,0,0,0,0,0,0,0,1,0,0,0,0,0,0,1,0,0,0.0,0.0,0.0,0.0,0.0,0.0,0.0,0.0,6.742880635791903,0.0,0.0,0.0,0.0,0.0,0.0,7.104144092987527
740941,548484.0,2022,7.611842399580417,4.088484,2601,7.8636512654486515,579,6.363028103540465,781,6.661854740545311,0.7413572343149808,2594,7.861341795599989,1.2828882294757666,0,0,0.0,0.0,0.0,0.0,3,3,1,3.5,1.1666666666666667,337.0,2.0,0,0,1,1,1,0,1,0,0,0,1,0,0,0,0,0,0,0,0,0,0,0,0,1,0,0,0,0.0,7.611842399580417,0.0,0.0,0.0,0.0,0.0,0.0,0.0,0.0,0.0,0.0,0.0,0.0,0.0,7.861341795599989
740981,620000.0,914,6.81783057145415,0.835396,1427,7.2633296174768365,513,6.2422232654551655,540,6.293419278846481,0.95,4840,8.484876589939695,5.295404814004376,0,92,4.532599493153256,8.464,1.0,0.6931471805599453,2,2,0,2.0,1.0,228.5,1.0,0,1,1,1,1,0,0,1,0,0,0,0,0,0,0,0,0,0,0,1,0,0,0,0,0,0,0,0.0,0.0,0.0,0.0,0.0,0.0,0.0,0.0,0.0,0.0,6.81783057145415,0.0,0.0,0.0,0.0,8.484876589939695
741049,505000.0,1652,7.409741954080923,2.729104,1652,7.409741954080923,0,0.0,920,6.825460036255307,0.0,2880,7.9658927350845286,1.7433414043583535,0,13,2.6390573296152584,0.169,13.0,2.6390573296152584,3,2,1,2.5,0.8333333333333334,330.4,2.0,0,1,1,1,0,0,0,0,0,0,1,0,0,0,0,0,0,0,0,0,0,0,1,0,0,0,0,0.0,7.409741954080923,0.0,0.0,0.0,0.0,0.0,0.0,0.0,0.0,0.0,0.0,0.0,0.0,0.0,7.9658927350845286
741713,500000.0,1740,7.461640392208575,3.0276,2411,7.787796878181171,671,6.51025834052315,721,6.582025138892826,0.9306518723994452,2600,7.8636512654486515,1.4942528735632183,0,0,0.0,0.0,0.0,0.0,3,3,1,3.5,1.1666666666666667,290.0,2.0,0,0,1,1,1,0,1,0,0,0,1,0,0,0,0,0,0,0,0,0,0,0,0,1,0,0,0,0.0,7.461640392208575,0.0,0.0,0.0,0.0,0.0,0.0,0.0,0.0,0.0,0.0,0.0,0.0,0.0,7.8636512654486515
741726,759000.0,2116,7.65728279297819,4.477456,2846,7.953669778649798,730,6.594413459749778,811,6.699500340161678,0.9001233045622689,2895,7.971085753505607,1.3681474480151228,0,79,4.382026634673881,6.241,3.0,1.3862943611198906,2,3,1,3.5,1.75,423.2,3.0,0,1,1,1,1,0,0,0,0,0,0,0,0,0,0,0,0,1,0,0,0,0,0,1,0,0,0,0.0,0.0,0.0,0.0,0.0,0.0,0.0,0.0,7.65728279297819,0.0,0.0,0.0,0.0,0.0,0.0,7.971085753505607
741849,505000.0,1261,7.13966033596492,1.590121,2270,7.727535110475448,1009,6.917705609835305,1261,7.140453043101158,0.8001586042823157,9350,9.143238568435446,7.414750198255353,0,56,4.04305126783455,3.136,0.0,0.0,3,3,0,3.0,1.0,210.16666666666666,1.0,0,1,1,1,1,0,0,0,0,0,0,0,0,1,0,0,0,0,0,0,0,0,0,0,0,0,0,0.0,0.0,0.0,0.0,7.13966033596492,0.0,0.0,0.0,0.0,0.0,0.0,0.0,0.0,0.0,0.0,9.143238568435446
741857,334750.0,1524,7.329093736246592,2.322576,1524,7.329093736246592,0,0.0,0,0.0,0.0,5134,8.543835122362658,3.368766404199475,0,15,2.772588722239781,0.225,15.0,2.772588722239781,2,2,1,2.5,1.25,381.0,2.0,0,0,1,0,0,0,0,0,0,0,0,0,0,0,0,0,0,0,0,0,0,0,1,0,0,0,0,0.0,0.0,0.0,0.0,0.0,0.0,0.0,0.0,0.0,0.0,0.0,0.0,0.0,0.0,0.0,8.543835122362658
742053,321400.0,1643,7.404279118037268,2.699449,1643,7.404279118037268,0,0.0,0,0.0,0.0,2432,7.796880342783522,1.480219111381619,0,1,0.6931471805599453,0.001,1.0,0.6931471805599453,3,2,1,2.5,0.8333333333333334,328.6,2.0,0,0,1,0,0,0,1,0,0,0,0,0,0,0,0,0,0,0,0,0,0,0,0,1,0,0,0,0.0,0.0,0.0,0.0,0.0,0.0,0.0,0.0,0.0,0.0,0.0,0.0,0.0,0.0,0.0,7.796880342783522
743115,460000.0,1247,7.1284959456800365,1.555009,1247,7.1284959456800365,0,0.0,0,0.0,0.0,5980,8.696343057044556,4.79550922213312,665,46,3.8501476017100584,2.116,0.0,0.0,4,3,0,3.0,0.75,178.14285714285714,1.0,0,1,1,0,0,1,0,0,0,0,0,0,1,0,0,0,0,0,0,0,0,0,0,0,0,1,0,0.0,0.0,0.0,7.1284959456800365,0.0,0.0,0.0,0.0,0.0,0.0,0.0,0.0,0.0,0.0,0.0,8.696343057044556
743231,325000.0,1615,7.387090235656757,2.608225,1615,7.387090235656757,0,0.0,0,0.0,0.0,2800,7.937731775260109,1.7337461300309598,0,11,2.4849066497880004,0.121,11.0,2.4849066497880004,2,2,0,2.0,1.0,403.75,2.0,0,0,1,0,0,0,0,0,0,0,0,0,0,0,0,0,0,0,0,0,0,0,1,0,0,0,0,0.0,0.0,0.0,0.0,0.0,0.0,0.0,0.0,0.0,0.0,0.0,0.0,0.0,0.0,0.0,7.937731775260109
743449,165000.0,945,6.851184927493743,0.893025,945,6.851184927493743,0,0.0,0,0.0,0.0,0,0.0,0.0,0,49,3.912023005428146,2.401,49.0,3.912023005428146,2,1,0,1.0,0.5,315.0,1.0,1,0,0,0,0,0,0,0,0,0,0,0,0,0,0,0,0,0,0,0,0,1,0,1,0,0,0,0.0,0.0,0.0,0.0,0.0,0.0,0.0,0.0,0.0,0.0,0.0,0.0,6.851184927493743,6.851184927493743,3.912023005428146,0.0
744042,510000.0,1334,7.195937226475569,1.779556,1850,7.52294091807237,516,6.248042874508429,1032,6.940222469119639,0.5,6250,8.740496729931813,4.685157421289356,0,79,4.382026634673881,6.241,79.0,4.382026634673881,2,2,0,2.0,1.0,333.5,1.0,0,0,1,1,1,0,0,0,0,0,0,0,0,0,0,0,0,1,0,0,0,0,0,0,0,0,0,0.0,0.0,0.0,0.0,0.0,0.0,0.0,0.0,7.195937226475569,0.0,0.0,0.0,0.0,0.0,0.0,8.740496729931813
744381,459000.0,3395,8.130059039992796,11.526025,3395,8.130059039992796,0,0.0,0,0.0,0.0,6000,8.699681400989514,1.7673048600883652,0,3,1.3862943611198906,0.009,3.0,1.3862943611198906,4,3,0,3.0,0.75,485.0,2.5,0,0,1,0,0,0,0,0,0,0,0,0,0,0,0,0,0,0,0,0,0,0,0,0,0,0,1,0.0,0.0,0.0,0.0,0.0,0.0,0.0,0.0,0.0,0.0,0.0,0.0,0.0,0.0,0.0,8.699681400989514
744387,690000.0,1255,7.134890851565884,1.575025,1255,7.134890851565884,0,0.0,0,0.0,0.0,0,0.0,0.0,0,14,2.70805020110221,0.196,14.0,2.70805020110221,2,2,0,2.0,1.0,313.75,1.0,1,0,0,0,0,0,0,0,0,0,0,0,0,0,0,0,0,0,0,0,1,0,0,1,0,0,0,0.0,0.0,0.0,0.0,0.0,0.0,0.0,0.0,0.0,0.0,0.0,7.134890851565884,0.0,7.134890851565884,2.70805020110221,0.0
744711,355000.0,1152,7.049254841255837,1.327104,1152,7.049254841255837,0,0.0,421,6.045005314036012,0.0,5968,8.69433468816865,5.180555555555555,316,20,3.044522437723423,0.4,20.0,3.044522437723423,3,2,0,2.0,0.6666666666666666,230.4,1.0,0,1,1,1,0,1,0,0,0,0,0,0,0,0,0,0,1,0,0,0,0,0,0,0,0,1,0,0.0,0.0,0.0,0.0,0.0,0.0,0.0,7.049254841255837,0.0,0.0,0.0,0.0,0.0,0.0,0.0,8.69433468816865
744918,477500.0,956,6.862757913051401,0.913936,1912,7.555905093611346,956,6.863803391452954,956,6.863803391452954,1.0,4690,8.453401058328458,4.905857740585774,0,109,4.700480365792417,11.881,0.0,0.0,2,2,0,2.0,1.0,239.0,1.0,0,1,1,1,1,0,0,1,0,0,0,0,0,0,1,0,0,0,0,0,0,0,0,0,0,0,0,0.0,0.0,0.0,0.0,0.0,6.862757913051401,0.0,0.0,0.0,0.0,0.0,0.0,0.0,0.0,0.0,8.453401058328458
745375,945000.0,1669,7.419979923661835,2.785561,1669,7.419979923661835,0,0.0,0,0.0,0.0,2074,7.637716432664798,1.2426602756141403,0,0,0.0,0.0,0.0,0.0,3,2,1,2.5,0.8333333333333334,333.8,3.0,0,0,1,0,0,0,1,0,0,0,1,0,0,0,0,0,0,0,0,0,0,0,0,1,0,0,0,0.0,7.419979923661835,0.0,0.0,0.0,0.0,0.0,0.0,0.0,0.0,0.0,0.0,0.0,0.0,0.0,7.637716432664798
746589,194000.0,1470,7.293017679772782,2.1609,1470,7.293017679772782,0,0.0,0,0.0,0.0,0,0.0,0.0,0,47,3.871201010907891,2.209,0.0,0.0,2,2,0,2.0,1.0,367.5,1.0,1,1,0,0,0,0,0,0,0,0,0,0,0,0,0,0,0,0,0,0,0,1,0,0,1,0,0,0.0,0.0,0.0,0.0,0.0,0.0,0.0,0.0,0.0,0.0,0.0,0.0,7.293017679772782,7.293017679772782,3.871201010907891,0.0
746601,347750.0,1600,7.3777589082278725,2.56,1600,7.3777589082278725,0,0.0,0,0.0,0.0,0,0.0,0.0,0,22,3.1354942159291497,0.484,1.0,0.6931471805599453,2,2,0,2.0,1.0,400.0,2.0,1,1,0,0,0,0,0,0,0,0,0,0,0,0,0,1,0,0,0,0,0,0,0,1,0,0,0,0.0,0.0,0.0,0.0,0.0,0.0,7.3777589082278725,0.0,0.0,0.0,0.0,0.0,0.0,7.3777589082278725,3.1354942159291497,0.0
747326,235000.0,1000,6.907755278982137,1.0,1000,6.907755278982137,0,0.0,0,0.0,0.0,0,0.0,0.0,0,46,3.8501476017100584,2.116,6.0,1.9459101490553132,2,1,0,1.0,0.5,333.3333333333333,1.0,1,1,0,0,0,0,0,0,0,0,0,0,1,0,0,0,0,0,0,0,0,0,0,1,0,0,0,0.0,0.0,0.0,6.907755278982137,0.0,0.0,0.0,0.0,0.0,0.0,0.0,0.0,0.0,6.907755278982137,3.8501476017100584,0.0
747539,351700.0,1078,6.982862751468942,1.162084,1605,7.380879035564116,527,6.269096283706261,586,6.375024819828097,0.8993174061433447,7360,8.903951072058707,6.827458256029685,444,39,3.6888794541139363,1.521,0.0,0.0,3,3,0,3.0,1.0,179.66666666666666,1.0,0,1,1,1,1,1,0,0,0,0,0,0,0,0,0,0,1,0,0,0,0,0,0,0,0,1,0,0.0,0.0,0.0,0.0,0.0,0.0,0.0,6.982862751468942,0.0,0.0,0.0,0.0,0.0,0.0,0.0,8.903951072058707
747720,460000.0,937,6.842683282238422,0.877969,937,6.842683282238422,0,0.0,0,0.0,0.0,0,0.0,0.0,0,19,2.995732273553991,0.361,19.0,2.995732273553991,1,1,1,1.5,1.5,468.5,1.0,1,1,0,0,0,0,0,0,0,0,0,0,0,0,0,0,0,0,0,0,1,0,0,1,0,0,0,0.0,0.0,0.0,0.0,0.0,0.0,0.0,0.0,0.0,0.0,0.0,6.842683282238422,0.0,6.842683282238422,2.995732273553991,0.0
747910,300000.0,434,6.073044534100405,0.188356,434,6.073044534100405,0,0.0,0,0.0,0.0,0,0.0,0.0,0,2,1.0986122886681098,0.004,2.0,1.0986122886681098,0,1,0,1.0,1.0,434.0,1.0,1,0,0,0,0,0,0,0,1,0,0,0,0,0,0,0,0,0,0,0,1,0,0,0,1,0,0,0.0,0.0,0.0,0.0,0.0,0.0,0.0,0.0,0.0,0.0,0.0,6.073044534100405,0.0,6.073044534100405,1.0986122886681098,0.0
749272,232461.0,817,6.705639094860003,0.667489,817,6.705639094860003,0,0.0,0,0.0,0.0,0,0.0,0.0,0,15,2.772588722239781,0.225,15.0,2.772588722239781,2,1,0,1.0,0.5,272.3333333333333,1.0,1,0,0,0,0,0,0,0,0,0,1,0,0,0,0,0,0,0,0,0,0,0,0,1,0,0,0,0.0,6.705639094860003,0.0,0.0,0.0,0.0,0.0,0.0,0.0,0.0,0.0,0.0,0.0,6.705639094860003,2.772588722239781,0.0
749404,350000.0,1067,6.9726062513017535,1.138489,1067,6.9726062513017535,0,0.0,0,0.0,0.0,0,0.0,0.0,0,45,3.828641396489095,2.025,45.0,3.828641396489095,2,2,0,2.0,1.0,266.75,1.0,1,0,0,0,0,0,0,0,0,1,0,0,0,0,0,0,0,0,0,0,0,0,0,1,0,0,0,6.9726062513017535,0.0,0.0,0.0,0.0,0.0,0.0,0.0,0.0,0.0,0.0,0.0,0.0,6.9726062513017535,3.828641396489095,0.0
749622,305000.0,1428,7.2640301428995295,2.039184,1428,7.2640301428995295,0,0.0,0,0.0,0.0,0,0.0,0.0,0,49,3.912023005428146,2.401,4.0,1.6094379124341003,2,2,1,2.5,1.25,357.0,1.0,1,1,0,0,0,0,0,0,0,0,0,0,1,0,0,0,0,0,0,0,0,0,0,0,1,0,0,0.0,0.0,0.0,7.2640301428995295,0.0,0.0,0.0,0.0,0.0,0.0,0.0,0.0,0.0,7.2640301428995295,3.912023005428146,0.0
749817,594573.0,1612,7.385230923066573,2.598544,3063,8.027150106832774,1451,7.280697195384741,1612,7.385851078125209,0.9001240694789082,5403,8.59489469908009,3.351736972704715,0,0,0.0,0.0,0.0,0.0,2,3,0,3.0,1.5,322.4,1.0,0,0,1,1,1,0,1,0,0,0,1,0,0,0,0,0,0,0,0,0,0,0,0,0,0,0,0,0.0,7.385230923066573,0.0,0.0,0.0,0.0,0.0,0.0,0.0,0.0,0.0,0.0,0.0,0.0,0.0,8.59489469908009
749941,458500.0,1777,7.482681828154651,3.157729,1777,7.482681828154651,0,0.0,0,0.0,0.0,2475,7.814399633804487,1.3927968486212718,0,4,1.6094379124341003,0.016,4.0,1.6094379124341003,3,2,1,2.5,0.8333333333333334,355.4,2.0,0,0,1,0,0,0,0,0,0,0,1,0,0,0,0,0,0,0,0,0,0,0,0,1,0,0,0,0.0,7.482681828154651,0.0,0.0,0.0,0.0,0.0,0.0,0.0,0.0,0.0,0.0,0.0,0.0,0.0,7.814399633804487
750415,325000.0,664,6.498282149476434,0.440896,664,6.498282149476434,0,0.0,0,0.0,0.0,0,0.0,0.0,0,35,3.58351893845611,1.225,13.0,2.6390573296152584,1,1,0,1.0,1.0,332.0,1.0,1,1,0,0,0,0,0,0,0,0,0,1,0,0,0,0,0,0,0,0,0,0,0,0,1,0,0,0.0,0.0,6.498282149476434,0.0,0.0,0.0,0.0,0.0,0.0,0.0,0.0,0.0,0.0,6.498282149476434,3.58351893845611,0.0
750451,350000.0,1426,7.262628600974241,2.033476,1978,7.589841512182657,552,6.315358001522335,728,6.591673732008658,0.7582417582417582,6114,8.718500048121273,4.287517531556802,0,29,3.4011973816621555,0.841,0.0,0.0,3,1,1,1.5,0.5,356.5,2.0,0,1,1,1,1,0,0,0,0,0,0,0,0,0,0,0,0,0,0,0,0,0,1,0,0,0,0,0.0,0.0,0.0,0.0,0.0,0.0,0.0,0.0,0.0,0.0,0.0,0.0,0.0,0.0,0.0,8.718500048121273
751052,217000.0,926,6.8308742346461795,0.857476,926,6.8308742346461795,0,0.0,0,0.0,0.0,0,0.0,0.0,0,39,3.6888794541139363,1.521,4.0,1.6094379124341003,1,1,0,1.0,1.0,463.0,2.0,1,1,0,0,0,0,0,0,0,0,0,0,0,0,0,1,0,0,0,0,0,0,0,1,0,0,0,0.0,0.0,0.0,0.0,0.0,0.0,6.8308742346461795,0.0,0.0,0.0,0.0,0.0,0.0,6.8308742346461795,3.6888794541139363,0.0
751407,945000.0,1173,7.067319848653476,1.375929,1173,7.067319848653476,0,0.0,0,0.0,0.0,975,6.883462586413092,0.8312020460358056,0,0,0.0,0.0,0.0,0.0,2,1,1,1.5,0.75,391.0,3.0,0,0,1,0,0,0,1,0,0,0,1,0,0,0,0,0,0,0,0,0,0,0,0,0,1,0,0,0.0,7.067319848653476,0.0,0.0,0.0,0.0,0.0,0.0,0.0,0.0,0.0,0.0,0.0,0.0,0.0,6.883462586413092
752310,275000.0,1134,7.033506484287697,1.285956,1134,7.033506484287697,0,0.0,0,0.0,0.0,4275,8.360773272144936,3.7698412698412698,0,19,2.995732273553991,0.361,19.0,2.995732273553991,2,2,0,2.0,1.0,283.5,2.0,0,0,1,0,0,0,0,0,0,0,0,0,0,0,0,0,0,0,0,0,0,0,1,0,0,0,0,0.0,0.0,0.0,0.0,0.0,0.0,0.0,0.0,0.0,0.0,0.0,0.0,0.0,0.0,0.0,8.360773272144936
752643,537000.0,2693,7.898411092811599,7.252249,2693,7.898411092811599,0,0.0,0,0.0,0.0,9529,9.162199996648248,3.538432974378017,0,6,1.9459101490553132,0.036,6.0,1.9459101490553132,3,3,0,3.0,1.0,448.8333333333333,1.5,0,0,1,0,0,0,0,0,0,0,0,0,0,0,0,0,0,0,0,0,0,0,0,0,0,0,1,0.0,0.0,0.0,0.0,0.0,0.0,0.0,0.0,0.0,0.0,0.0,0.0,0.0,0.0,0.0,9.162199996648248
752663,375000.0,1921,7.560601162768557,3.690241,1921,7.560601162768557,0,0.0,792,6.675823221634848,0.0,7200,8.881975184248867,3.748047891723061,0,46,3.8501476017100584,2.116,46.0,3.8501476017100584,4,3,1,3.5,0.875,274.42857142857144,2.0,0,0,1,1,0,0,0,0,0,0,0,0,0,1,0,0,0,0,0,0,0,0,1,0,0,0,0,0.0,0.0,0.0,0.0,7.560601162768557,0.0,0.0,0.0,0.0,0.0,0.0,0.0,0.0,0.0,0.0,8.881975184248867
753200,575000.0,1074,6.97914527506881,1.153476,1936,7.568379267836522,862,6.760414691083428,862,6.760414691083428,1.0,6360,8.757940876678804,5.921787709497207,0,71,4.276666119016055,5.041,9.0,2.302585092994046,2,2,0,2.0,1.0,268.5,1.0,0,1,1,1,1,0,0,0,0,0,0,0,0,0,0,0,0,0,1,0,0,0,0,0,0,0,0,0.0,0.0,0.0,0.0,0.0,0.0,0.0,0.0,0.0,6.97914527506881,0.0,0.0,0.0,0.0,0.0,8.757940876678804
753562,174000.0,784,6.664409020350408,0.614656,784,6.664409020350408,0,0.0,0,0.0,0.0,0,0.0,0.0,0,49,3.912023005428146,2.401,1.0,0.6931471805599453,1,1,0,1.0,1.0,392.0,1.0,1,1,0,0,0,0,0,0,0,0,0,0,1,0,0,0,0,0,0,0,0,0,0,0,1,0,0,0.0,0.0,0.0,6.664409020350408,0.0,0.0,0.0,0.0,0.0,0.0,0.0,0.0,0.0,6.664409020350408,3.912023005428146,0.0
754686,421500.0,1355,7.2115567333138015,1.836025,1355,7.2115567333138015,0,0.0,0,0.0,0.0,1487,7.305188215393037,1.0974169741697417,0,4,1.6094379124341003,0.016,4.0,1.6094379124341003,3,2,1,2.5,0.8333333333333334,271.0,3.0,0,0,1,0,0,0,0,0,0,0,1,0,0,0,0,0,0,0,0,0,0,0,0,1,0,0,0,0.0,7.2115567333138015,0.0,0.0,0.0,0.0,0.0,0.0,0.0,0.0,0.0,0.0,0.0,0.0,0.0,7.305188215393037
754707,630000.0,976,6.883462586413092,0.952576,976,6.883462586413092,0,0.0,0,0.0,0.0,0,0.0,0.0,0,2,1.0986122886681098,0.004,2.0,1.0986122886681098,1,1,0,1.0,1.0,488.0,1.0,1,0,0,0,0,0,0,0,0,0,0,0,0,0,0,0,0,0,0,0,1,0,0,0,1,0,0,0.0,0.0,0.0,0.0,0.0,0.0,0.0,0.0,0.0,0.0,0.0,6.883462586413092,0.0,6.883462586413092,1.0986122886681098,0.0
754908,220000.0,948,6.854354502255021,0.898704,948,6.854354502255021,0,0.0,0,0.0,0.0,0,0.0,0.0,0,40,3.713572066704308,1.6,0.0,0.0,2,2,0,2.0,1.0,237.0,1.0,1,1,0,0,0,0,0,0,0,0,0,0,0,0,0,0,0,0,0,0,0,1,0,1,0,0,0,0.0,0.0,0.0,0.0,0.0,0.0,0.0,0.0,0.0,0.0,0.0,0.0,6.854354502255021,6.854354502255021,3.713572066704308,0.0
755047,520000.0,1987,7.594381242551817,3.948169,2573,7.8528278122817445,586,6.375024819828097,636,6.456769655572163,0.9213836477987422,6846,8.831565879121063,3.4453950679416203,0,21,3.091042453358316,0.441,11.0,2.4849066497880004,3,3,1,3.5,1.1666666666666667,331.1666666666667,2.0,0,1,1,1,1,0,0,0,0,0,0,0,0,0,0,1,0,0,0,0,0,0,1,0,0,0,0,0.0,0.0,0.0,0.0,0.0,0.0,7.594381242551817,0.0,0.0,0.0,0.0,0.0,0.0,0.0,0.0,8.831565879121063
755425,289000.0,821,6.710523109452428,0.674041,821,6.710523109452428,0,0.0,0,0.0,0.0,0,0.0,0.0,0,35,3.58351893845611,1.225,13.0,2.6390573296152584,1,1,0,1.0,1.0,410.5,1.0,1,1,0,0,0,0,0,0,0,0,0,1,0,0,0,0,0,0,0,0,0,0,0,0,1,0,0,0.0,0.0,6.710523109452428,0.0,0.0,0.0,0.0,0.0,0.0,0.0,0.0,0.0,0.0,6.710523109452428,3.58351893845611,0.0
755541,452930.0,1639,7.40184157874383,2.686321,1639,7.40184157874383,0,0.0,0,0.0,0.0,3375,8.124446855715847,2.059182428309945,0,0,0.0,0.0,0.0,0.0,3,2,1,2.5,0.8333333333333334,327.8,2.0,0,0,1,0,0,0,1,0,0,0,1,0,0,0,0,0,0,0,0,0,0,0,0,1,0,0,0,0.0,7.40184157874383,0.0,0.0,0.0,0.0,0.0,0.0,0.0,0.0,0.0,0.0,0.0,0.0,0.0,8.124446855715847
756069,650000.0,887,6.787844982309579,0.786769,887,6.787844982309579,0,0.0,0,0.0,0.0,0,0.0,0.0,0,2,1.0986122886681098,0.004,2.0,1.0986122886681098,1,1,0,1.0,1.0,443.5,1.0,1,0,0,0,0,0,0,0,0,0,0,0,0,0,0,0,0,0,0,0,1,0,0,0,1,0,0,0.0,0.0,0.0,0.0,0.0,0.0,0.0,0.0,0.0,0.0,0.0,6.787844982309579,0.0,6.787844982309579,1.0986122886681098,0.0
757134,350000.0,731,6.594413459749778,0.534361,731,6.594413459749778,0,0.0,0,0.0,0.0,0,0.0,0.0,0,39,3.6888794541139363,1.521,12.0,2.5649493574615367,1,1,0,1.0,1.0,365.5,1.0,1,1,0,0,0,0,0,0,0,0,0,0,0,0,0,0,0,0,0,0,1,0,0,0,1,0,0,0.0,0.0,0.0,0.0,0.0,0.0,0.0,0.0,0.0,0.0,0.0,6.594413459749778,0.0,6.594413459749778,3.6888794541139363,0.0
757302,145000.0,855,6.75110146893676,0.731025,855,6.75110146893676,0,0.0,0,0.0,0.0,0,0.0,0.0,0,48,3.8918202981106265,2.304,48.0,3.8918202981106265,1,1,0,1.0,1.0,427.5,1.0,1,0,0,0,0,0,0,0,0,0,0,0,0,0,0,0,0,0,0,0,0,1,0,0,1,0,0,0.0,0.0,0.0,0.0,0.0,0.0,0.0,0.0,0.0,0.0,0.0,0.0,6.75110146893676,6.75110146893676,3.8918202981106265,0.0
757453,312525.0,1538,7.338238150065589,2.365444,1538,7.338238150065589,0,0.0,0,0.0,0.0,1400,7.244941546337007,0.9102730819245773,0,1,0.6931471805599453,0.001,1.0,0.6931471805599453,3,2,1,2.5,0.8333333333333334,307.6,2.0,0,0,1,0,0,0,1,0,0,0,0,0,0,0,0,0,0,0,0,0,0,0,0,0,1,0,0,0.0,0.0,0.0,0.0,0.0,0.0,0.0,0.0,0.0,0.0,0.0,0.0,0.0,0.0,0.0,7.244941546337007
757606,440000.0,1166,7.061334366910438,1.359556,1841,7.518064181233078,675,6.516193076042964,725,6.587550014824796,0.9310344827586207,7810,8.963288275610298,6.69811320754717,0,71,4.276666119016055,5.041,0.0,0.0,2,3,0,3.0,1.5,233.2,1.0,0,1,1,1,1,0,0,0,0,0,0,0,0,0,0,0,0,0,1,0,0,0,0,0,0,0,0,0.0,0.0,0.0,0.0,0.0,0.0,0.0,0.0,0.0,7.061334366910438,0.0,0.0,0.0,0.0,0.0,8.963288275610298
757824,675000.0,1853,7.52456122628536,3.433609,1853,7.52456122628536,0,0.0,0,0.0,0.0,1098,7.002155954403621,0.5925526173772261,0,4,1.6094379124341003,0.016,4.0,1.6094379124341003,4,3,1,3.5,0.875,264.7142857142857,3.0,0,0,1,0,0,0,0,0,0,0,0,0,0,0,0,0,0,0,0,1,0,0,0,0,1,0,0,0.0,0.0,0.0,0.0,0.0,0.0,0.0,0.0,0.0,0.0,7.52456122628536,0.0,0.0,0.0,0.0,7.002155954403621
758369,206000.0,1270,7.146772179452637,1.6129,1270,7.146772179452637,0,0.0,0,0.0,0.0,0,0.0,0.0,0,41,3.7376696182833684,1.681,0.0,0.0,2,2,0,2.0,1.0,317.5,1.0,1,1,0,0,0,0,0,0,0,0,0,0,1,0,0,0,0,0,0,0,0,0,0,0,1,0,0,0.0,0.0,0.0,7.146772179452637,0.0,0.0,0.0,0.0,0.0,0.0,0.0,0.0,0.0,7.146772179452637,3.7376696182833684,0.0
758480,580000.0,2275,7.729735331385051,5.175625,2275,7.729735331385051,0,0.0,876,6.776506992372183,0.0,3394,8.130059039992796,1.491868131868132,0,14,2.70805020110221,0.196,14.0,2.70805020110221,2,2,1,2.5,1.25,568.75,2.0,0,0,1,1,0,0,0,0,0,0,1,0,0,0,0,0,0,0,0,0,0,0,0,1,0,0,0,0.0,7.729735331385051,0.0,0.0,0.0,0.0,0.0,0.0,0.0,0.0,0.0,0.0,0.0,0.0,0.0,8.130059039992796
758679,534900.0,1213,7.10085190894405,1.471369,1213,7.10085190894405,0,0.0,0,0.0,0.0,785,6.666956792429207,0.6471558120362737,0,1,0.6931471805599453,0.001,1.0,0.6931471805599453,2,2,1,2.5,1.25,303.25,3.0,0,0,1,0,0,0,1,0,0,0,0,0,0,0,0,0,0,0,0,1,0,0,0,0,1,0,0,0.0,0.0,0.0,0.0,0.0,0.0,0.0,0.0,0.0,0.0,7.10085190894405,0.0,0.0,0.0,0.0,6.666956792429207
758875,475000.0,2020,7.61085279039525,4.0804,2020,7.61085279039525,0,0.0,696,6.546785410760524,0.0,7150,8.875007486048396,3.5396039603960396,0,33,3.5263605246161616,1.089,33.0,3.5263605246161616,3,2,1,2.5,0.8333333333333334,404.0,2.0,0,0,1,1,0,0,0,0,0,0,0,0,1,0,0,0,0,0,0,0,0,0,1,0,0,0,0,0.0,0.0,0.0,7.61085279039525,0.0,0.0,0.0,0.0,0.0,0.0,0.0,0.0,0.0,0.0,0.0,8.875007486048396
759663,205000.0,560,6.327936783729195,0.3136,560,6.327936783729195,0,0.0,0,0.0,0.0,0,0.0,0.0,0,47,3.871201010907891,2.209,5.0,1.791759469228055,1,1,0,1.0,1.0,280.0,1.0,1,1,0,0,0,0,0,0,0,1,0,0,0,0,0,0,0,0,0,0,0,0,0,0,1,0,0,6.327936783729195,0.0,0.0,0.0,0.0,0.0,0.0,0.0,0.0,0.0,0.0,0.0,0.0,6.327936783729195,3.871201010907891,0.0
759883,1055000.0,2301,7.741099090035366,5.294601,3226,8.078998258685154,925,6.8308742346461795,974,6.882437470997847,0.9496919917864476,5510,8.614501373883236,2.394611038678835,0,7,2.0794415416798357,0.049,7.0,2.0794415416798357,3,3,1,3.5,1.1666666666666667,383.5,2.0,0,1,1,1,1,0,0,0,0,0,0,0,0,0,0,0,0,0,0,1,0,0,1,0,0,0,0,0.0,0.0,0.0,0.0,0.0,0.0,0.0,0.0,0.0,0.0,7.741099090035366,0.0,0.0,0.0,0.0,8.614501373883236
760200,410000.0,2525,7.83399634170946,6.375625,2525,7.83399634170946,0,0.0,1050,6.957497370876951,0.0,5758,8.658519127506672,2.28039603960396,0,8,2.1972245773362196,0.064,8.0,2.1972245773362196,3,2,1,2.5,0.8333333333333334,505.0,2.0,0,0,1,1,0,0,0,0,0,0,0,0,0,0,0,0,0,0,0,0,0,0,1,0,0,0,0,0.0,0.0,0.0,0.0,0.0,0.0,0.0,0.0,0.0,0.0,0.0,0.0,0.0,0.0,0.0,8.658519127506672
760381,189000.0,1054,6.960347729101308,1.110916,1054,6.960347729101308,0,0.0,0,0.0,0.0,0,0.0,0.0,0,57,4.060443010546419,3.249,0.0,0.0,2,2,0,2.0,1.0,263.5,1.0,1,1,0,0,0,0,0,0,0,0,0,0,0,0,0,0,0,1,0,0,0,0,0,1,0,0,0,0.0,0.0,0.0,0.0,0.0,0.0,0.0,0.0,6.960347729101308,0.0,0.0,0.0,0.0,6.960347729101308,4.060443010546419,0.0
760644,231058.0,1347,7.205635176410364,1.814409,1347,7.205635176410364,0,0.0,0,0.0,0.0,1381,7.231287004327616,1.0252412769116555,0,1,0.6931471805599453,0.001,1.0,0.6931471805599453,3,2,1,2.5,0.8333333333333334,269.4,2.0,0,0,1,0,0,0,1,0,0,0,1,0,0,0,0,0,0,0,0,0,0,0,0,0,1,0,0,0.0,7.205635176410364,0.0,0.0,0.0,0.0,0.0,0.0,0.0,0.0,0.0,0.0,0.0,0.0,0.0,7.231287004327616
760686,855000.0,2536,7.8383433155571165,6.431296,3336,8.112527763478637,800,6.68586094706836,1071,6.977281341630747,0.7469654528478058,5445,8.602636673233706,2.1470820189274447,0,8,2.1972245773362196,0.064,3.0,1.3862943611198906,3,3,1,3.5,1.1666666666666667,422.6666666666667,2.0,0,1,1,1,1,0,0,0,0,0,1,0,0,0,0,0,0,0,0,0,0,0,1,0,0,0,0,0.0,7.8383433155571165,0.0,0.0,0.0,0.0,0.0,0.0,0.0,0.0,0.0,0.0,0.0,0.0,0.0,8.602636673233706
760845,641000.0,1035,6.942156705699469,1.071225,2070,7.635303886259415,1035,6.943122422819428,1035,6.943122422819428,1.0,5650,8.639587799629844,5.458937198067633,0,67,4.219507705176107,4.489,67.0,4.219507705176107,2,2,0,2.0,1.0,258.75,1.0,0,0,1,1,1,0,0,0,0,0,0,0,0,0,0,0,0,1,0,0,0,0,0,0,0,0,0,0.0,0.0,0.0,0.0,0.0,0.0,0.0,0.0,6.942156705699469,0.0,0.0,0.0,0.0,0.0,0.0,8.639587799629844
761250,400000.0,1504,7.315883504509785,2.262016,2529,7.835579246669965,1025,6.933423025730715,1464,7.289610521451167,0.700136612021858,10625,9.271059107010888,7.064494680851064,0,57,4.060443010546419,3.249,57.0,4.060443010546419,3,3,0,3.0,1.0,250.66666666666666,1.0,0,0,1,1,1,0,0,0,0,0,0,0,1,0,0,0,0,0,0,0,0,0,0,0,0,0,0,0.0,0.0,0.0,7.315883504509785,0.0,0.0,0.0,0.0,0.0,0.0,0.0,0.0,0.0,0.0,0.0,9.271059107010888
761385,718760.0,3080,8.03268487596762,9.4864,4340,8.375629627094451,1260,7.13966033596492,1442,7.274479558773871,0.8737864077669902,6110,8.717845704894916,1.9837662337662338,0,0,0.0,0.0,0.0,0.0,4,4,1,4.5,1.125,385.0,2.0,0,0,1,1,1,0,1,0,0,0,1,0,0,0,0,0,0,0,0,0,0,0,1,0,0,0,0,0.0,8.03268487596762,0.0,0.0,0.0,0.0,0.0,0.0,0.0,0.0,0.0,0.0,0.0,0.0,0.0,8.717845704894916
761774,535000.0,1374,7.2254814727822945,1.887876,1374,7.2254814727822945,0,0.0,0,0.0,0.0,0,0.0,0.0,0,15,2.772588722239781,0.225,15.0,2.772588722239781,2,2,0,2.0,1.0,343.5,1.0,1,0,0,0,0,0,0,0,0,0,0,0,0,0,1,0,0,0,0,0,0,0,0,1,0,0,0,0.0,0.0,0.0,0.0,0.0,7.2254814727822945,0.0,0.0,0.0,0.0,0.0,0.0,0.0,7.2254814727822945,2.772588722239781,0.0
761776,285936.0,675,6.51471269087253,0.455625,675,6.51471269087253,0,0.0,0,0.0,0.0,0,0.0,0.0,0,2,1.0986122886681098,0.004,2.0,1.0986122886681098,2,1,0,1.0,0.5,225.0,1.0,1,0,0,0,0,0,0,0,0,0,0,0,0,0,0,0,0,0,0,0,1,0,0,0,1,0,0,0.0,0.0,0.0,0.0,0.0,0.0,0.0,0.0,0.0,0.0,0.0,6.51471269087253,0.0,6.51471269087253,1.0986122886681098,0.0
761900,960462.0,3080,8.03268487596762,9.4864,4088,8.31581113188354,1008,6.9167150203536085,1442,7.274479558773871,0.6990291262135923,4846,8.486115235845377,1.5733766233766233,0,1,0.6931471805599453,0.001,1.0,0.6931471805599453,4,4,1,4.5,1.125,385.0,2.0,0,0,1,1,1,0,1,0,0,0,1,0,0,0,0,0,0,0,0,0,0,0,1,0,0,0,0,0.0,8.03268487596762,0.0,0.0,0.0,0.0,0.0,0.0,0.0,0.0,0.0,0.0,0.0,0.0,0.0,8.486115235845377
761918,344580.0,1441,7.273092595999522,2.076481,1441,7.273092595999522,0,0.0,0,0.0,0.0,0,0.0,0.0,0,23,3.1780538303479458,0.529,23.0,3.1780538303479458,2,2,0,2.0,1.0,360.25,1.0,1,0,0,0,0,0,0,0,0,0,0,0,0,0,0,1,0,0,0,0,0,0,0,1,0,0,0,0.0,0.0,0.0,0.0,0.0,0.0,7.273092595999522,0.0,0.0,0.0,0.0,0.0,0.0,7.273092595999522,3.1780538303479458,0.0
762363,175000.0,945,6.851184927493743,0.893025,945,6.851184927493743,0,0.0,0,0.0,0.0,0,0.0,0.0,0,53,3.9889840465642745,2.809,53.0,3.9889840465642745,2,1,0,1.0,0.5,315.0,1.0,1,0,0,0,0,0,0,0,0,0,0,0,0,0,0,0,0,0,0,0,0,1,0,1,0,0,0,0.0,0.0,0.0,0.0,0.0,0.0,0.0,0.0,0.0,0.0,0.0,0.0,6.851184927493743,6.851184927493743,3.9889840465642745,0.0
763239,147944.0,855,6.75110146893676,0.731025,855,6.75110146893676,0,0.0,0,0.0,0.0,0,0.0,0.0,0,56,4.04305126783455,3.136,6.0,1.9459101490553132,1,1,0,1.0,1.0,427.5,1.0,1,1,0,0,0,0,0,0,0,0,0,0,0,0,0,0,0,0,0,0,0,1,0,0,1,0,0,0.0,0.0,0.0,0.0,0.0,0.0,0.0,0.0,0.0,0.0,0.0,0.0,6.75110146893676,6.75110146893676,4.04305126783455,0.0
763583,264600.0,1446,7.27655640271871,2.090916,2036,7.618742377670413,590,6.3818160174060985,702,6.555356891810665,0.8404558404558404,0,0.0,0.0,0,49,3.912023005428146,2.401,2.0,1.0986122886681098,3,2,1,2.5,0.8333333333333334,289.2,2.0,1,1,0,1,1,0,0,0,0,0,0,0,0,1,0,0,0,0,0,0,0,0,0,0,1,0,0,0.0,0.0,0.0,0.0,7.27655640271871,0.0,0.0,0.0,0.0,0.0,0.0,0.0,0.0,7.27655640271871,3.912023005428146,0.0
764186,400000.0,865,6.762729506931879,0.748225,1080,6.984716320118266,215,5.375278407684165,430,6.066108090103747,0.5,9750,9.18512512283512,11.271676300578035,435,48,3.8918202981106265,2.304,48.0,3.8918202981106265,3,2,0,2.0,0.6666666666666666,173.0,1.0,0,0,1,1,1,1,0,0,0,0,0,0,1,0,0,0,0,0,0,0,0,0,0,0,0,1,0,0.0,0.0,0.0,6.762729506931879,0.0,0.0,0.0,0.0,0.0,0.0,0.0,0.0,0.0,0.0,0.0,9.18512512283512
764326,311500.0,816,6.704414354964107,0.665856,1152,7.049254841255837,336,5.820082930352362,336,5.820082930352362,1.0,5330,8.581294116822761,6.5318627450980395,0,34,3.5553480614894135,1.156,0.0,0.0,2,2,0,2.0,1.0,204.0,1.0,0,1,1,1,1,0,0,0,0,0,0,0,0,0,0,0,0,0,0,0,0,0,0,0,0,0,0,0.0,0.0,0.0,0.0,0.0,0.0,0.0,0.0,0.0,0.0,0.0,0.0,0.0,0.0,0.0,8.581294116822761
764346,225000.0,1000,6.907755278982137,1.0,1000,6.907755278982137,0,0.0,0,0.0,0.0,0,0.0,0.0,0,46,3.8501476017100584,2.116,46.0,3.8501476017100584,2,1,0,1.0,0.5,333.3333333333333,1.0,1,0,0,0,0,0,0,0,0,0,0,0,1,0,0,0,0,0,0,0,0,0,0,1,0,0,0,0.0,0.0,0.0,6.907755278982137,0.0,0.0,0.0,0.0,0.0,0.0,0.0,0.0,0.0,6.907755278982137,3.8501476017100584,0.0
766292,400000.0,1648,7.4073177104694174,2.715904,2319,7.7488913372555315,671,6.51025834052315,671,6.51025834052315,1.0,4500,8.412054873292933,2.7305825242718447,0,5,1.791759469228055,0.025,5.0,1.791759469228055,3,3,1,3.5,1.1666666666666667,274.6666666666667,2.0,0,0,1,1,1,0,0,0,0,0,0,0,0,0,0,0,0,0,0,0,0,0,1,0,0,0,0,0.0,0.0,0.0,0.0,0.0,0.0,0.0,0.0,0.0,0.0,0.0,0.0,0.0,0.0,0.0,8.412054873292933
767688,375000.0,816,6.704414354964107,0.665856,816,6.704414354964107,0,0.0,0,0.0,0.0,0,0.0,0.0,0,39,3.6888794541139363,1.521,11.0,2.4849066497880004,1,1,1,1.5,1.5,408.0,1.0,1,1,0,0,0,0,0,0,0,0,0,0,0,0,0,0,0,0,0,0,1,0,0,0,1,0,0,0.0,0.0,0.0,0.0,0.0,0.0,0.0,0.0,0.0,0.0,0.0,6.704414354964107,0.0,6.704414354964107,3.6888794541139363,0.0
768483,525000.0,1618,7.388946097618437,2.617924,2319,7.7488913372555315,701,6.553933404025811,801,6.687108607866515,0.8751560549313359,3150,8.055475141757274,1.9468479604449938,0,16,2.833213344056216,0.256,0.0,0.0,3,3,1,3.5,1.1666666666666667,269.6666666666667,2.0,0,1,1,1,1,0,0,0,0,0,1,0,0,0,0,0,0,0,0,0,0,0,1,0,0,0,0,0.0,7.388946097618437,0.0,0.0,0.0,0.0,0.0,0.0,0.0,0.0,0.0,0.0,0.0,0.0,0.0,8.055475141757274
768560,290000.0,784,6.664409020350408,0.614656,784,6.664409020350408,0,0.0,0,0.0,0.0,0,0.0,0.0,0,104,4.653960350157523,10.816,14.0,2.70805020110221,2,1,0,1.0,0.5,261.3333333333333,1.0,1,1,0,0,0,0,0,1,0,1,0,0,0,0,0,0,0,0,0,0,0,0,0,1,0,0,0,6.664409020350408,0.0,0.0,0.0,0.0,0.0,0.0,0.0,0.0,0.0,0.0,0.0,0.0,6.664409020350408,4.653960350157523,0.0
768822,251600.0,1142,7.040536390215956,1.304164,1142,7.040536390215956,0,0.0,0,0.0,0.0,0,0.0,0.0,0,46,3.8501476017100584,2.116,0.0,0.0,2,1,1,1.5,0.75,380.6666666666667,2.0,1,1,0,0,0,0,0,0,0,0,0,0,0,0,0,0,0,0,0,0,0,1,0,0,1,0,0,0.0,0.0,0.0,0.0,0.0,0.0,0.0,0.0,0.0,0.0,0.0,0.0,7.040536390215956,7.040536390215956,3.8501476017100584,0.0
769126,584040.0,1676,7.424165281042028,2.808976,2632,7.875499292445208,956,6.863803391452954,1006,6.914730892718563,0.9502982107355865,3572,8.181160858023409,2.1312649164677806,0,15,2.772588722239781,0.225,15.0,2.772588722239781,3,3,1,3.5,1.1666666666666667,279.3333333333333,2.0,0,1,1,1,1,0,0,0,0,0,1,0,0,0,0,0,0,0,0,0,0,0,1,0,0,0,0,0.0,7.424165281042028,0.0,0.0,0.0,0.0,0.0,0.0,0.0,0.0,0.0,0.0,0.0,0.0,0.0,8.181160858023409
769178,618528.0,2986,8.001689978099135,8.916196,3971,8.286773231131251,985,6.893656354602635,2179,7.687080155783135,0.4520422212023864,9953,9.2057297594185,3.3332217012726053,0,0,0.0,0.0,0.0,0.0,3,4,1,4.5,1.5,426.57142857142856,1.5,0,0,1,1,1,0,1,0,0,0,0,0,0,0,0,0,0,0,0,0,0,0,0,0,0,0,1,0.0,0.0,0.0,0.0,0.0,0.0,0.0,0.0,0.0,0.0,0.0,0.0,0.0,0.0,0.0,9.2057297594185
769320,385000.0,798,6.682108597449809,0.636804,798,6.682108597449809,0,0.0,0,0.0,0.0,0,0.0,0.0,0,12,2.5649493574615367,0.144,12.0,2.5649493574615367,1,1,0,1.0,1.0,399.0,1.0,1,1,0,0,0,0,0,0,0,0,0,0,0,0,1,0,0,0,0,0,0,0,0,0,1,0,0,0.0,0.0,0.0,0.0,0.0,6.682108597449809,0.0,0.0,0.0,0.0,0.0,0.0,0.0,6.682108597449809,2.5649493574615367,0.0
770901,450000.0,1649,7.407924322559599,2.719201,1649,7.407924322559599,0,0.0,0,0.0,0.0,1820,7.507141079727608,1.1036992116434203,0,0,0.0,0.0,0.0,0.0,2,2,1,2.5,1.25,412.25,3.0,0,0,1,0,0,0,1,0,0,0,1,0,0,0,0,0,0,0,0,0,0,0,0,1,0,0,0,0.0,7.407924322559599,0.0,0.0,0.0,0.0,0.0,0.0,0.0,0.0,0.0,0.0,0.0,0.0,0.0,7.507141079727608
771851,225000.0,760,6.633318433280377,0.5776,760,6.633318433280377,0,0.0,0,0.0,0.0,0,0.0,0.0,0,33,3.5263605246161616,1.089,33.0,3.5263605246161616,2,2,0,2.0,1.0,190.0,1.0,1,0,0,0,0,0,0,0,0,0,0,0,0,1,0,0,0,0,0,0,0,0,0,1,0,0,0,0.0,0.0,0.0,0.0,6.633318433280377,0.0,0.0,0.0,0.0,0.0,0.0,0.0,0.0,6.633318433280377,3.5263605246161616,0.0
772287,325000.0,1494,7.309212365692763,2.232036,1494,7.309212365692763,0,0.0,0,0.0,0.0,3547,8.17413934342947,2.3741633199464527,0,13,2.6390573296152584,0.169,13.0,2.6390573296152584,3,2,1,2.5,0.8333333333333334,298.8,2.0,0,0,1,0,0,0,0,0,0,0,0,0,0,0,0,0,0,0,0,0,0,0,1,0,0,0,0,0.0,0.0,0.0,0.0,0.0,0.0,0.0,0.0,0.0,0.0,0.0,0.0,0.0,0.0,0.0,8.17413934342947
772290,365925.0,1947,7.5740450053721995,3.790809,1947,7.5740450053721995,0,0.0,0,0.0,0.0,2833,7.949444420250626,1.4550590652285567,0,1,0.6931471805599453,0.001,1.0,0.6931471805599453,4,2,1,2.5,0.625,324.5,2.0,0,0,1,0,0,0,1,0,0,0,0,0,0,0,0,0,0,0,0,0,0,0,0,1,0,0,0,0.0,0.0,0.0,0.0,0.0,0.0,0.0,0.0,0.0,0.0,0.0,0.0,0.0,0.0,0.0,7.949444420250626
772345,519000.0,996,6.903747257584598,0.992016,1496,7.310550158534422,500,6.2166061010848646,540,6.293419278846481,0.9259259259259259,4870,8.491054533806542,4.889558232931727,0,91,4.5217885770490405,8.281,0.0,0.0,3,2,0,2.0,0.6666666666666666,199.2,1.0,0,1,1,1,1,0,0,1,0,0,0,0,0,0,0,0,0,0,0,1,0,0,0,0,0,0,0,0.0,0.0,0.0,0.0,0.0,0.0,0.0,0.0,0.0,0.0,6.903747257584598,0.0,0.0,0.0,0.0,8.491054533806542
772388,127500.0,855,6.75110146893676,0.731025,855,6.75110146893676,0,0.0,0,0.0,0.0,0,0.0,0.0,0,51,3.9512437185814275,2.601,0.0,0.0,1,1,0,1.0,1.0,427.5,1.0,1,1,0,0,0,0,0,0,0,0,0,0,0,0,0,0,0,0,0,0,0,1,0,0,1,0,0,0.0,0.0,0.0,0.0,0.0,0.0,0.0,0.0,0.0,0.0,0.0,0.0,6.75110146893676,6.75110146893676,3.9512437185814275,0.0
772672,500000.0,933,6.838405200847344,0.870489,1773,7.480428306074208,840,6.734591659972948,933,6.839476438228843,0.9003215434083601,6500,8.77971129020447,6.966773847802787,0,67,4.219507705176107,4.489,0.0,0.0,2,2,0,2.0,1.0,233.25,1.0,0,1,1,1,1,0,0,0,0,0,0,0,0,0,0,0,0,1,0,0,0,0,0,0,0,0,0,0.0,0.0,0.0,0.0,0.0,0.0,0.0,0.0,6.838405200847344,0.0,0.0,0.0,0.0,0.0,0.0,8.77971129020447
772775,162500.0,763,6.637258031284457,0.582169,763,6.637258031284457,0,0.0,0,0.0,0.0,0,0.0,0.0,0,47,3.871201010907891,2.209,0.0,0.0,1,1,0,1.0,1.0,381.5,1.0,1,1,0,0,0,0,0,0,0,0,0,0,0,1,0,0,0,0,0,0,0,0,0,0,1,0,0,0.0,0.0,0.0,0.0,6.637258031284457,0.0,0.0,0.0,0.0,0.0,0.0,0.0,0.0,6.637258031284457,3.871201010907891,0.0
772801,1025000.0,2276,7.730174795246222,5.180176,3245,8.08487062913819,969,6.877296071497429,1020,6.928537818164665,0.95,5950,8.691314551644853,2.614235500878735,0,97,4.584967478670572,9.409,1.0,0.6931471805599453,3,4,0,4.0,1.3333333333333333,325.14285714285717,1.5,0,1,1,1,1,0,0,1,0,0,0,0,0,0,0,0,0,0,1,0,0,0,0,0,0,0,1,0.0,0.0,0.0,0.0,0.0,0.0,0.0,0.0,0.0,7.730174795246222,0.0,0.0,0.0,0.0,0.0,8.691314551644853
772981,525000.0,1664,7.416979621381154,2.768896,2212,7.701652362642226,548,6.3080984415095305,548,6.3080984415095305,1.0,8750,9.076923258535832,5.258413461538462,0,72,4.290459441148391,5.184,0.0,0.0,2,2,0,2.0,1.0,416.0,1.0,0,1,1,1,1,0,0,0,0,0,0,0,0,0,0,0,0,1,0,0,0,0,0,0,0,0,0,0.0,0.0,0.0,0.0,0.0,0.0,0.0,0.0,7.416979621381154,0.0,0.0,0.0,0.0,0.0,0.0,9.076923258535832
773007,307275.0,1454,7.282073658093465,2.114116,1454,7.282073658093465,0,0.0,0,0.0,0.0,1500,7.313886831633462,1.031636863823934,0,1,0.6931471805599453,0.001,1.0,0.6931471805599453,3,2,1,2.5,0.8333333333333334,290.8,2.0,0,0,1,0,0,0,1,0,0,0,0,0,0,0,0,0,0,0,0,0,0,0,0,0,1,0,0,0.0,0.0,0.0,0.0,0.0,0.0,0.0,0.0,0.0,0.0,0.0,0.0,0.0,0.0,0.0,7.313886831633462
773803,232816.0,1347,7.205635176410364,1.814409,1347,7.205635176410364,0,0.0,0,0.0,0.0,2210,7.701200180857446,1.6406829992576095,0,1,0.6931471805599453,0.001,1.0,0.6931471805599453,3,2,1,2.5,0.8333333333333334,269.4,2.0,0,0,1,0,0,0,1,0,0,0,1,0,0,0,0,0,0,0,0,0,0,0,0,1,0,0,0,0.0,7.205635176410364,0.0,0.0,0.0,0.0,0.0,0.0,0.0,0.0,0.0,0.0,0.0,0.0,0.0,7.701200180857446
774099,845090.0,1613,7.385851078125209,2.601769,2282,7.732807530422021,669,6.507277712385012,795,6.679599185844383,0.8415094339622642,2583,7.857093864902493,1.6013639181649102,0,0,0.0,0.0,0.0,0.0,2,3,1,3.5,1.75,322.6,2.0,0,0,1,1,1,0,1,0,0,0,1,0,0,0,0,0,0,0,0,0,0,0,0,1,0,0,0,0.0,7.385851078125209,0.0,0.0,0.0,0.0,0.0,0.0,0.0,0.0,0.0,0.0,0.0,0.0,0.0,7.857093864902493
775144,412500.0,2039,7.620214770574455,4.157521,2039,7.620214770574455,0,0.0,0,0.0,0.0,5607,8.631949428714426,2.7498773908778813,0,7,2.0794415416798357,0.049,7.0,2.0794415416798357,3,3,0,3.0,1.0,339.8333333333333,1.5,0,0,1,0,0,0,0,0,0,0,0,0,0,0,0,0,0,0,0,0,0,0,0,0,0,0,1,0.0,0.0,0.0,0.0,0.0,0.0,0.0,0.0,0.0,0.0,0.0,0.0,0.0,0.0,0.0,8.631949428714426
775422,205000.0,904,6.806829360392176,0.817216,904,6.806829360392176,0,0.0,0,0.0,0.0,0,0.0,0.0,0,41,3.7376696182833684,1.681,41.0,3.7376696182833684,2,2,0,2.0,1.0,226.0,1.0,1,0,0,0,0,0,0,0,0,0,0,0,0,1,0,0,0,0,0,0,0,0,0,1,0,0,0,0.0,0.0,0.0,0.0,6.806829360392176,0.0,0.0,0.0,0.0,0.0,0.0,0.0,0.0,6.806829360392176,3.7376696182833684,0.0
776146,325000.0,726,6.587550014824796,0.527076,726,6.587550014824796,0,0.0,0,0.0,0.0,0,0.0,0.0,0,79,4.382026634673881,6.241,79.0,4.382026634673881,2,1,0,1.0,0.5,242.0,1.0,1,0,0,0,0,0,0,0,0,1,0,0,0,0,0,0,0,0,0,0,0,0,0,0,1,0,0,6.587550014824796,0.0,0.0,0.0,0.0,0.0,0.0,0.0,0.0,0.0,0.0,0.0,0.0,6.587550014824796,4.382026634673881,0.0
777618,561000.0,2067,7.633853559681768,4.272489,2481,7.816416983691801,414,6.028278520230698,1367,7.221105098182496,0.30285296269202633,3483,8.155936337972394,1.6850507982583454,0,38,3.6635616461296463,1.444,0.0,0.0,2,2,1,2.5,1.25,516.75,2.0,0,1,1,1,1,0,0,0,0,0,0,0,0,1,0,0,0,0,0,0,0,0,0,1,0,0,0,0.0,0.0,0.0,0.0,7.633853559681768,0.0,0.0,0.0,0.0,0.0,0.0,0.0,0.0,0.0,0.0,8.155936337972394
777676,460450.0,2111,7.65491704784832,4.456321,2818,7.943782692458625,707,6.56244409369372,1011,6.919683849847411,0.6993076162215628,10800,9.287394001418473,5.11605873993368,0,51,3.9512437185814275,2.601,2.0,1.0986122886681098,4,2,1,2.5,0.625,351.8333333333333,2.0,0,1,1,1,1,0,0,0,0,0,0,0,1,0,0,0,0,0,0,0,0,0,1,0,0,0,0,0.0,0.0,0.0,7.65491704784832,0.0,0.0,0.0,0.0,0.0,0.0,0.0,0.0,0.0,0.0,0.0,9.287394001418473
778091,766000.0,1740,7.461640392208575,3.0276,2411,7.787796878181171,671,6.51025834052315,721,6.582025138892826,0.9306518723994452,2600,7.8636512654486515,1.4942528735632183,0,0,0.0,0.0,0.0,0.0,3,3,1,3.5,1.1666666666666667,290.0,2.0,0,0,1,1,1,0,1,0,0,0,1,0,0,0,0,0,0,0,0,0,0,0,0,1,0,0,0,0.0,7.461640392208575,0.0,0.0,0.0,0.0,0.0,0.0,0.0,0.0,0.0,0.0,0.0,0.0,0.0,7.8636512654486515
778453,597000.0,1306,7.174724309836376,1.705636,2506,7.826443135456014,1200,7.0909098220799835,1293,7.165493475060845,0.9280742459396751,6250,8.740496729931813,4.785604900459418,0,71,4.276666119016055,5.041,0.0,0.0,3,2,0,2.0,0.6666666666666666,261.2,1.0,0,1,1,1,1,0,0,0,0,0,0,0,0,0,0,0,0,1,0,0,0,0,0,0,0,0,0,0.0,0.0,0.0,0.0,0.0,0.0,0.0,0.0,7.174724309836376,0.0,0.0,0.0,0.0,0.0,0.0,8.740496729931813
778519,213000.0,931,6.836259277277067,0.866761,931,6.836259277277067,0,0.0,0,0.0,0.0,0,0.0,0.0,0,17,2.8903717578961645,0.289,17.0,2.8903717578961645,1,1,1,1.5,1.5,465.5,1.0,1,0,0,0,0,0,0,0,0,0,0,0,0,0,0,0,0,0,0,0,0,0,0,0,1,0,0,0.0,0.0,0.0,0.0,0.0,0.0,0.0,0.0,0.0,0.0,0.0,0.0,0.0,6.836259277277067,2.8903717578961645,0.0
778930,375000.0,1149,7.046647277848756,1.320201,1149,7.046647277848756,0,0.0,0,0.0,0.0,6752,8.817742129574842,5.876414273281114,441,41,3.7376696182833684,1.681,41.0,3.7376696182833684,4,2,0,2.0,0.5,191.5,1.0,0,0,1,0,0,1,0,0,0,0,0,0,0,0,0,1,0,0,0,0,0,0,0,0,0,1,0,0.0,0.0,0.0,0.0,0.0,0.0,7.046647277848756,0.0,0.0,0.0,0.0,0.0,0.0,0.0,0.0,8.817742129574842
778954,315000.0,1164,7.059617628291383,1.354896,1164,7.059617628291383,0,0.0,0,0.0,0.0,5971,8.69483715865908,5.129725085910653,0,19,2.995732273553991,0.361,19.0,2.995732273553991,3,2,0,2.0,0.6666666666666666,232.8,1.0,0,1,1,0,0,0,0,0,0,0,0,0,0,0,0,0,0,0,0,0,0,0,0,0,0,0,0,0.0,0.0,0.0,0.0,0.0,0.0,0.0,0.0,0.0,0.0,0.0,0.0,0.0,0.0,0.0,8.69483715865908
779381,385000.0,1979,7.590346945602565,3.916441,1979,7.590346945602565,0,0.0,0,0.0,0.0,0,0.0,0.0,0,45,3.828641396489095,2.025,14.0,2.70805020110221,2,2,0,2.0,1.0,494.75,2.0,1,1,0,0,0,0,0,0,0,0,0,0,1,0,0,0,0,0,0,0,0,0,0,1,0,0,0,0.0,0.0,0.0,7.590346945602565,0.0,0.0,0.0,0.0,0.0,0.0,0.0,0.0,0.0,7.590346945602565,3.828641396489095,0.0
780027,364175.0,1966,7.583756300707112,3.865156,1966,7.583756300707112,0,0.0,0,0.0,0.0,3479,8.15478757276852,1.7695829094608342,0,1,0.6931471805599453,0.001,1.0,0.6931471805599453,4,2,1,2.5,0.625,327.6666666666667,2.0,0,0,1,0,0,0,1,0,0,0,0,0,0,0,0,0,0,0,0,0,0,0,0,1,0,0,0,0.0,0.0,0.0,0.0,0.0,0.0,0.0,0.0,0.0,0.0,0.0,0.0,0.0,0.0,0.0,8.15478757276852
780393,347000.0,1521,7.327123292259293,2.313441,1521,7.327123292259293,0,0.0,586,6.375024819828097,0.0,3989,8.29154650988391,2.6226166995397766,0,25,3.258096538021482,0.625,8.0,2.1972245773362196,3,2,1,2.5,0.8333333333333334,304.2,2.0,0,1,1,1,0,0,0,0,0,0,0,0,0,0,0,0,0,0,0,0,0,0,1,0,0,0,0,0.0,0.0,0.0,0.0,0.0,0.0,0.0,0.0,0.0,0.0,0.0,0.0,0.0,0.0,0.0,8.29154650988391
780440,547900.0,3396,8.130353547431238,11.532816,5009,8.518991573357617,1613,7.3864708488298945,1698,7.4377951216719325,0.9499411071849234,6250,8.740496729931813,1.8404004711425206,0,0,0.0,0.0,0.0,0.0,3,4,1,4.5,1.5,485.14285714285717,2.0,0,0,1,1,1,0,1,0,0,0,0,0,0,0,0,0,0,0,1,0,0,0,1,0,0,0,0,0.0,0.0,0.0,0.0,0.0,0.0,0.0,0.0,0.0,8.130353547431238,0.0,0.0,0.0,0.0,0.0,8.740496729931813
780721,539000.0,1262,7.140453043101158,1.592644,2226,7.70796153183549,964,6.872128101338986,1015,6.923628628138427,0.9497536945812808,11900,9.38437770918244,9.429477020602219,0,48,3.8918202981106265,2.304,0.0,0.0,2,3,0,3.0,1.5,252.4,1.0,0,1,1,1,1,0,0,0,0,0,0,0,1,0,0,0,0,0,0,0,0,0,0,0,0,0,0,0.0,0.0,0.0,7.140453043101158,0.0,0.0,0.0,0.0,0.0,0.0,0.0,0.0,0.0,0.0,0.0,9.38437770918244
780949,445000.0,1607,7.382124365737512,2.582449,1607,7.382124365737512,0,0.0,0,0.0,0.0,0,0.0,0.0,0,18,2.9444389791664403,0.324,18.0,2.9444389791664403,2,2,0,2.0,1.0,401.75,1.0,1,0,0,0,0,0,0,0,0,0,0,0,0,1,0,0,0,0,0,0,0,0,0,0,1,0,0,0.0,0.0,0.0,0.0,7.382124365737512,0.0,0.0,0.0,0.0,0.0,0.0,0.0,0.0,7.382124365737512,2.9444389791664403,0.0
781451,465000.0,1751,7.467942332285852,3.066001,1751,7.467942332285852,0,0.0,720,6.580639137284949,0.0,2475,7.814399633804487,1.413478012564249,0,4,1.6094379124341003,0.016,4.0,1.6094379124341003,3,2,1,2.5,0.8333333333333334,350.2,2.0,0,0,1,1,0,0,0,0,0,0,1,0,0,0,0,0,0,0,0,0,0,0,0,1,0,0,0,0.0,7.467942332285852,0.0,0.0,0.0,0.0,0.0,0.0,0.0,0.0,0.0,0.0,0.0,0.0,0.0,7.814399633804487
781514,210900.0,1232,7.116394144093465,1.517824,1232,7.116394144093465,0,0.0,0,0.0,0.0,1381,7.231287004327616,1.1209415584415585,0,1,0.6931471805599453,0.001,1.0,0.6931471805599453,2,1,1,1.5,0.75,410.6666666666667,2.0,0,0,1,0,0,0,1,0,0,0,1,0,0,0,0,0,0,0,0,0,0,0,0,0,1,0,0,0.0,7.116394144093465,0.0,0.0,0.0,0.0,0.0,0.0,0.0,0.0,0.0,0.0,0.0,0.0,0.0,7.231287004327616
781711,365000.0,777,6.655440350367647,0.603729,777,6.655440350367647,0,0.0,0,0.0,0.0,0,0.0,0.0,0,103,4.6443908991413725,10.609,103.0,4.6443908991413725,1,1,0,1.0,1.0,388.5,1.0,1,0,0,0,0,0,0,1,0,0,0,1,0,0,0,0,0,0,0,0,0,0,0,0,1,0,0,0.0,0.0,6.655440350367647,0.0,0.0,0.0,0.0,0.0,0.0,0.0,0.0,0.0,0.0,6.655440350367647,4.6443908991413725,0.0
781774,396825.0,1599,7.377133712833954,2.556801,1599,7.377133712833954,0,0.0,1599,7.3777589082278725,0.0,5930,8.687948111838727,3.7085678549093184,0,0,0.0,0.0,0.0,0.0,2,2,0,2.0,1.0,399.75,1.0,0,0,1,1,0,0,1,0,0,0,0,0,0,0,0,0,0,0,0,0,0,0,0,0,0,0,0,0.0,0.0,0.0,0.0,0.0,0.0,0.0,0.0,0.0,0.0,0.0,0.0,0.0,0.0,0.0,8.687948111838727
781907,774303.0,3281,8.0959035329611,10.764961,3281,8.0959035329611,0,0.0,1783,7.486613313139955,0.0,5710,8.650149418664864,1.740323072234075,0,0,0.0,0.0,0.0,0.0,5,4,1,4.5,0.9,364.55555555555554,2.0,0,0,1,1,0,0,1,0,0,0,1,0,0,0,0,0,0,0,0,0,0,0,1,0,0,0,0,0.0,8.0959035329611,0.0,0.0,0.0,0.0,0.0,0.0,0.0,0.0,0.0,0.0,0.0,0.0,0.0,8.650149418664864
782066,335000.0,1524,7.329093736246592,2.322576,1524,7.329093736246592,0,0.0,0,0.0,0.0,4800,8.476579508530941,3.1496062992125986,0,15,2.772588722239781,0.225,15.0,2.772588722239781,3,2,1,2.5,0.8333333333333334,304.8,2.0,0,0,1,0,0,0,0,0,0,0,0,0,0,0,0,0,0,0,0,0,0,0,1,0,0,0,0,0.0,0.0,0.0,0.0,0.0,0.0,0.0,0.0,0.0,0.0,0.0,0.0,0.0,0.0,0.0,8.476579508530941
782532,900000.0,3065,8.027802848370312,9.394225,4265,8.35819745992578,1200,7.0909098220799835,1434,7.268920128193722,0.8368200836820083,6250,8.740496729931813,2.039151712887439,0,18,2.9444389791664403,0.324,18.0,2.9444389791664403,3,3,1,3.5,1.1666666666666667,510.8333333333333,2.0,0,0,1,1,1,0,0,0,0,0,0,0,0,0,0,0,0,1,0,0,0,0,1,0,0,0,0,0.0,0.0,0.0,0.0,0.0,0.0,0.0,0.0,8.027802848370312,0.0,0.0,0.0,0.0,0.0,0.0,8.740496729931813
782872,225000.0,1262,7.140453043101158,1.592644,2022,7.611842399580417,760,6.634633357861686,1015,6.923628628138427,0.7487684729064039,10100,9.220389707829185,8.003169572107765,0,48,3.8918202981106265,2.304,0.0,0.0,3,3,0,3.0,1.0,210.33333333333334,1.0,0,1,1,1,1,0,0,0,0,0,0,0,1,0,0,0,0,0,0,0,0,0,0,0,0,0,0,0.0,0.0,0.0,7.140453043101158,0.0,0.0,0.0,0.0,0.0,0.0,0.0,0.0,0.0,0.0,0.0,9.220389707829185
783169,195000.0,457,6.124683390894205,0.208849,457,6.124683390894205,0,0.0,0,0.0,0.0,0,0.0,0.0,0,58,4.07753744390572,3.364,58.0,4.07753744390572,0,1,0,1.0,1.0,457.0,1.0,1,0,0,0,0,0,0,0,1,1,0,0,0,0,0,0,0,0,0,0,0,0,0,0,1,0,0,6.124683390894205,0.0,0.0,0.0,0.0,0.0,0.0,0.0,0.0,0.0,0.0,0.0,0.0,6.124683390894205,4.07753744390572,0.0
783351,186000.0,945,6.851184927493743,0.893025,945,6.851184927493743,0,0.0,0,0.0,0.0,0,0.0,0.0,0,50,3.9318256327243257,2.5,50.0,3.9318256327243257,2,1,0,1.0,0.5,315.0,1.0,1,0,0,0,0,0,0,0,0,0,0,0,0,0,0,0,0,0,0,0,0,1,0,0,1,0,0,0.0,0.0,0.0,0.0,0.0,0.0,0.0,0.0,0.0,0.0,0.0,0.0,6.851184927493743,6.851184927493743,3.9318256327243257,0.0
783763,355000.0,917,6.821107472256465,0.840889,917,6.821107472256465,0,0.0,0,0.0,0.0,0,0.0,0.0,0,51,3.9512437185814275,2.601,10.0,2.3978952727983707,2,1,0,1.0,0.5,305.6666666666667,1.0,1,1,0,0,0,0,0,0,0,1,0,0,0,0,0,0,0,0,0,0,0,0,0,1,0,0,0,6.821107472256465,0.0,0.0,0.0,0.0,0.0,0.0,0.0,0.0,0.0,0.0,0.0,0.0,6.821107472256465,3.9512437185814275,0.0
785301,585000.0,1777,7.482681828154651,3.157729,1777,7.482681828154651,0,0.0,0,0.0,0.0,9380,9.14644164612595,5.278559369724254,372,70,4.2626798770413155,4.9,4.0,1.6094379124341003,4,2,1,2.5,0.625,296.1666666666667,1.0,0,1,1,0,0,1,0,0,0,0,0,0,0,0,0,0,0,0,1,0,0,0,0,0,0,1,0,0.0,0.0,0.0,0.0,0.0,0.0,0.0,0.0,0.0,7.482681828154651,0.0,0.0,0.0,0.0,0.0,9.14644164612595
785522,320000.0,1615,7.387090235656757,2.608225,1615,7.387090235656757,0,0.0,0,0.0,0.0,2800,7.937731775260109,1.7337461300309598,0,11,2.4849066497880004,0.121,4.0,1.6094379124341003,3,2,0,2.0,0.6666666666666666,323.0,2.0,0,1,1,0,0,0,0,0,0,0,0,0,0,0,0,0,0,0,0,0,0,0,1,0,0,0,0,0.0,0.0,0.0,0.0,0.0,0.0,0.0,0.0,0.0,0.0,0.0,0.0,0.0,0.0,0.0,7.937731775260109
787062,748440.0,1457,7.284134806195205,2.122849,1457,7.284134806195205,0,0.0,638,6.459904454377535,0.0,1980,7.591357046698551,1.3589567604667123,0,0,0.0,0.0,0.0,0.0,3,2,1,2.5,0.8333333333333334,291.4,2.0,0,0,1,1,0,0,1,0,0,0,1,0,0,0,0,0,0,0,0,0,0,0,0,0,1,0,0,0.0,7.284134806195205,0.0,0.0,0.0,0.0,0.0,0.0,0.0,0.0,0.0,0.0,0.0,0.0,0.0,7.591357046698551
787174,1000000.0,2813,7.9420068084898565,7.912969,2813,7.9420068084898565,0,0.0,536,6.285998094508865,0.0,4000,8.294299608857235,1.4219694276573054,0,0,0.0,0.0,0.0,0.0,4,2,1,2.5,0.625,468.8333333333333,2.5,0,0,1,1,0,0,1,0,0,0,1,0,0,0,0,0,0,0,0,0,0,0,0,0,0,0,1,0.0,7.9420068084898565,0.0,0.0,0.0,0.0,0.0,0.0,0.0,0.0,0.0,0.0,0.0,0.0,0.0,8.294299608857235
787395,285936.0,726,6.587550014824796,0.527076,726,6.587550014824796,0,0.0,0,0.0,0.0,0,0.0,0.0,0,2,1.0986122886681098,0.004,2.0,1.0986122886681098,2,1,0,1.0,0.5,242.0,1.0,1,0,0,0,0,0,0,0,0,0,0,0,0,0,0,0,0,0,0,0,1,0,0,0,1,0,0,0.0,0.0,0.0,0.0,0.0,0.0,0.0,0.0,0.0,0.0,0.0,6.587550014824796,0.0,6.587550014824796,1.0986122886681098,0.0
787530,645000.0,1259,7.138073034044347,1.585081,1822,7.507690077819904,563,6.335054251498059,625,6.439350371100098,0.9008,6250,8.740496729931813,4.964257347100873,250,70,4.2626798770413155,4.9,70.0,4.2626798770413155,2,3,0,3.0,1.5,251.8,2.0,0,0,1,1,1,1,0,0,0,0,0,0,0,0,0,0,0,1,0,0,0,0,0,0,0,1,0,0.0,0.0,0.0,0.0,0.0,0.0,0.0,0.0,7.138073034044347,0.0,0.0,0.0,0.0,0.0,0.0,8.740496729931813
787611,439470.0,1316,7.182352111885263,1.731856,2435,7.79770203551669,1119,7.02108396428914,1316,7.183111701743281,0.8503039513677811,10200,9.23024103368252,7.750759878419453,0,55,4.02535169073515,3.025,55.0,4.02535169073515,3,3,0,3.0,1.0,219.33333333333334,1.0,0,0,1,1,1,0,0,0,0,0,0,0,0,1,0,0,0,0,0,0,0,0,0,0,0,0,0,0.0,0.0,0.0,0.0,7.182352111885263,0.0,0.0,0.0,0.0,0.0,0.0,0.0,0.0,0.0,0.0,9.23024103368252
788322,1100000.0,1424,7.261225091971921,2.027776,1424,7.261225091971921,0,0.0,0,0.0,0.0,0,0.0,0.0,0,2,1.0986122886681098,0.004,2.0,1.0986122886681098,3,2,0,2.0,0.6666666666666666,284.8,1.0,1,0,0,0,0,0,0,0,0,0,0,0,0,0,0,0,0,0,0,0,1,0,0,1,0,0,0,0.0,0.0,0.0,0.0,0.0,0.0,0.0,0.0,0.0,0.0,0.0,7.261225091971921,0.0,7.261225091971921,1.0986122886681098,0.0
788725,334000.0,1143,7.04141166379481,1.306449,1143,7.04141166379481,0,0.0,0,0.0,0.0,4722,8.460199469896118,4.131233595800525,0,20,3.044522437723423,0.4,20.0,3.044522437723423,3,2,1,2.5,0.8333333333333334,228.6,2.0,0,1,1,0,0,0,0,0,0,0,0,0,0,0,0,0,0,0,0,0,0,0,1,0,0,0,0,0.0,0.0,0.0,0.0,0.0,0.0,0.0,0.0,0.0,0.0,0.0,0.0,0.0,0.0,0.0,8.460199469896118
788818,653744.0,1907,7.553286605600419,3.636649,2499,7.823645930834952,592,6.385194398997726,864,6.762729506931879,0.6851851851851852,3183,8.065893546964274,1.669113791295228,0,0,0.0,0.0,0.0,0.0,3,3,1,3.5,1.1666666666666667,317.8333333333333,2.0,0,0,1,1,1,0,1,0,0,0,1,0,0,0,0,0,0,0,0,0,0,0,1,0,0,0,0,0.0,7.553286605600419,0.0,0.0,0.0,0.0,0.0,0.0,0.0,0.0,0.0,0.0,0.0,0.0,0.0,8.065893546964274
788820,335000.0,584,6.369900982828227,0.341056,584,6.369900982828227,0,0.0,0,0.0,0.0,0,0.0,0.0,0,17,2.8903717578961645,0.289,17.0,2.8903717578961645,0,1,0,1.0,1.0,584.0,1.0,1,1,0,0,0,0,0,0,1,0,0,0,0,0,0,0,0,0,0,0,1,0,0,0,1,0,0,0.0,0.0,0.0,0.0,0.0,0.0,0.0,0.0,0.0,0.0,0.0,6.369900982828227,0.0,6.369900982828227,2.8903717578961645,0.0
789586,503840.0,1979,7.590346945602565,3.916441,2629,7.874358824729881,650,6.478509642208569,971,6.879355804460439,0.6694129763130793,2340,7.75833346749091,1.1824153612935826,0,1,0.6931471805599453,0.001,1.0,0.6931471805599453,2,3,1,3.5,1.75,395.8,2.0,0,0,1,1,1,0,1,0,0,0,1,0,0,0,0,0,0,0,0,0,0,0,0,0,1,0,0,0.0,7.590346945602565,0.0,0.0,0.0,0.0,0.0,0.0,0.0,0.0,0.0,0.0,0.0,0.0,0.0,7.75833346749091
790587,420000.0,1718,7.4489161025442,2.951524,2483,7.817222785508166,765,6.641182169740591,805,6.692083742506628,0.9503105590062112,7150,8.875007486048396,4.161816065192084,0,50,3.9318256327243257,2.5,8.0,2.1972245773362196,4,2,1,2.5,0.625,286.3333333333333,2.0,0,1,1,1,1,0,0,0,0,0,0,0,1,0,0,0,0,0,0,0,0,0,1,0,0,0,0,0.0,0.0,0.0,7.4489161025442,0.0,0.0,0.0,0.0,0.0,0.0,0.0,0.0,0.0,0.0,0.0,8.875007486048396
791611,253000.0,1056,6.962243464266207,1.115136,1056,6.962243464266207,0,0.0,0,0.0,0.0,6100,8.716207971151853,5.776515151515151,0,72,4.290459441148391,5.184,0.0,0.0,2,1,0,1.0,0.5,352.0,1.0,0,1,1,0,0,0,0,0,0,0,0,0,0,0,0,0,0,0,1,0,0,0,0,0,0,0,0,0.0,0.0,0.0,0.0,0.0,0.0,0.0,0.0,0.0,6.962243464266207,0.0,0.0,0.0,0.0,0.0,8.716207971151853
791723,219900.0,860,6.756932389247553,0.7396,860,6.756932389247553,0,0.0,0,0.0,0.0,903,6.806829360392176,1.05,0,46,3.8501476017100584,2.116,0.0,0.0,2,1,0,1.0,0.5,286.6666666666667,1.0,0,1,1,0,0,0,0,0,0,0,0,0,0,1,0,0,0,0,0,0,0,0,0,1,0,0,0,0.0,0.0,0.0,0.0,6.756932389247553,0.0,0.0,0.0,0.0,0.0,0.0,0.0,0.0,0.0,0.0,6.806829360392176
792825,361500.0,732,6.595780513961311,0.535824,890,6.7912214627261855,158,5.0689042022202315,175,5.170483995038151,0.9028571428571428,1550,7.346655163176539,2.1174863387978142,0,118,4.77912349311153,13.924,1.0,0.6931471805599453,1,1,0,1.0,1.0,366.0,1.0,0,1,1,1,1,0,0,1,0,0,0,1,0,0,0,0,0,0,0,0,0,0,0,0,1,0,0,0.0,0.0,6.595780513961311,0.0,0.0,0.0,0.0,0.0,0.0,0.0,0.0,0.0,0.0,0.0,0.0,7.346655163176539
792906,1320000.0,2326,7.75190533307861,5.410276,2326,7.75190533307861,0,0.0,0,0.0,0.0,1697,7.437206366871292,0.7295786758383491,0,15,2.772588722239781,0.225,0.0,0.0,2,2,1,2.5,1.25,581.5,3.0,0,1,1,0,0,0,0,0,0,0,0,0,0,0,0,0,0,0,0,0,1,0,0,1,0,0,0,0.0,0.0,0.0,0.0,0.0,0.0,0.0,0.0,0.0,0.0,0.0,7.75190533307861,0.0,0.0,0.0,7.437206366871292
793879,310000.0,857,6.75343791859778,0.734449,1628,7.395107546562485,771,6.648984550024776,857,6.754604099487962,0.8996499416569428,6300,8.748463629942055,7.3512252042007,0,47,3.871201010907891,2.209,47.0,3.871201010907891,2,2,0,2.0,1.0,214.25,1.0,0,0,1,1,1,0,0,0,0,0,0,0,0,0,0,0,1,0,0,0,0,0,0,0,0,0,0,0.0,0.0,0.0,0.0,0.0,0.0,0.0,6.75343791859778,0.0,0.0,0.0,0.0,0.0,0.0,0.0,8.748463629942055
794184,340000.0,784,6.664409020350408,0.614656,784,6.664409020350408,0,0.0,0,0.0,0.0,3746,8.228710798793687,4.778061224489796,0,70,4.2626798770413155,4.9,0.0,0.0,2,1,0,1.0,0.5,261.3333333333333,1.0,0,1,1,0,0,0,0,0,0,0,0,0,0,0,0,0,0,0,1,0,0,0,0,1,0,0,0,0.0,0.0,0.0,0.0,0.0,0.0,0.0,0.0,0.0,6.664409020350408,0.0,0.0,0.0,0.0,0.0,8.228710798793687
794524,984601.0,3080,8.03268487596762,9.4864,4088,8.31581113188354,1008,6.9167150203536085,1442,7.274479558773871,0.6990291262135923,6600,8.79497643168877,2.142857142857143,0,0,0.0,0.0,0.0,0.0,4,4,1,4.5,1.125,385.0,2.0,0,0,1,1,1,0,1,0,0,0,1,0,0,0,0,0,0,0,0,0,0,0,1,0,0,0,0,0.0,8.03268487596762,0.0,0.0,0.0,0.0,0.0,0.0,0.0,0.0,0.0,0.0,0.0,0.0,0.0,8.79497643168877
794602,299000.0,1408,7.249925536717988,1.982464,1408,7.249925536717988,0,0.0,0,0.0,0.0,0,0.0,0.0,0,54,4.007333185232471,2.916,3.0,1.3862943611198906,2,2,1,2.5,1.25,352.0,2.0,1,1,0,0,0,0,0,0,0,0,0,0,0,1,0,0,0,0,0,0,0,0,0,1,0,0,0,0.0,0.0,0.0,0.0,7.249925536717988,0.0,0.0,0.0,0.0,0.0,0.0,0.0,0.0,7.249925536717988,4.007333185232471,0.0
794680,215000.0,587,6.375024819828097,0.344569,587,6.375024819828097,0,0.0,0,0.0,0.0,0,0.0,0.0,0,57,4.060443010546419,3.249,5.0,1.791759469228055,1,1,0,1.0,1.0,293.5,1.0,1,1,0,0,0,0,0,0,0,1,0,0,0,0,0,0,0,0,0,0,0,0,0,1,0,0,0,6.375024819828097,0.0,0.0,0.0,0.0,0.0,0.0,0.0,0.0,0.0,0.0,0.0,0.0,6.375024819828097,4.060443010546419,0.0
795187,180000.0,904,6.806829360392176,0.817216,904,6.806829360392176,0,0.0,0,0.0,0.0,0,0.0,0.0,0,41,3.7376696182833684,1.681,41.0,3.7376696182833684,2,2,0,2.0,1.0,226.0,1.0,1,0,0,0,0,0,0,0,0,0,0,0,0,1,0,0,0,0,0,0,0,0,0,1,0,0,0,0.0,0.0,0.0,0.0,6.806829360392176,0.0,0.0,0.0,0.0,0.0,0.0,0.0,0.0,6.806829360392176,3.7376696182833684,0.0
795213,541000.0,1492,7.307872780763706,2.226064,2904,7.973844375944687,1412,7.253470382684528,1486,7.304515946460155,0.9502018842530283,3610,8.191740021277457,2.4195710455764075,0,1,0.6931471805599453,0.001,1.0,0.6931471805599453,2,3,0,3.0,1.5,298.4,1.0,0,0,1,1,1,0,1,0,0,0,1,0,0,0,0,0,0,0,0,0,0,0,0,1,0,0,0,0.0,7.307872780763706,0.0,0.0,0.0,0.0,0.0,0.0,0.0,0.0,0.0,0.0,0.0,0.0,0.0,8.191740021277457
795230,575000.0,977,6.884486652042782,0.954529,977,6.884486652042782,0,0.0,0,0.0,0.0,0,0.0,0.0,0,2,1.0986122886681098,0.004,2.0,1.0986122886681098,1,1,0,1.0,1.0,488.5,1.0,1,0,0,0,0,0,0,0,0,0,0,0,0,0,0,0,0,0,0,0,1,0,0,0,1,0,0,0.0,0.0,0.0,0.0,0.0,0.0,0.0,0.0,0.0,0.0,0.0,6.884486652042782,0.0,6.884486652042782,1.0986122886681098,0.0
795763,404000.0,1152,7.049254841255837,1.327104,1152,7.049254841255837,0,0.0,0,0.0,0.0,2385,7.777373602657861,2.0703125,0,1,0.6931471805599453,0.001,1.0,0.6931471805599453,2,2,1,2.5,1.25,288.0,2.0,0,0,1,0,0,0,1,0,0,0,1,0,0,0,0,0,0,0,0,0,0,0,1,0,0,0,0,0.0,7.049254841255837,0.0,0.0,0.0,0.0,0.0,0.0,0.0,0.0,0.0,0.0,0.0,0.0,0.0,7.777373602657861
796265,200000.0,1004,6.911747300251674,1.008016,1004,6.911747300251674,0,0.0,0,0.0,0.0,0,0.0,0.0,0,50,3.9318256327243257,2.5,1.0,0.6931471805599453,2,1,1,1.5,0.75,334.6666666666667,1.0,1,1,0,0,0,0,0,0,0,0,0,0,1,0,0,0,0,0,0,0,0,0,0,0,1,0,0,0.0,0.0,0.0,6.911747300251674,0.0,0.0,0.0,0.0,0.0,0.0,0.0,0.0,0.0,6.911747300251674,3.9318256327243257,0.0
796357,500000.0,1264,7.142036574706803,1.597696,2338,7.757051142032013,1074,6.980075940561763,1264,7.142827401161621,0.8496835443037974,9650,9.174816815907135,7.6344936708860756,0,56,4.04305126783455,3.136,4.0,1.6094379124341003,3,3,0,3.0,1.0,210.66666666666666,1.0,0,1,1,1,1,0,0,0,0,0,0,0,0,1,0,0,0,0,0,0,0,0,0,0,0,0,0,0.0,0.0,0.0,0.0,7.142036574706803,0.0,0.0,0.0,0.0,0.0,0.0,0.0,0.0,0.0,0.0,9.174816815907135
796620,478220.0,2436,7.798112628829788,5.934096,2436,7.798112628829788,0,0.0,1068,6.974478911025045,0.0,4500,8.412054873292933,1.8472906403940887,0,0,0.0,0.0,0.0,0.0,4,2,1,2.5,0.625,406.0,2.0,0,0,1,1,0,0,1,0,0,0,0,0,0,0,0,0,0,0,0,0,0,0,1,0,0,0,0,0.0,0.0,0.0,0.0,0.0,0.0,0.0,0.0,0.0,0.0,0.0,0.0,0.0,0.0,0.0,8.412054873292933
798063,645000.0,1367,7.220373836723949,1.868689,1367,7.220373836723949,0,0.0,0,0.0,0.0,814,6.703188113240863,0.5954645208485735,0,2,1.0986122886681098,0.004,2.0,1.0986122886681098,2,2,1,2.5,1.25,341.75,3.0,0,0,1,0,0,0,0,0,0,0,0,1,0,0,0,0,0,0,0,0,0,0,0,0,1,0,0,0.0,0.0,7.220373836723949,0.0,0.0,0.0,0.0,0.0,0.0,0.0,0.0,0.0,0.0,0.0,0.0,6.703188113240863
798259,158000.0,740,6.606650186198215,0.5476,740,6.606650186198215,0,0.0,0,0.0,0.0,0,0.0,0.0,0,45,3.828641396489095,2.025,45.0,3.828641396489095,1,1,0,1.0,1.0,370.0,1.0,1,0,0,0,0,0,0,0,0,0,0,0,1,0,0,0,0,0,0,0,0,0,0,0,1,0,0,0.0,0.0,0.0,6.606650186198215,0.0,0.0,0.0,0.0,0.0,0.0,0.0,0.0,0.0,6.606650186198215,3.828641396489095,0.0
798559,475000.0,1765,7.475905969367397,3.115225,1765,7.475905969367397,0,0.0,719,6.579251212010101,0.0,2437,7.798933310041217,1.3807365439093484,0,2,1.0986122886681098,0.004,2.0,1.0986122886681098,3,2,1,2.5,0.8333333333333334,353.0,2.0,0,0,1,1,0,0,0,0,0,0,1,0,0,0,0,0,0,0,0,0,0,0,0,1,0,0,0,0.0,7.475905969367397,0.0,0.0,0.0,0.0,0.0,0.0,0.0,0.0,0.0,0.0,0.0,0.0,0.0,7.798933310041217
798934,765000.0,2567,7.8504931808711405,6.589489,3767,8.23403420769204,1200,7.0909098220799835,1263,7.142036574706803,0.9501187648456056,4500,8.412054873292933,1.753019088430074,0,14,2.70805020110221,0.196,14.0,2.70805020110221,3,3,1,3.5,1.1666666666666667,427.8333333333333,2.0,0,1,1,1,1,0,0,0,0,0,1,0,0,0,0,0,0,0,0,0,0,0,1,0,0,0,0,0.0,7.8504931808711405,0.0,0.0,0.0,0.0,0.0,0.0,0.0,0.0,0.0,0.0,0.0,0.0,0.0,8.412054873292933
799430,431444.0,1599,7.377133712833954,2.556801,2980,7.9996785794994505,1381,7.231287004327616,1599,7.3777589082278725,0.8636647904940588,10065,9.216918687336305,6.294559099437148,0,1,0.6931471805599453,0.001,1.0,0.6931471805599453,2,3,0,3.0,1.5,319.8,1.0,0,0,1,1,1,0,1,0,0,0,0,0,0,0,0,0,0,0,0,0,0,0,0,0,0,0,0,0.0,0.0,0.0,0.0,0.0,0.0,0.0,0.0,0.0,0.0,0.0,0.0,0.0,0.0,0.0,9.216918687336305
799836,235000.0,1121,7.02197642307216,1.256641,1121,7.02197642307216,0,0.0,0,0.0,0.0,0,0.0,0.0,0,14,2.70805020110221,0.196,14.0,2.70805020110221,2,2,0,2.0,1.0,280.25,1.0,1,0,0,0,0,0,0,0,0,0,0,0,0,0,0,0,0,0,0,0,0,0,0,1,0,0,0,0.0,0.0,0.0,0.0,0.0,0.0,0.0,0.0,0.0,0.0,0.0,0.0,0.0,7.02197642307216,2.70805020110221,0.0
799889,400000.0,2130,7.6638772587034705,4.5369,3100,8.039157390473237,970,6.878326468291325,1013,6.921658184151129,0.9575518262586377,4500,8.412054873292933,2.112676056338028,0,15,2.772588722239781,0.225,15.0,2.772588722239781,3,3,1,3.5,1.1666666666666667,355.0,2.0,0,1,1,1,1,0,0,0,0,0,0,0,0,0,0,0,0,0,0,0,0,0,1,0,0,0,0,0.0,0.0,0.0,0.0,0.0,0.0,0.0,0.0,0.0,0.0,0.0,0.0,0.0,0.0,0.0,8.412054873292933
800402,250000.0,786,6.666956792429207,0.617796,786,6.666956792429207,0,0.0,0,0.0,0.0,0,0.0,0.0,0,66,4.204692619390966,4.356,0.0,0.0,2,1,0,1.0,0.5,262.0,1.0,1,1,0,0,0,0,0,0,0,1,0,0,0,0,0,0,0,0,0,0,0,0,0,1,0,0,0,6.666956792429207,0.0,0.0,0.0,0.0,0.0,0.0,0.0,0.0,0.0,0.0,0.0,0.0,6.666956792429207,4.204692619390966,0.0
800865,80000.0,1029,6.9363427358340495,1.058841,1029,6.9363427358340495,0,0.0,0,0.0,0.0,0,0.0,0.0,0,49,3.912023005428146,2.401,0.0,0.0,2,2,0,2.0,1.0,257.25,1.0,1,1,0,0,0,0,0,0,0,0,0,0,1,0,0,0,0,0,0,0,0,0,0,1,0,0,0,0.0,0.0,0.0,6.9363427358340495,0.0,0.0,0.0,0.0,0.0,0.0,0.0,0.0,0.0,6.9363427358340495,3.912023005428146,0.0
801021,645000.0,1908,7.553810852008231,3.640464,1908,7.553810852008231,0,0.0,0,0.0,0.0,2631,7.875499292445208,1.378930817610063,0,4,1.6094379124341003,0.016,4.0,1.6094379124341003,2,2,1,2.5,1.25,477.0,3.0,0,0,1,0,0,0,0,0,0,0,0,0,0,0,0,0,0,0,0,1,0,0,0,1,0,0,0,0.0,0.0,0.0,0.0,0.0,0.0,0.0,0.0,0.0,0.0,7.553810852008231,0.0,0.0,0.0,0.0,7.875499292445208
801190,269000.0,1470,7.293017679772782,2.1609,1470,7.293017679772782,0,0.0,0,0.0,0.0,0,0.0,0.0,0,47,3.871201010907891,2.209,0.0,0.0,2,2,0,2.0,1.0,367.5,1.0,1,1,0,0,0,0,0,0,0,0,0,0,0,0,0,0,0,0,0,0,0,1,0,0,1,0,0,0.0,0.0,0.0,0.0,0.0,0.0,0.0,0.0,0.0,0.0,0.0,0.0,7.293017679772782,7.293017679772782,3.871201010907891,0.0
801372,560000.0,1062,6.967909201801884,1.127844,1062,6.967909201801884,0,0.0,0,0.0,0.0,0,0.0,0.0,0,19,2.995732273553991,0.361,19.0,2.995732273553991,1,2,0,2.0,2.0,354.0,1.0,1,1,0,0,0,0,0,0,0,0,0,0,0,0,0,0,0,0,0,0,1,0,0,0,1,0,0,0.0,0.0,0.0,0.0,0.0,0.0,0.0,0.0,0.0,0.0,0.0,6.967909201801884,0.0,6.967909201801884,2.995732273553991,0.0
802413,310000.0,952,6.858565034791365,0.906304,952,6.858565034791365,0,0.0,0,0.0,0.0,0,0.0,0.0,0,41,3.7376696182833684,1.681,4.0,1.6094379124341003,1,1,0,1.0,1.0,476.0,1.0,1,1,0,0,0,0,0,0,0,1,0,0,0,0,0,0,0,0,0,0,0,0,0,0,1,0,0,6.858565034791365,0.0,0.0,0.0,0.0,0.0,0.0,0.0,0.0,0.0,0.0,0.0,0.0,6.858565034791365,3.7376696182833684,0.0
802433,660000.0,887,6.787844982309579,0.786769,887,6.787844982309579,0,0.0,0,0.0,0.0,0,0.0,0.0,0,2,1.0986122886681098,0.004,2.0,1.0986122886681098,1,1,0,1.0,1.0,443.5,1.0,1,0,0,0,0,0,0,0,0,0,0,0,0,0,0,0,0,0,0,0,1,0,0,0,1,0,0,0.0,0.0,0.0,0.0,0.0,0.0,0.0,0.0,0.0,0.0,0.0,6.787844982309579,0.0,6.787844982309579,1.0986122886681098,0.0
802870,569156.0,1794,7.492203042618741,3.218436,1794,7.492203042618741,0,0.0,866,6.7650389767805414,0.0,3600,8.188966863648876,2.0066889632107023,0,0,0.0,0.0,0.0,0.0,3,2,1,2.5,0.8333333333333334,358.8,2.0,0,0,1,1,0,0,1,0,0,0,1,0,0,0,0,0,0,0,0,0,0,0,1,0,0,0,0,0.0,7.492203042618741,0.0,0.0,0.0,0.0,0.0,0.0,0.0,0.0,0.0,0.0,0.0,0.0,0.0,8.188966863648876
803385,1010000.0,1714,7.446585099157725,2.937796,2514,7.829630389150193,800,6.68586094706836,856,6.75343791859778,0.9345794392523364,5850,8.674367865788236,3.413068844807468,0,79,4.382026634673881,6.241,5.0,1.791759469228055,3,4,0,4.0,1.3333333333333333,244.85714285714286,1.0,0,1,1,1,1,0,0,0,0,0,0,0,0,0,0,0,0,1,0,0,0,0,0,0,0,0,0,0.0,0.0,0.0,0.0,0.0,0.0,0.0,0.0,7.446585099157725,0.0,0.0,0.0,0.0,0.0,0.0,8.674367865788236
803637,733000.0,2310,7.745002803515839,5.3361,3120,8.045588280803528,810,6.698268054115413,1215,7.103322062526113,0.6666666666666666,4879,8.492900498847193,2.1121212121212123,0,0,0.0,0.0,0.0,0.0,4,4,0,4.0,1.0,288.75,2.0,0,0,1,1,1,0,1,0,0,0,1,0,0,0,0,0,0,0,0,0,0,0,1,0,0,0,0,0.0,7.745002803515839,0.0,0.0,0.0,0.0,0.0,0.0,0.0,0.0,0.0,0.0,0.0,0.0,0.0,8.492900498847193
803841,417000.0,1051,6.957497370876951,1.104601,1409,7.25063551189868,358,5.883322388488279,511,6.238324625039508,0.700587084148728,1126,7.027314514039777,1.071360608943863,0,118,4.77912349311153,13.924,10.0,2.3978952727983707,2,1,0,1.0,0.5,350.3333333333333,2.0,0,1,1,1,1,0,0,1,0,1,0,0,0,0,0,0,0,0,0,0,0,0,0,0,1,0,0,6.957497370876951,0.0,0.0,0.0,0.0,0.0,0.0,0.0,0.0,0.0,0.0,0.0,0.0,0.0,0.0,7.027314514039777
805003,600000.0,965,6.872128101338986,0.931225,965,6.872128101338986,0,0.0,0,0.0,0.0,0,0.0,0.0,0,2,1.0986122886681098,0.004,2.0,1.0986122886681098,1,1,0,1.0,1.0,482.5,1.0,1,0,0,0,0,0,0,0,0,0,0,0,0,0,0,0,0,0,0,0,1,0,0,0,1,0,0,0.0,0.0,0.0,0.0,0.0,0.0,0.0,0.0,0.0,0.0,0.0,6.872128101338986,0.0,6.872128101338986,1.0986122886681098,0.0
805161,365000.0,868,6.7661917146603505,0.753424,868,6.7661917146603505,0,0.0,0,0.0,0.0,6250,8.740496729931813,7.200460829493087,0,77,4.356708826689592,5.929,12.0,2.5649493574615367,2,1,0,1.0,0.5,289.3333333333333,1.0,0,1,1,0,0,0,0,0,0,0,0,0,0,0,0,0,0,0,1,0,0,0,0,0,0,0,0,0.0,0.0,0.0,0.0,0.0,0.0,0.0,0.0,0.0,6.7661917146603505,0.0,0.0,0.0,0.0,0.0,8.740496729931813
805374,501980.0,2051,7.62608275807238,4.206601,2804,7.938802248154481,753,6.625392368007956,793,6.677083461247136,0.9495586380832283,3375,8.124446855715847,1.6455387615797172,0,0,0.0,0.0,0.0,0.0,3,3,1,3.5,1.1666666666666667,341.8333333333333,2.0,0,0,1,1,1,0,1,0,0,0,1,0,0,0,0,0,0,0,0,0,0,0,0,1,0,0,0,0.0,7.62608275807238,0.0,0.0,0.0,0.0,0.0,0.0,0.0,0.0,0.0,0.0,0.0,0.0,0.0,8.124446855715847
805946,159000.0,952,6.858565034791365,0.906304,952,6.858565034791365,0,0.0,0,0.0,0.0,0,0.0,0.0,0,48,3.8918202981106265,2.304,48.0,3.8918202981106265,2,1,1,1.5,0.75,317.3333333333333,1.0,1,0,0,0,0,0,0,0,0,0,0,0,0,1,0,0,0,0,0,0,0,0,0,1,0,0,0,0.0,0.0,0.0,0.0,6.858565034791365,0.0,0.0,0.0,0.0,0.0,0.0,0.0,0.0,6.858565034791365,3.8918202981106265,0.0
806012,363725.0,1947,7.5740450053721995,3.790809,1947,7.5740450053721995,0,0.0,0,0.0,0.0,3244,8.08487062913819,1.6661530559835644,0,1,0.6931471805599453,0.001,1.0,0.6931471805599453,4,2,1,2.5,0.625,324.5,2.0,0,0,1,0,0,0,1,0,0,0,0,0,0,0,0,0,0,0,0,0,0,0,0,1,0,0,0,0.0,0.0,0.0,0.0,0.0,0.0,0.0,0.0,0.0,0.0,0.0,0.0,0.0,0.0,0.0,8.08487062913819
806075,465000.0,781,6.660575149839686,0.609961,1399,7.243512974665482,618,6.428105272684596,781,6.661854740545311,0.7912932138284251,4670,8.449128460502108,5.979513444302177,0,92,4.532599493153256,8.464,7.0,2.0794415416798357,2,2,0,2.0,1.0,195.25,1.0,0,1,1,1,1,0,0,1,0,0,0,0,0,0,0,0,0,1,0,0,0,0,0,0,0,0,0,0.0,0.0,0.0,0.0,0.0,0.0,0.0,0.0,6.660575149839686,0.0,0.0,0.0,0.0,0.0,0.0,8.449128460502108
806206,645000.0,1086,6.990256500493881,1.179396,2062,7.631431664576906,976,6.884486652042782,1027,6.93537044601511,0.9503407984420643,6950,8.846640813100485,6.39963167587477,0,77,4.356708826689592,5.929,1.0,0.6931471805599453,2,2,0,2.0,1.0,271.5,1.0,0,1,1,1,1,0,0,0,0,0,0,0,0,0,0,0,0,0,1,0,0,0,0,0,0,0,0,0.0,0.0,0.0,0.0,0.0,0.0,0.0,0.0,0.0,6.990256500493881,0.0,0.0,0.0,0.0,0.0,8.846640813100485
806440,450000.0,1311,7.1785454837637,1.718721,2491,7.820439515262181,1180,7.074116816197362,1311,7.179307969504034,0.9000762776506483,9350,9.143238568435446,7.131960335621663,0,56,4.04305126783455,3.136,0.0,0.0,3,3,0,3.0,1.0,218.5,1.0,0,1,1,1,1,0,0,0,0,0,0,0,0,1,0,0,0,0,0,0,0,0,0,0,0,0,0,0.0,0.0,0.0,0.0,7.1785454837637,0.0,0.0,0.0,0.0,0.0,0.0,0.0,0.0,0.0,0.0,9.143238568435446
806749,528000.0,1915,7.557472901614746,3.667225,2782,7.930925372483388,867,6.7661917146603505,964,6.872128101338986,0.8993775933609959,7464,8.91798070997329,3.897650130548303,0,51,3.9512437185814275,2.601,0.0,0.0,4,3,1,3.5,0.875,273.57142857142856,2.0,0,1,1,1,1,0,0,0,0,0,0,0,1,0,0,0,0,0,0,0,0,0,1,0,0,0,0,0.0,0.0,0.0,7.557472901614746,0.0,0.0,0.0,0.0,0.0,0.0,0.0,0.0,0.0,0.0,0.0,8.91798070997329
807059,242183.0,1342,7.201916317531627,1.800964,1342,7.201916317531627,0,0.0,0,0.0,0.0,1760,7.473637108496206,1.3114754098360655,0,1,0.6931471805599453,0.001,1.0,0.6931471805599453,3,2,1,2.5,0.8333333333333334,268.4,2.0,0,0,1,0,0,0,1,0,0,0,1,0,0,0,0,0,0,0,0,0,0,0,0,1,0,0,0,0.0,7.201916317531627,0.0,0.0,0.0,0.0,0.0,0.0,0.0,0.0,0.0,0.0,0.0,0.0,0.0,7.473637108496206
807229,353000.0,1538,7.338238150065589,2.365444,1538,7.338238150065589,0,0.0,0,0.0,0.0,4991,8.515591910049263,3.2451235370611182,0,21,3.091042453358316,0.441,21.0,3.091042453358316,3,2,1,2.5,0.8333333333333334,307.6,2.0,0,0,1,0,0,0,0,0,0,0,0,0,0,0,0,0,0,0,0,0,0,0,1,0,0,0,0,0.0,0.0,0.0,0.0,0.0,0.0,0.0,0.0,0.0,0.0,0.0,0.0,0.0,0.0,0.0,8.515591910049263
807398,270000.0,1133,7.0326242610280065,1.283689,1133,7.0326242610280065,0,0.0,0,0.0,0.0,3848,8.255568653283746,3.3962930273609886,0,20,3.044522437723423,0.4,20.0,3.044522437723423,2,1,1,1.5,0.75,377.6666666666667,2.0,0,0,1,0,0,0,0,0,0,0,0,0,0,0,0,0,1,0,0,0,0,0,0,1,0,0,0,0.0,0.0,0.0,0.0,0.0,0.0,0.0,7.0326242610280065,0.0,0.0,0.0,0.0,0.0,0.0,0.0,8.255568653283746
807840,380000.0,864,6.761572768804055,0.746496,864,6.761572768804055,0,0.0,0,0.0,0.0,0,0.0,0.0,0,86,4.465908118654584,7.396,15.0,2.772588722239781,1,1,0,1.0,1.0,432.0,1.0,1,1,0,0,0,0,0,1,0,0,0,1,0,0,0,0,0,0,0,0,0,0,0,0,1,0,0,0.0,0.0,6.761572768804055,0.0,0.0,0.0,0.0,0.0,0.0,0.0,0.0,0.0,0.0,6.761572768804055,4.465908118654584,0.0
807956,172500.0,952,6.858565034791365,0.906304,952,6.858565034791365,0,0.0,0,0.0,0.0,0,0.0,0.0,0,48,3.8918202981106265,2.304,48.0,3.8918202981106265,2,1,0,1.0,0.5,317.3333333333333,1.0,1,0,0,0,0,0,0,0,0,0,0,0,0,1,0,0,0,0,0,0,0,0,0,1,0,0,0,0.0,0.0,0.0,0.0,6.858565034791365,0.0,0.0,0.0,0.0,0.0,0.0,0.0,0.0,6.858565034791365,3.8918202981106265,0.0
808021,185318.0,1626,7.3938782901077555,2.643876,1626,7.3938782901077555,0,0.0,0,0.0,0.0,3137,8.051340933292979,1.9292742927429274,0,17,2.8903717578961645,0.289,17.0,2.8903717578961645,3,2,1,2.5,0.8333333333333334,325.2,2.0,0,0,1,0,0,0,0,0,0,0,0,0,0,0,0,0,0,0,0,0,0,0,1,0,0,0,0,0.0,0.0,0.0,0.0,0.0,0.0,0.0,0.0,0.0,0.0,0.0,0.0,0.0,0.0,0.0,8.051340933292979
808744,985000.0,2384,7.776535028185241,5.683456,2384,7.776535028185241,0,0.0,0,0.0,0.0,0,0.0,0.0,0,19,2.995732273553991,0.361,19.0,2.995732273553991,3,2,1,2.5,0.8333333333333334,476.8,1.0,1,0,0,0,0,0,0,0,0,0,0,0,0,0,0,0,0,0,0,0,1,0,0,1,0,0,0,0.0,0.0,0.0,0.0,0.0,0.0,0.0,0.0,0.0,0.0,0.0,7.776535028185241,0.0,7.776535028185241,2.995732273553991,0.0
808812,295500.0,1456,7.283448228756631,2.119936,1456,7.283448228756631,0,0.0,480,6.175867270105761,0.0,3850,8.25608813381491,2.644230769230769,0,20,3.044522437723423,0.4,20.0,3.044522437723423,3,2,1,2.5,0.8333333333333334,291.2,2.0,0,0,1,1,0,0,0,0,0,0,0,0,0,0,0,0,1,0,0,0,0,0,0,1,0,0,0,0.0,0.0,0.0,0.0,0.0,0.0,0.0,7.283448228756631,0.0,0.0,0.0,0.0,0.0,0.0,0.0,8.25608813381491
809765,360000.0,847,6.741700694652055,0.717409,847,6.741700694652055,0,0.0,0,0.0,0.0,6930,8.843759381917984,8.181818181818182,788,37,3.6375861597263857,1.369,37.0,3.6375861597263857,3,2,0,2.0,0.6666666666666666,169.4,1.0,0,0,1,0,0,1,0,0,0,0,0,0,0,0,0,1,0,0,0,0,0,0,0,0,0,1,0,0.0,0.0,0.0,0.0,0.0,0.0,6.741700694652055,0.0,0.0,0.0,0.0,0.0,0.0,0.0,0.0,8.843759381917984
811113,922878.0,2310,7.745002803515839,5.3361,3120,8.045588280803528,810,6.698268054115413,1215,7.103322062526113,0.6666666666666666,4185,8.339500903005945,1.8116883116883118,0,0,0.0,0.0,0.0,0.0,4,3,1,3.5,0.875,330.0,2.0,0,0,1,1,1,0,1,0,0,0,1,0,0,0,0,0,0,0,0,0,0,0,1,0,0,0,0,0.0,7.745002803515839,0.0,0.0,0.0,0.0,0.0,0.0,0.0,0.0,0.0,0.0,0.0,0.0,0.0,8.339500903005945
811162,973000.0,3238,8.08271113423758,10.484644,3638,8.199189359078067,400,5.993961427306569,815,6.704414354964107,0.49079754601226994,10400,9.249657234353133,3.211859172328598,0,80,4.394449154672439,6.4,17.0,2.8903717578961645,4,5,0,5.0,1.25,359.77777777777777,1.5,0,1,1,1,1,0,0,1,0,0,0,0,0,0,0,0,0,1,0,0,0,0,0,0,0,0,1,0.0,0.0,0.0,0.0,0.0,0.0,0.0,0.0,8.08271113423758,0.0,0.0,0.0,0.0,0.0,0.0,9.249657234353133
811410,509250.0,1585,7.368339686311381,2.512225,1585,7.368339686311381,0,0.0,268,5.594711379601839,0.0,800,6.68586094706836,0.5047318611987381,0,129,4.867534450455582,16.641,4.0,1.6094379124341003,3,1,1,1.5,0.5,396.25,2.0,0,1,1,1,0,0,0,1,0,0,0,0,0,0,1,0,0,0,0,0,0,0,0,1,0,0,0,0.0,0.0,0.0,0.0,0.0,7.368339686311381,0.0,0.0,0.0,0.0,0.0,0.0,0.0,0.0,0.0,6.68586094706836
811453,300000.0,1052,6.9584483932976555,1.106704,1052,6.9584483932976555,0,0.0,527,6.269096283706261,0.0,8720,9.073489189226986,8.288973384030419,490,39,3.6888794541139363,1.521,39.0,3.6888794541139363,3,2,0,2.0,0.6666666666666666,210.4,1.0,0,0,1,1,0,1,0,0,0,0,0,0,0,0,0,0,1,0,0,0,0,0,0,0,0,1,0,0.0,0.0,0.0,0.0,0.0,0.0,0.0,6.9584483932976555,0.0,0.0,0.0,0.0,0.0,0.0,0.0,9.073489189226986
811518,183000.0,891,6.792344427470809,0.793881,891,6.792344427470809,0,0.0,0,0.0,0.0,7000,8.853808274977197,7.856341189674523,429,40,3.713572066704308,1.6,40.0,3.713572066704308,3,1,1,1.5,0.5,222.75,1.0,0,0,1,0,0,1,0,0,0,0,0,0,0,0,0,0,1,0,0,0,0,0,0,0,0,1,0,0.0,0.0,0.0,0.0,0.0,0.0,0.0,6.792344427470809,0.0,0.0,0.0,0.0,0.0,0.0,0.0,8.853808274977197
812167,326400.0,1682,7.427738840532894,2.829124,1682,7.427738840532894,0,0.0,0,0.0,0.0,3700,8.216358332386156,2.1997621878715816,0,1,0.6931471805599453,0.001,1.0,0.6931471805599453,3,2,1,2.5,0.8333333333333334,336.4,2.0,0,0,1,0,0,0,1,0,0,0,0,0,0,0,0,0,0,0,0,0,0,0,1,0,0,0,0,0.0,0.0,0.0,0.0,0.0,0.0,0.0,0.0,0.0,0.0,0.0,0.0,0.0,0.0,0.0,8.216358332386156
812194,344900.0,827,6.717804695023691,0.683929,827,6.717804695023691,0,0.0,0,0.0,0.0,0,0.0,0.0,0,49,3.912023005428146,2.401,11.0,2.4849066497880004,1,1,0,1.0,1.0,413.5,1.0,1,1,0,0,0,0,0,0,0,1,0,0,0,0,0,0,0,0,0,0,0,0,0,0,1,0,0,6.717804695023691,0.0,0.0,0.0,0.0,0.0,0.0,0.0,0.0,0.0,0.0,0.0,0.0,6.717804695023691,3.912023005428146,0.0
812668,428000.0,2699,7.900636613018005,7.284601,2699,7.900636613018005,0,0.0,918,6.823286122355687,0.0,7199,8.881836305004146,2.667284179325676,0,4,1.6094379124341003,0.016,4.0,1.6094379124341003,4,2,1,2.5,0.625,449.8333333333333,2.0,0,1,1,1,0,0,0,0,0,0,0,0,0,0,0,0,0,0,0,0,0,0,1,0,0,0,0,0.0,0.0,0.0,0.0,0.0,0.0,0.0,0.0,0.0,0.0,0.0,0.0,0.0,0.0,0.0,8.881836305004146
813012,300000.0,1217,7.104144092987527,1.481089,1981,7.591357046698551,764,6.639875833826536,764,6.639875833826536,1.0,1020,6.928537818164665,0.838126540673788,0,38,3.6635616461296463,1.444,38.0,3.6635616461296463,2,2,0,2.0,1.0,304.25,2.0,0,0,1,1,1,0,0,0,0,0,0,0,1,0,0,0,0,0,0,0,0,0,0,0,1,0,0,0.0,0.0,0.0,7.104144092987527,0.0,0.0,0.0,0.0,0.0,0.0,0.0,0.0,0.0,0.0,0.0,6.928537818164665
813040,755000.0,1179,7.072421900537371,1.390041,1179,7.072421900537371,0,0.0,0,0.0,0.0,0,0.0,0.0,0,2,1.0986122886681098,0.004,2.0,1.0986122886681098,1,1,1,1.5,1.5,589.5,1.0,1,0,0,0,0,0,0,0,0,0,0,0,0,0,0,0,0,0,0,0,1,0,0,0,1,0,0,0.0,0.0,0.0,0.0,0.0,0.0,0.0,0.0,0.0,0.0,0.0,7.072421900537371,0.0,7.072421900537371,1.0986122886681098,0.0
813202,341500.0,837,6.729824070489475,0.700569,837,6.729824070489475,0,0.0,0,0.0,0.0,0,0.0,0.0,0,116,4.762173934797756,13.456,0.0,0.0,2,1,0,1.0,0.5,279.0,1.0,1,1,0,0,0,0,0,1,0,1,0,0,0,0,0,0,0,0,0,0,0,0,0,0,1,0,0,6.729824070489475,0.0,0.0,0.0,0.0,0.0,0.0,0.0,0.0,0.0,0.0,0.0,0.0,6.729824070489475,4.762173934797756,0.0
813330,448000.0,1620,7.3901814282264295,2.6244,1620,7.3901814282264295,0,0.0,0,0.0,0.0,9510,9.160204302482386,5.87037037037037,1295,50,3.9318256327243257,2.5,0.0,0.0,5,3,0,3.0,0.6,202.5,1.0,0,1,1,0,0,1,0,0,0,0,0,0,0,1,0,0,0,0,0,0,0,0,0,0,0,1,0,0.0,0.0,0.0,0.0,7.3901814282264295,0.0,0.0,0.0,0.0,0.0,0.0,0.0,0.0,0.0,0.0,9.160204302482386
815468,574801.0,2390,7.779048644925556,5.7121,2390,7.779048644925556,0,0.0,0,0.0,0.0,3562,8.178358165605836,1.490376569037657,0,1,0.6931471805599453,0.001,1.0,0.6931471805599453,3,3,1,3.5,1.1666666666666667,398.3333333333333,3.0,0,0,1,0,0,0,1,0,0,0,1,0,0,0,0,0,0,0,0,0,0,0,0,1,0,0,0,0.0,7.779048644925556,0.0,0.0,0.0,0.0,0.0,0.0,0.0,0.0,0.0,0.0,0.0,0.0,0.0,8.178358165605836
815738,310000.0,574,6.352629396319567,0.329476,574,6.352629396319567,0,0.0,0,0.0,0.0,4237,8.351846738828245,7.381533101045296,0,66,4.204692619390966,4.356,15.0,2.772588722239781,1,1,0,1.0,1.0,287.0,1.0,0,1,1,0,0,0,0,0,0,0,0,0,0,0,0,0,0,0,0,1,0,0,0,1,0,0,0,0.0,0.0,0.0,0.0,0.0,0.0,0.0,0.0,0.0,0.0,6.352629396319567,0.0,0.0,0.0,0.0,8.351846738828245
816330,732000.0,1423,7.260522598089852,2.024929,1423,7.260522598089852,0,0.0,0,0.0,0.0,1065,6.97166860472579,0.7484188334504568,0,4,1.6094379124341003,0.016,4.0,1.6094379124341003,2,2,1,2.5,1.25,355.75,3.0,0,0,1,0,0,0,0,0,0,0,0,1,0,0,0,0,0,0,0,0,0,0,0,1,0,0,0,0.0,0.0,7.260522598089852,0.0,0.0,0.0,0.0,0.0,0.0,0.0,0.0,0.0,0.0,0.0,0.0,6.97166860472579
816862,367794.0,1648,7.4073177104694174,2.715904,1648,7.4073177104694174,0,0.0,671,6.51025834052315,0.0,5265,8.569026340056254,3.1947815533980584,0,1,0.6931471805599453,0.001,1.0,0.6931471805599453,3,2,1,2.5,0.8333333333333334,329.6,2.0,0,0,1,1,0,0,1,0,0,0,0,0,0,0,0,0,0,0,0,0,0,0,1,0,0,0,0,0.0,0.0,0.0,0.0,0.0,0.0,0.0,0.0,0.0,0.0,0.0,0.0,0.0,0.0,0.0,8.569026340056254
817239,550000.0,1309,7.1770187659099,1.713481,1309,7.1770187659099,0,0.0,0,0.0,0.0,896,6.799055862058796,0.6844919786096256,0,1,0.6931471805599453,0.001,1.0,0.6931471805599453,2,2,0,2.0,1.0,327.25,3.0,0,0,1,0,0,0,1,0,0,0,0,0,0,0,1,0,0,0,0,0,0,0,0,0,1,0,0,0.0,0.0,0.0,0.0,0.0,7.1770187659099,0.0,0.0,0.0,0.0,0.0,0.0,0.0,0.0,0.0,6.799055862058796
817420,415000.0,1488,7.305188215393037,2.214144,1488,7.305188215393037,0,0.0,0,0.0,0.0,1625,7.3938782901077555,1.0920698924731183,0,5,1.791759469228055,0.025,5.0,1.791759469228055,2,2,1,2.5,1.25,372.0,3.0,0,0,1,0,0,0,0,0,0,0,1,0,0,0,0,0,0,0,0,0,0,0,0,1,0,0,0,0.0,7.305188215393037,0.0,0.0,0.0,0.0,0.0,0.0,0.0,0.0,0.0,0.0,0.0,0.0,0.0,7.3938782901077555
817786,375475.0,1682,7.427738840532894,2.829124,1682,7.427738840532894,0,0.0,665,6.501289670540389,0.0,3200,8.071218539969863,1.9024970273483948,0,1,0.6931471805599453,0.001,1.0,0.6931471805599453,3,2,1,2.5,0.8333333333333334,336.4,2.0,0,0,1,1,0,0,1,0,0,0,0,0,0,0,0,0,0,0,0,0,0,0,1,0,0,0,0,0.0,0.0,0.0,0.0,0.0,0.0,0.0,0.0,0.0,0.0,0.0,0.0,0.0,0.0,0.0,8.071218539969863
817934,505000.0,1247,7.1284959456800365,1.555009,1247,7.1284959456800365,0,0.0,0,0.0,0.0,0,0.0,0.0,0,13,2.6390573296152584,0.169,13.0,2.6390573296152584,2,2,0,2.0,1.0,311.75,1.0,1,1,0,0,0,0,0,0,0,1,0,0,0,0,0,0,0,0,0,0,0,0,0,1,0,0,0,7.1284959456800365,0.0,0.0,0.0,0.0,0.0,0.0,0.0,0.0,0.0,0.0,0.0,0.0,7.1284959456800365,2.6390573296152584,0.0
819868,665000.0,1755,7.470224135899966,3.080025,1755,7.470224135899966,0,0.0,0,0.0,0.0,1410,7.252053951852814,0.8034188034188035,0,4,1.6094379124341003,0.016,4.0,1.6094379124341003,3,3,1,3.5,1.1666666666666667,292.5,3.0,0,0,1,0,0,0,0,0,0,0,0,0,0,0,0,0,0,0,0,1,0,0,0,1,0,0,0,0.0,0.0,0.0,0.0,0.0,0.0,0.0,0.0,0.0,0.0,7.470224135899966,0.0,0.0,0.0,0.0,7.252053951852814
819973,232000.0,948,6.854354502255021,0.898704,948,6.854354502255021,0,0.0,0,0.0,0.0,0,0.0,0.0,0,39,3.6888794541139363,1.521,2.0,1.0986122886681098,2,2,0,2.0,1.0,237.0,1.0,1,1,0,0,0,0,0,0,0,0,0,0,0,0,0,0,0,0,0,0,0,1,0,1,0,0,0,0.0,0.0,0.0,0.0,0.0,0.0,0.0,0.0,0.0,0.0,0.0,0.0,6.854354502255021,6.854354502255021,3.6888794541139363,0.0
820628,596400.0,1781,7.484930283289661,3.171961,1781,7.484930283289661,0,0.0,904,6.807934943699926,0.0,2276,7.7306140660637395,1.2779337450870298,0,0,0.0,0.0,0.0,0.0,2,2,1,2.5,1.25,445.25,2.0,0,0,1,1,0,0,1,0,0,0,1,0,0,0,0,0,0,0,0,0,0,0,0,0,1,0,0,0.0,7.484930283289661,0.0,0.0,0.0,0.0,0.0,0.0,0.0,0.0,0.0,0.0,0.0,0.0,0.0,7.7306140660637395
820769,405000.0,1445,7.275864600546533,2.088025,2119,7.6586995582682995,674,6.51471269087253,710,6.566672429803241,0.9492957746478873,7640,8.941283763647567,5.28719723183391,0,38,3.6635616461296463,1.444,10.0,2.3978952727983707,3,2,1,2.5,0.8333333333333334,289.0,2.0,0,1,1,1,1,0,0,0,0,0,0,0,0,0,0,1,0,0,0,0,0,0,1,0,0,0,0,0.0,0.0,0.0,0.0,0.0,0.0,7.275864600546533,0.0,0.0,0.0,0.0,0.0,0.0,0.0,0.0,8.941283763647567
821073,500000.0,1598,7.37650812632622,2.553604,1598,7.37650812632622,0,0.0,749,6.620073206530356,0.0,2475,7.814399633804487,1.548811013767209,0,5,1.791759469228055,0.025,5.0,1.791759469228055,3,2,1,2.5,0.8333333333333334,319.6,2.0,0,0,1,1,0,0,0,0,0,0,1,0,0,0,0,0,0,0,0,0,0,0,0,1,0,0,0,0.0,7.37650812632622,0.0,0.0,0.0,0.0,0.0,0.0,0.0,0.0,0.0,0.0,0.0,0.0,0.0,7.814399633804487
823294,367500.0,1090,6.993932975223189,1.1881,1510,7.31986492980897,420,6.042632833682381,470,6.154858094016418,0.8936170212765957,11600,9.358846580275406,10.642201834862385,82,38,3.6635616461296463,1.444,13.0,2.6390573296152584,3,2,0,2.0,0.6666666666666666,218.0,1.0,0,1,1,1,1,1,0,0,0,0,0,0,0,0,0,1,0,0,0,0,0,0,0,0,0,1,0,0.0,0.0,0.0,0.0,0.0,0.0,6.993932975223189,0.0,0.0,0.0,0.0,0.0,0.0,0.0,0.0,9.358846580275406
824671,224207.0,851,6.7464121285733745,0.724201,851,6.7464121285733745,0,0.0,0,0.0,0.0,0,0.0,0.0,0,123,4.820281565605037,15.129,17.0,2.8903717578961645,1,1,1,1.5,1.5,425.5,1.0,1,1,0,0,0,0,0,1,0,0,0,1,0,0,0,0,0,0,0,0,0,0,0,0,1,0,0,0.0,0.0,6.7464121285733745,0.0,0.0,0.0,0.0,0.0,0.0,0.0,0.0,0.0,0.0,6.7464121285733745,4.820281565605037,0.0
824832,350000.0,943,6.849066282633458,0.889249,1786,7.487733761436444,843,6.738152494595957,943,6.8501261661455,0.8939554612937434,7310,8.897135342293316,7.75185577942736,0,36,3.6109179126442243,1.296,36.0,3.6109179126442243,3,2,0,2.0,0.6666666666666666,188.6,1.0,0,0,1,1,1,0,0,0,0,0,0,0,0,0,0,1,0,0,0,0,0,0,0,0,0,0,0,0.0,0.0,0.0,0.0,0.0,0.0,6.849066282633458,0.0,0.0,0.0,0.0,0.0,0.0,0.0,0.0,8.897135342293316
824960,384000.0,2075,7.637716432664798,4.305625,2862,7.959275960116396,787,6.669498089857879,828,6.720220155135295,0.9504830917874396,6000,8.699681400989514,2.891566265060241,0,2,1.0986122886681098,0.004,2.0,1.0986122886681098,4,2,1,2.5,0.625,345.8333333333333,2.0,0,0,1,1,1,0,0,0,0,0,0,0,0,0,0,0,1,0,0,0,0,0,1,0,0,0,0,0.0,0.0,0.0,0.0,0.0,0.0,0.0,7.637716432664798,0.0,0.0,0.0,0.0,0.0,0.0,0.0,8.699681400989514
825404,365900.0,2418,7.790696031174738,5.846724,2418,7.790696031174738,0,0.0,0,0.0,0.0,7337,8.900821604915228,3.0343258891645988,0,18,2.9444389791664403,0.324,18.0,2.9444389791664403,4,2,1,2.5,0.625,403.0,2.0,0,0,1,0,0,0,0,0,0,0,0,0,0,0,0,0,0,0,0,0,0,0,1,0,0,0,0,0.0,0.0,0.0,0.0,0.0,0.0,0.0,0.0,0.0,0.0,0.0,0.0,0.0,0.0,0.0,8.900821604915228
825444,390650.0,1682,7.427738840532894,2.829124,2253,7.720017940432244,571,6.349138991379798,665,6.501289670540389,0.8586466165413534,3155,8.057060681965766,1.875743162901308,0,0,0.0,0.0,0.0,0.0,3,2,2,3.0,1.0,336.4,2.0,0,0,1,1,1,0,1,0,0,0,0,0,0,0,0,0,0,0,0,0,0,0,1,0,0,0,0,0.0,0.0,0.0,0.0,0.0,0.0,0.0,0.0,0.0,0.0,0.0,0.0,0.0,0.0,0.0,8.057060681965766
826202,516500.0,937,6.842683282238422,0.877969,937,6.842683282238422,0,0.0,0,0.0,0.0,0,0.0,0.0,0,19,2.995732273553991,0.361,19.0,2.995732273553991,1,1,1,1.5,1.5,468.5,1.0,1,1,0,0,0,0,0,0,0,0,0,0,0,0,0,0,0,0,0,0,1,0,0,1,0,0,0,0.0,0.0,0.0,0.0,0.0,0.0,0.0,0.0,0.0,0.0,0.0,6.842683282238422,0.0,6.842683282238422,2.995732273553991,0.0
826296,792000.0,2755,7.9211727215870145,7.590025,3155,8.056743774975313,400,5.993961427306569,445,6.100318952020064,0.898876404494382,13600,9.517898598432753,4.936479128856624,0,50,3.9318256327243257,2.5,0.0,0.0,4,3,1,3.5,0.875,393.57142857142856,2.0,0,1,1,1,1,0,0,0,0,0,0,0,0,1,0,0,0,0,0,0,0,0,1,0,0,0,0,0.0,0.0,0.0,0.0,7.9211727215870145,0.0,0.0,0.0,0.0,0.0,0.0,0.0,0.0,0.0,0.0,9.517898598432753
826362,775000.0,1110,7.01211529430638,1.2321,1110,7.01211529430638,0,0.0,0,0.0,0.0,0,0.0,0.0,0,2,1.0986122886681098,0.004,2.0,1.0986122886681098,2,2,0,2.0,1.0,277.5,1.0,1,0,0,0,0,0,0,0,0,0,0,0,0,0,0,0,0,0,0,0,1,0,0,0,1,0,0,0.0,0.0,0.0,0.0,0.0,0.0,0.0,0.0,0.0,0.0,0.0,7.01211529430638,0.0,7.01211529430638,1.0986122886681098,0.0
826393,405000.0,2487,7.818832443803404,6.185169,3572,8.18088094199639,1085,6.990256500493881,1206,7.095893221097532,0.8996683250414593,5896,8.682199026000504,2.370727784479292,0,13,2.6390573296152584,0.169,13.0,2.6390573296152584,4,2,1,2.5,0.625,414.5,2.0,0,0,1,1,1,0,0,0,0,0,0,0,0,0,0,0,0,0,0,0,0,0,1,0,0,0,0,0.0,0.0,0.0,0.0,0.0,0.0,0.0,0.0,0.0,0.0,0.0,0.0,0.0,0.0,0.0,8.682199026000504
826523,521318.0,1877,7.537430036586509,3.523129,1877,7.537430036586509,0,0.0,0,0.0,0.0,1800,7.496097345175956,0.9589770911028237,0,1,0.6931471805599453,0.001,1.0,0.6931471805599453,2,2,1,2.5,1.25,469.25,3.0,0,0,1,0,0,0,1,0,0,0,1,0,0,0,0,0,0,0,0,0,0,0,0,1,0,0,0,0.0,7.537430036586509,0.0,0.0,0.0,0.0,0.0,0.0,0.0,0.0,0.0,0.0,0.0,0.0,0.0,7.496097345175956
826543,590000.0,1470,7.293017679772782,2.1609,1470,7.293017679772782,0,0.0,0,0.0,0.0,975,6.883462586413092,0.6632653061224489,0,2,1.0986122886681098,0.004,2.0,1.0986122886681098,3,3,1,3.5,1.1666666666666667,245.0,3.0,0,0,1,0,0,0,0,0,0,0,0,0,0,0,0,0,0,0,0,1,0,0,0,0,1,0,0,0.0,0.0,0.0,0.0,0.0,0.0,0.0,0.0,0.0,0.0,7.293017679772782,0.0,0.0,0.0,0.0,6.883462586413092
826826,632000.0,2784,7.931644021454311,7.750656,2784,7.931644021454311,0,0.0,1225,7.111512116496157,0.0,13200,9.488047863280759,4.741379310344827,0,46,3.8501476017100584,2.116,46.0,3.8501476017100584,4,3,0,3.0,0.75,397.7142857142857,2.0,0,0,1,1,0,0,0,0,0,0,0,0,0,1,0,0,0,0,0,0,0,0,1,0,0,0,0,0.0,0.0,0.0,0.0,7.931644021454311,0.0,0.0,0.0,0.0,0.0,0.0,0.0,0.0,0.0,0.0,9.488047863280759
827202,245000.0,1100,7.003065458786462,1.21,1100,7.003065458786462,0,0.0,0,0.0,0.0,0,0.0,0.0,0,41,3.7376696182833684,1.681,41.0,3.7376696182833684,2,2,0,2.0,1.0,275.0,1.0,1,0,0,0,0,0,0,0,0,0,0,0,1,0,0,0,0,0,0,0,0,0,0,1,0,0,0,0.0,0.0,0.0,7.003065458786462,0.0,0.0,0.0,0.0,0.0,0.0,0.0,0.0,0.0,7.003065458786462,3.7376696182833684,0.0
827434,340000.0,1524,7.329093736246592,2.322576,1524,7.329093736246592,0,0.0,0,0.0,0.0,4370,8.382747094863314,2.8674540682414698,0,17,2.8903717578961645,0.289,0.0,0.0,2,2,1,2.5,1.25,381.0,2.0,0,1,1,0,0,0,0,0,0,0,0,0,0,0,0,0,0,0,0,0,0,0,1,0,0,0,0,0.0,0.0,0.0,0.0,0.0,0.0,0.0,0.0,0.0,0.0,0.0,0.0,0.0,0.0,0.0,8.382747094863314
828453,525000.0,1117,7.018401799069201,1.247689,1117,7.018401799069201,0,0.0,0,0.0,0.0,434,6.075346031088684,0.38854073410922113,0,3,1.3862943611198906,0.009,3.0,1.3862943611198906,2,2,1,2.5,1.25,279.25,3.0,0,0,1,0,0,0,0,0,0,0,0,1,0,0,0,0,0,0,0,0,0,0,0,1,0,0,0,0.0,0.0,7.018401799069201,0.0,0.0,0.0,0.0,0.0,0.0,0.0,0.0,0.0,0.0,0.0,0.0,6.075346031088684
828482,361875.0,2257,7.721791776817535,5.094049,2257,7.721791776817535,0,0.0,1241,7.124478262493424,0.0,3600,8.188966863648876,1.5950376606114312,0,1,0.6931471805599453,0.001,1.0,0.6931471805599453,2,2,0,2.0,1.0,564.25,1.0,0,0,1,1,0,0,1,0,0,0,0,0,0,0,0,0,0,0,0,0,0,0,0,0,0,0,0,0.0,0.0,0.0,0.0,0.0,0.0,0.0,0.0,0.0,0.0,0.0,0.0,0.0,0.0,0.0,8.188966863648876
829681,957500.0,2096,7.647786045440933,4.393216,2721,7.908754738783246,625,6.439350371100098,658,6.490723534502507,0.9498480243161094,2373,7.772331575169614,1.1321564885496183,0,2,1.0986122886681098,0.004,2.0,1.0986122886681098,2,3,1,3.5,1.75,419.2,3.0,0,0,1,1,1,0,0,0,0,0,0,0,0,0,1,0,0,0,0,0,0,0,0,1,0,0,0,0.0,0.0,0.0,0.0,0.0,7.647786045440933,0.0,0.0,0.0,0.0,0.0,0.0,0.0,0.0,0.0,7.772331575169614
830037,410000.0,960,6.866933284461882,0.9216,960,6.866933284461882,0,0.0,0,0.0,0.0,0,0.0,0.0,0,22,3.1354942159291497,0.484,22.0,3.1354942159291497,1,1,0,1.0,1.0,480.0,1.0,1,0,0,0,0,0,0,0,0,0,0,0,0,0,0,0,0,0,0,0,1,0,0,0,1,0,0,0.0,0.0,0.0,0.0,0.0,0.0,0.0,0.0,0.0,0.0,0.0,6.866933284461882,0.0,6.866933284461882,3.1354942159291497,0.0
830752,392000.0,944,6.8501261661455,0.891136,944,6.8501261661455,0,0.0,0,0.0,0.0,0,0.0,0.0,0,128,4.859812404361672,16.384,16.0,2.833213344056216,2,2,0,2.0,1.0,236.0,1.0,1,1,0,0,0,0,0,1,0,0,0,1,0,0,0,0,0,0,0,0,0,0,0,1,0,0,0,0.0,0.0,6.8501261661455,0.0,0.0,0.0,0.0,0.0,0.0,0.0,0.0,0.0,0.0,6.8501261661455,4.859812404361672,0.0
831690,374000.0,1940,7.570443252057374,3.7636,1940,7.570443252057374,0,0.0,498,6.212606095751519,0.0,7273,8.892061625546935,3.7489690721649485,0,23,3.1780538303479458,0.529,0.0,0.0,3,2,1,2.5,0.8333333333333334,388.0,2.0,0,1,1,1,0,0,0,0,0,0,0,0,0,0,0,0,0,0,0,0,0,0,1,0,0,0,0,0.0,0.0,0.0,0.0,0.0,0.0,0.0,0.0,0.0,0.0,0.0,0.0,0.0,0.0,0.0,8.892061625546935
831720,600000.0,1730,7.455876687491824,2.9929,2419,7.791109510610028,689,6.536691597591305,802,6.688354713946762,0.8591022443890274,3342,8.114623886420098,1.931791907514451,0,5,1.791759469228055,0.025,2.0,1.0986122886681098,3,3,1,3.5,1.1666666666666667,288.3333333333333,2.0,0,1,1,1,1,0,0,0,0,0,1,0,0,0,0,0,0,0,0,0,0,0,1,0,0,0,0,0.0,7.455876687491824,0.0,0.0,0.0,0.0,0.0,0.0,0.0,0.0,0.0,0.0,0.0,0.0,0.0,8.114623886420098
832507,420000.0,2513,7.829232537543592,6.315169,2513,7.829232537543592,0,0.0,676,6.517671272912275,0.0,6588,8.793156870913819,2.621567847194588,0,14,2.70805020110221,0.196,14.0,2.70805020110221,3,3,0,3.0,1.0,418.8333333333333,2.0,0,0,1,1,0,0,0,0,0,0,0,0,0,0,0,0,0,0,0,0,0,0,1,0,0,0,0,0.0,0.0,0.0,0.0,0.0,0.0,0.0,0.0,0.0,0.0,0.0,0.0,0.0,0.0,0.0,8.793156870913819
833490,539900.0,2143,7.669961995473577,4.592449,2143,7.669961995473577,0,0.0,0,0.0,0.0,11200,9.32375833901174,5.226318245450304,1382,46,3.8501476017100584,2.116,3.0,1.3862943611198906,4,3,0,3.0,0.75,306.14285714285717,1.0,0,1,1,0,0,1,0,0,0,0,0,0,0,0,0,0,0,0,0,0,0,1,0,0,0,1,0,0.0,0.0,0.0,0.0,0.0,0.0,0.0,0.0,0.0,0.0,0.0,0.0,7.669961995473577,0.0,0.0,9.32375833901174
834017,1240000.0,2724,7.909856667269403,7.420176,3644,8.200837258379849,920,6.825460036255307,968,6.876264611890766,0.9504132231404959,6250,8.740496729931813,2.2944199706314246,0,108,4.6913478822291435,11.664,12.0,2.5649493574615367,3,3,1,3.5,1.1666666666666667,454.0,2.0,0,1,1,1,1,0,0,1,0,0,0,0,0,0,0,0,0,0,1,0,0,0,1,0,0,0,0,0.0,0.0,0.0,0.0,0.0,0.0,0.0,0.0,0.0,7.909856667269403,0.0,0.0,0.0,0.0,0.0,8.740496729931813
834340,562000.0,1822,7.507690077819904,3.319684,1822,7.507690077819904,0,0.0,697,6.548219102762372,0.0,1179,7.07326971745971,0.6470911086717892,0,14,2.70805020110221,0.196,14.0,2.70805020110221,2,2,1,2.5,1.25,455.5,3.0,0,0,1,1,0,0,0,0,0,0,0,1,0,0,0,0,0,0,0,0,0,0,0,1,0,0,0,0.0,0.0,7.507690077819904,0.0,0.0,0.0,0.0,0.0,0.0,0.0,0.0,0.0,0.0,0.0,0.0,7.07326971745971
834485,307583.0,877,6.776506992372183,0.769129,877,6.776506992372183,0,0.0,0,0.0,0.0,0,0.0,0.0,0,14,2.70805020110221,0.196,14.0,2.70805020110221,2,2,0,2.0,1.0,219.25,1.0,1,0,0,0,0,0,0,0,0,0,0,0,0,0,0,0,0,0,0,0,1,0,0,0,1,0,0,0.0,0.0,0.0,0.0,0.0,0.0,0.0,0.0,0.0,0.0,0.0,6.776506992372183,0.0,6.776506992372183,2.70805020110221,0.0
835817,168000.0,975,6.882437470997847,0.950625,975,6.882437470997847,0,0.0,0,0.0,0.0,0,0.0,0.0,0,46,3.8501476017100584,2.116,0.0,0.0,2,1,1,1.5,0.75,325.0,1.0,1,1,0,0,0,0,0,0,0,0,0,0,0,1,0,0,0,0,0,0,0,0,0,0,1,0,0,0.0,0.0,0.0,0.0,6.882437470997847,0.0,0.0,0.0,0.0,0.0,0.0,0.0,0.0,6.882437470997847,3.8501476017100584,0.0
835847,204000.0,1004,6.911747300251674,1.008016,1004,6.911747300251674,0,0.0,0,0.0,0.0,0,0.0,0.0,0,50,3.9318256327243257,2.5,50.0,3.9318256327243257,2,1,1,1.5,0.75,334.6666666666667,2.0,1,0,0,0,0,0,0,0,0,0,0,0,1,0,0,0,0,0,0,0,0,0,0,0,1,0,0,0.0,0.0,0.0,6.911747300251674,0.0,0.0,0.0,0.0,0.0,0.0,0.0,0.0,0.0,6.911747300251674,3.9318256327243257,0.0
835919,355000.0,1486,7.303843225277705,2.208196,1486,7.303843225277705,0,0.0,583,6.369900982828227,0.0,7520,8.925454386826402,5.060565275908479,0,35,3.58351893845611,1.225,3.0,1.3862943611198906,3,1,1,1.5,0.5,371.5,2.0,0,1,1,1,0,0,0,0,0,0,0,0,0,0,0,0,0,0,0,0,0,0,1,0,0,0,0,0.0,0.0,0.0,0.0,0.0,0.0,0.0,0.0,0.0,0.0,0.0,0.0,0.0,0.0,0.0,8.925454386826402
836374,424000.0,1074,6.97914527506881,1.153476,1074,6.97914527506881,0,0.0,0,0.0,0.0,6870,8.835064935031076,6.396648044692737,0,70,4.2626798770413155,4.9,19.0,2.995732273553991,3,1,0,1.0,0.3333333333333333,268.5,1.0,0,1,1,0,0,0,0,0,0,0,0,0,0,0,0,0,0,1,0,0,0,0,0,0,0,0,0,0.0,0.0,0.0,0.0,0.0,0.0,0.0,0.0,6.97914527506881,0.0,0.0,0.0,0.0,0.0,0.0,8.835064935031076
836530,600000.0,1469,7.292337176173877,2.157961,1469,7.292337176173877,0,0.0,388,5.963579343618446,0.0,0,0.0,0.0,0,112,4.727387818712341,12.544,17.0,2.8903717578961645,2,2,1,2.5,1.25,367.25,2.0,1,1,0,1,0,0,0,1,0,0,0,1,0,0,0,0,0,0,0,0,0,0,0,1,0,0,0,0.0,0.0,7.292337176173877,0.0,0.0,0.0,0.0,0.0,0.0,0.0,0.0,0.0,0.0,7.292337176173877,4.727387818712341,0.0
836779,449200.0,1006,6.913737350659685,1.012036,1976,7.588829878307813,970,6.878326468291325,1006,6.914730892718563,0.9642147117296223,7440,8.914760527397261,7.395626242544732,0,72,4.290459441148391,5.184,0.0,0.0,2,2,0,2.0,1.0,251.5,1.0,0,1,1,1,1,0,0,0,0,0,0,0,0,0,0,0,0,0,1,0,0,0,0,0,0,0,0,0.0,0.0,0.0,0.0,0.0,0.0,0.0,0.0,0.0,6.913737350659685,0.0,0.0,0.0,0.0,0.0,8.914760527397261
838019,309625.0,1454,7.282073658093465,2.114116,1454,7.282073658093465,0,0.0,0,0.0,0.0,1400,7.244941546337007,0.9628610729023384,0,0,0.0,0.0,0.0,0.0,3,2,1,2.5,0.8333333333333334,290.8,2.0,0,0,1,0,0,0,1,0,0,0,0,0,0,0,0,0,0,0,0,0,0,0,0,0,1,0,0,0.0,0.0,0.0,0.0,0.0,0.0,0.0,0.0,0.0,0.0,0.0,0.0,0.0,0.0,0.0,7.244941546337007
839053,251748.0,676,6.516193076042964,0.456976,676,6.516193076042964,0,0.0,0,0.0,0.0,0,0.0,0.0,0,88,4.48863636973214,7.744,19.0,2.995732273553991,1,1,0,1.0,1.0,338.0,1.0,1,1,0,0,0,0,0,1,0,1,0,0,0,0,0,0,0,0,0,0,0,0,0,1,0,0,0,6.516193076042964,0.0,0.0,0.0,0.0,0.0,0.0,0.0,0.0,0.0,0.0,0.0,0.0,6.516193076042964,4.48863636973214,0.0
839384,335000.0,1534,7.335633981927201,2.353156,1534,7.335633981927201,0,0.0,600,6.398594934535208,0.0,1952,7.577121930876679,1.272490221642764,0,1,0.6931471805599453,0.001,1.0,0.6931471805599453,3,2,1,2.5,0.8333333333333334,306.8,2.0,0,0,1,1,0,0,1,0,0,0,0,0,0,0,0,0,0,0,0,0,0,0,0,1,0,0,0,0.0,0.0,0.0,0.0,0.0,0.0,0.0,0.0,0.0,0.0,0.0,0.0,0.0,0.0,0.0,7.577121930876679
841650,350000.0,1589,7.370860166536716,2.524921,2194,7.693481640835175,605,6.406879986069314,637,6.45833828334479,0.9497645211930926,9590,9.16858043772795,6.035242290748899,458,40,3.713572066704308,1.6,40.0,3.713572066704308,4,2,1,2.5,0.625,264.8333333333333,1.0,0,0,1,1,1,1,0,0,0,0,0,0,0,0,0,0,1,0,0,0,0,0,0,0,0,1,0,0.0,0.0,0.0,0.0,0.0,0.0,0.0,7.370860166536716,0.0,0.0,0.0,0.0,0.0,0.0,0.0,9.16858043772795
842073,235000.0,1048,6.954638864880987,1.098304,1048,6.954638864880987,0,0.0,0,0.0,0.0,0,0.0,0.0,0,14,2.70805020110221,0.196,14.0,2.70805020110221,1,1,1,1.5,1.5,524.0,1.0,1,0,0,0,0,0,0,0,0,0,0,0,0,0,0,0,0,0,0,0,0,0,0,0,1,0,0,0.0,0.0,0.0,0.0,0.0,0.0,0.0,0.0,0.0,0.0,0.0,0.0,0.0,6.954638864880987,2.70805020110221,0.0
842300,500000.0,1205,7.094234845924755,1.452025,1205,7.094234845924755,0,0.0,0,0.0,0.0,0,0.0,0.0,0,40,3.713572066704308,1.6,40.0,3.713572066704308,2,2,0,2.0,1.0,301.25,1.0,1,0,0,0,0,0,0,0,0,0,0,0,0,0,0,0,0,0,0,0,1,0,0,0,1,0,0,0.0,0.0,0.0,0.0,0.0,0.0,0.0,0.0,0.0,0.0,0.0,7.094234845924755,0.0,7.094234845924755,3.713572066704308,0.0
843340,567637.0,1948,7.5745584842024805,3.794704,2654,7.8838232148921525,706,6.561030665896573,870,6.769641976852503,0.8114942528735632,4071,8.311889558230359,2.0898357289527723,0,0,0.0,0.0,0.0,0.0,2,3,1,3.5,1.75,389.6,2.0,0,0,1,1,1,0,1,0,0,0,1,0,0,0,0,0,0,0,0,0,0,0,1,0,0,0,0,0.0,7.5745584842024805,0.0,0.0,0.0,0.0,0.0,0.0,0.0,0.0,0.0,0.0,0.0,0.0,0.0,8.311889558230359
843661,345000.0,1600,7.3777589082278725,2.56,1600,7.3777589082278725,0,0.0,0,0.0,0.0,4110,8.321421586897879,2.56875,0,16,2.833213344056216,0.256,16.0,2.833213344056216,3,2,1,2.5,0.8333333333333334,320.0,2.0,0,1,1,0,0,0,0,0,0,0,0,0,0,0,0,0,0,0,0,0,0,0,1,0,0,0,0,0.0,0.0,0.0,0.0,0.0,0.0,0.0,0.0,0.0,0.0,0.0,0.0,0.0,0.0,0.0,8.321421586897879
844780,505000.0,955,6.86171134048073,0.912025,955,6.86171134048073,0,0.0,0,0.0,0.0,0,0.0,0.0,0,2,1.0986122886681098,0.004,2.0,1.0986122886681098,1,1,1,1.5,1.5,477.5,1.0,1,0,0,0,0,0,0,0,0,0,0,0,0,0,0,0,0,0,0,0,1,0,0,0,1,0,0,0.0,0.0,0.0,0.0,0.0,0.0,0.0,0.0,0.0,0.0,0.0,6.86171134048073,0.0,6.86171134048073,1.0986122886681098,0.0
844825,150000.0,945,6.851184927493743,0.893025,945,6.851184927493743,0,0.0,0,0.0,0.0,0,0.0,0.0,0,49,3.912023005428146,2.401,49.0,3.912023005428146,2,1,0,1.0,0.5,315.0,1.0,1,0,0,0,0,0,0,0,0,0,0,0,0,0,0,0,0,0,0,0,0,1,0,1,0,0,0,0.0,0.0,0.0,0.0,0.0,0.0,0.0,0.0,0.0,0.0,0.0,0.0,6.851184927493743,6.851184927493743,3.912023005428146,0.0
844913,340000.0,913,6.816735880594968,0.833569,913,6.816735880594968,0,0.0,0,0.0,0.0,4500,8.412054873292933,4.928806133625411,396,24,3.2188758248682006,0.576,24.0,3.2188758248682006,3,3,0,3.0,1.0,152.16666666666666,1.0,0,0,1,0,0,1,0,0,0,0,0,0,0,0,0,0,1,0,0,0,0,0,0,0,0,1,0,0.0,0.0,0.0,0.0,0.0,0.0,0.0,6.816735880594968,0.0,0.0,0.0,0.0,0.0,0.0,0.0,8.412054873292933
845648,360000.0,1559,7.351799869057777,2.430481,1933,7.566828479208331,374,5.926926025970411,416,6.0330862217988015,0.8990384615384616,6948,8.846353043314327,4.456703014753047,0,25,3.258096538021482,0.625,5.0,1.791759469228055,3,2,1,2.5,0.8333333333333334,311.8,2.0,0,1,1,1,1,0,0,0,0,0,0,0,0,0,0,0,1,0,0,0,0,0,1,0,0,0,0,0.0,0.0,0.0,0.0,0.0,0.0,0.0,7.351799869057777,0.0,0.0,0.0,0.0,0.0,0.0,0.0,8.846353043314327
846382,250000.0,714,6.570882962339584,0.509796,714,6.570882962339584,0,0.0,0,0.0,0.0,0,0.0,0.0,0,88,4.48863636973214,7.744,19.0,2.995732273553991,1,1,0,1.0,1.0,357.0,1.0,1,1,0,0,0,0,0,1,0,1,0,0,0,0,0,0,0,0,0,0,0,0,0,1,0,0,0,6.570882962339584,0.0,0.0,0.0,0.0,0.0,0.0,0.0,0.0,0.0,0.0,0.0,0.0,6.570882962339584,4.48863636973214,0.0
846510,712000.0,1549,7.3453648404168685,2.399401,2163,7.679251425953058,614,6.421622267806518,682,6.52649485957079,0.9002932551319648,3025,8.014996894348302,1.9528728211749515,0,0,0.0,0.0,0.0,0.0,3,3,1,3.5,1.1666666666666667,258.1666666666667,2.0,0,0,1,1,1,0,1,0,0,0,1,0,0,0,0,0,0,0,0,0,0,0,1,0,0,0,0,0.0,7.3453648404168685,0.0,0.0,0.0,0.0,0.0,0.0,0.0,0.0,0.0,0.0,0.0,0.0,0.0,8.014996894348302
846693,630249.0,1966,7.583756300707112,3.865156,2614,7.868636894184167,648,6.47543271670409,1021,6.92951677076365,0.6346718903036239,3500,8.160803920954665,1.780264496439471,0,0,0.0,0.0,0.0,0.0,3,3,1,3.5,1.1666666666666667,327.6666666666667,2.0,0,0,1,1,1,0,1,0,0,0,1,0,0,0,0,0,0,0,0,0,0,0,1,0,0,0,0,0.0,7.583756300707112,0.0,0.0,0.0,0.0,0.0,0.0,0.0,0.0,0.0,0.0,0.0,0.0,0.0,8.160803920954665
846898,230000.0,1428,7.2640301428995295,2.039184,1428,7.2640301428995295,0,0.0,0,0.0,0.0,0,0.0,0.0,0,44,3.8066624897703196,1.936,44.0,3.8066624897703196,2,2,0,2.0,1.0,357.0,1.0,1,0,0,0,0,0,0,0,0,0,0,0,0,0,0,0,0,0,0,0,0,1,0,1,0,0,0,0.0,0.0,0.0,0.0,0.0,0.0,0.0,0.0,0.0,0.0,0.0,0.0,7.2640301428995295,7.2640301428995295,3.8066624897703196,0.0
847198,275000.0,647,6.472346294500901,0.418609,647,6.472346294500901,0,0.0,52,3.970291913552122,0.0,0,0.0,0.0,0,81,4.406719247264253,6.561,3.0,1.3862943611198906,1,1,0,1.0,1.0,323.5,1.0,1,1,0,1,0,0,0,1,0,0,0,0,0,0,0,0,0,1,0,0,0,0,0,0,1,0,0,0.0,0.0,0.0,0.0,0.0,0.0,0.0,0.0,6.472346294500901,0.0,0.0,0.0,0.0,6.472346294500901,4.406719247264253,0.0
847252,395000.0,1109,7.011213987350367,1.229881,1109,7.011213987350367,0,0.0,0,0.0,0.0,0,0.0,0.0,0,18,2.9444389791664403,0.324,18.0,2.9444389791664403,1,1,0,1.0,1.0,554.5,1.0,1,0,0,0,0,0,0,0,0,0,0,0,0,1,0,0,0,0,0,0,0,0,0,0,1,0,0,0.0,0.0,0.0,0.0,7.011213987350367,0.0,0.0,0.0,0.0,0.0,0.0,0.0,0.0,7.011213987350367,2.9444389791664403,0.0
849532,175000.0,1200,7.090076835776092,1.44,1200,7.090076835776092,0,0.0,0,0.0,0.0,0,0.0,0.0,0,50,3.9318256327243257,2.5,0.0,0.0,2,2,0,2.0,1.0,300.0,1.0,1,1,0,0,0,0,0,0,0,0,0,0,0,0,0,0,0,0,0,0,0,1,0,0,1,0,0,0.0,0.0,0.0,0.0,0.0,0.0,0.0,0.0,0.0,0.0,0.0,0.0,7.090076835776092,7.090076835776092,3.9318256327243257,0.0
849676,635000.0,1437,7.270312886079025,2.064969,2802,7.938088726896952,1365,7.2196420401307355,1517,7.325148957955575,0.8998022412656559,6350,8.756367559802975,4.41892832289492,0,80,4.394449154672439,6.4,49.0,3.912023005428146,3,2,1,2.5,0.8333333333333334,287.4,1.0,0,1,1,1,1,0,0,1,0,0,0,0,0,0,0,0,0,0,0,1,0,0,0,0,0,0,0,0.0,0.0,0.0,0.0,0.0,0.0,0.0,0.0,0.0,0.0,7.270312886079025,0.0,0.0,0.0,0.0,8.756367559802975
849934,729000.0,1173,7.067319848653476,1.375929,1173,7.067319848653476,0,0.0,0,0.0,0.0,0,0.0,0.0,0,14,2.70805020110221,0.196,14.0,2.70805020110221,2,2,0,2.0,1.0,293.25,1.0,1,0,0,0,0,0,0,0,0,0,0,0,0,0,0,0,0,0,0,0,1,0,0,1,0,0,0,0.0,0.0,0.0,0.0,0.0,0.0,0.0,0.0,0.0,0.0,0.0,7.067319848653476,0.0,7.067319848653476,2.70805020110221,0.0
850580,224383.0,1205,7.094234845924755,1.452025,1205,7.094234845924755,0,0.0,0,0.0,0.0,1381,7.231287004327616,1.146058091286307,0,0,0.0,0.0,0.0,0.0,2,1,1,1.5,0.75,401.6666666666667,2.0,0,0,1,0,0,0,1,0,0,0,1,0,0,0,0,0,0,0,0,0,0,0,0,0,1,0,0,0.0,7.094234845924755,0.0,0.0,0.0,0.0,0.0,0.0,0.0,0.0,0.0,0.0,0.0,0.0,0.0,7.231287004327616
850832,870000.0,2700,7.90100705199242,7.29,2700,7.90100705199242,0,0.0,0,0.0,0.0,0,0.0,0.0,0,110,4.709530201312334,12.1,7.0,2.0794415416798357,2,2,0,2.0,1.0,675.0,1.0,1,1,0,0,0,0,0,1,0,0,0,1,0,0,0,0,0,0,0,0,0,0,0,1,0,0,0,0.0,0.0,7.90100705199242,0.0,0.0,0.0,0.0,0.0,0.0,0.0,0.0,0.0,0.0,7.90100705199242,4.709530201312334,0.0
851723,313391.0,1413,7.253470382684528,1.996569,1413,7.253470382684528,0,0.0,0,0.0,0.0,3942,8.279697133877628,2.789808917197452,0,16,2.833213344056216,0.256,16.0,2.833213344056216,3,2,0,2.0,0.6666666666666666,282.6,2.0,0,1,1,0,0,0,0,0,0,0,0,0,0,0,0,0,0,0,0,0,0,0,1,0,0,0,0,0.0,0.0,0.0,0.0,0.0,0.0,0.0,0.0,0.0,0.0,0.0,0.0,0.0,0.0,0.0,8.279697133877628
852468,268395.0,1339,7.199678345691172,1.792921,1339,7.199678345691172,0,0.0,0,0.0,0.0,1777,7.48324441607385,1.327109783420463,0,2,1.0986122886681098,0.004,2.0,1.0986122886681098,3,2,1,2.5,0.8333333333333334,267.8,2.0,0,0,1,0,0,0,0,0,0,0,1,0,0,0,0,0,0,0,0,0,0,0,0,1,0,0,0,0.0,7.199678345691172,0.0,0.0,0.0,0.0,0.0,0.0,0.0,0.0,0.0,0.0,0.0,0.0,0.0,7.48324441607385
852543,227500.0,1035,6.942156705699469,1.071225,1035,6.942156705699469,0,0.0,0,0.0,0.0,0,0.0,0.0,0,49,3.912023005428146,2.401,4.0,1.6094379124341003,2,2,0,2.0,1.0,258.75,1.0,1,1,0,0,0,0,0,0,0,0,0,0,1,0,0,0,0,0,0,0,0,0,0,0,1,0,0,0.0,0.0,0.0,6.942156705699469,0.0,0.0,0.0,0.0,0.0,0.0,0.0,0.0,0.0,6.942156705699469,3.912023005428146,0.0
853758,419900.0,1067,6.9726062513017535,1.138489,1067,6.9726062513017535,0,0.0,0,0.0,0.0,6250,8.740496729931813,5.857544517338332,0,68,4.23410650459726,4.624,1.0,0.6931471805599453,2,1,0,1.0,0.5,355.6666666666667,1.0,0,1,1,0,0,0,0,0,0,0,0,0,0,0,0,0,0,0,1,0,0,0,0,0,0,0,0,0.0,0.0,0.0,0.0,0.0,0.0,0.0,0.0,0.0,6.9726062513017535,0.0,0.0,0.0,0.0,0.0,8.740496729931813
854054,351800.0,1866,7.531552381407289,3.481956,1866,7.531552381407289,0,0.0,0,0.0,0.0,2880,7.9658927350845286,1.5434083601286173,0,1,0.6931471805599453,0.001,1.0,0.6931471805599453,4,2,1,2.5,0.625,311.0,2.0,0,0,1,0,0,0,1,0,0,0,0,0,0,0,0,0,0,0,0,0,0,0,0,1,0,0,0,0.0,0.0,0.0,0.0,0.0,0.0,0.0,0.0,0.0,0.0,0.0,0.0,0.0,0.0,0.0,7.9658927350845286
854759,414000.0,2262,7.724004656676065,5.116644,2262,7.724004656676065,0,0.0,0,0.0,0.0,5118,8.540714386457584,2.2625994694960214,0,2,1.0986122886681098,0.004,2.0,1.0986122886681098,3,2,1,2.5,0.8333333333333334,452.4,2.0,0,0,1,0,0,0,0,0,0,0,0,0,0,0,0,0,0,0,0,0,0,0,1,0,0,0,0,0.0,0.0,0.0,0.0,0.0,0.0,0.0,0.0,0.0,0.0,0.0,0.0,0.0,0.0,0.0,8.540714386457584
854925,400000.0,2294,7.738052297689316,5.262436,2294,7.738052297689316,0,0.0,0,0.0,0.0,2990,8.003363058629947,1.3034001743679162,0,2,1.0986122886681098,0.004,2.0,1.0986122886681098,4,3,1,3.5,0.875,327.7142857142857,3.0,0,0,1,0,0,0,0,0,0,0,0,0,0,0,0,0,0,0,0,0,0,0,0,0,0,0,1,0.0,0.0,0.0,0.0,0.0,0.0,0.0,0.0,0.0,0.0,0.0,0.0,0.0,0.0,0.0,8.003363058629947
855171,306000.0,1300,7.170119543449628,1.69,1300,7.170119543449628,0,0.0,0,0.0,0.0,3218,8.076826031298808,2.4753846153846153,0,18,2.9444389791664403,0.324,18.0,2.9444389791664403,2,2,0,2.0,1.0,325.0,1.0,0,0,1,0,0,0,0,0,0,0,0,0,0,0,0,0,0,0,0,0,0,0,0,1,0,0,0,0.0,0.0,0.0,0.0,0.0,0.0,0.0,0.0,0.0,0.0,0.0,0.0,0.0,0.0,0.0,8.076826031298808
855288,795000.0,1805,7.498315870766981,3.258025,3043,8.02059914989697,1238,7.122059881629142,1443,7.275172319452771,0.8579348579348579,8860,9.089414904047302,4.908587257617729,0,95,4.564348191467836,9.025,0.0,0.0,3,2,0,2.0,0.6666666666666666,361.0,1.5,0,1,1,1,1,0,0,1,0,0,0,0,0,0,0,0,0,0,1,0,0,0,0,0,0,0,1,0.0,0.0,0.0,0.0,0.0,0.0,0.0,0.0,0.0,7.498315870766981,0.0,0.0,0.0,0.0,0.0,9.089414904047302
855494,365000.0,1648,7.4073177104694174,2.715904,1648,7.4073177104694174,0,0.0,671,6.51025834052315,0.0,5452,8.60392119492606,3.308252427184466,0,4,1.6094379124341003,0.016,4.0,1.6094379124341003,3,2,1,2.5,0.8333333333333334,329.6,2.0,0,1,1,1,0,0,0,0,0,0,0,0,0,0,0,0,0,0,0,0,0,0,1,0,0,0,0,0.0,0.0,0.0,0.0,0.0,0.0,0.0,0.0,0.0,0.0,0.0,0.0,0.0,0.0,0.0,8.60392119492606
856777,727562.0,2196,7.694392802629421,4.822416,2859,7.958227192322312,663,6.498282149476434,1098,7.002155954403621,0.6038251366120219,4800,8.476579508530941,2.185792349726776,0,0,0.0,0.0,0.0,0.0,4,3,0,3.0,0.75,313.7142857142857,2.0,0,0,1,1,1,0,1,0,0,0,1,0,0,0,0,0,0,0,0,0,0,0,1,0,0,0,0,0.0,7.694392802629421,0.0,0.0,0.0,0.0,0.0,0.0,0.0,0.0,0.0,0.0,0.0,0.0,0.0,8.476579508530941
857359,300000.0,739,6.6052979209482015,0.546121,739,6.6052979209482015,0,0.0,0,0.0,0.0,0,0.0,0.0,0,88,4.48863636973214,7.744,4.0,1.6094379124341003,1,1,0,1.0,1.0,369.5,1.0,1,1,0,0,0,0,0,1,0,1,0,0,0,0,0,0,0,0,0,0,0,0,0,0,1,0,0,6.6052979209482015,0.0,0.0,0.0,0.0,0.0,0.0,0.0,0.0,0.0,0.0,0.0,0.0,6.6052979209482015,4.48863636973214,0.0
858274,321000.0,857,6.75343791859778,0.734449,1517,7.324489979348532,660,6.493753839851686,857,6.754604099487962,0.7701283547257877,7470,8.918784137975802,8.716452742123687,0,47,3.871201010907891,2.209,47.0,3.871201010907891,2,2,0,2.0,1.0,214.25,1.0,0,0,1,1,1,0,0,0,0,0,0,0,0,0,0,0,1,0,0,0,0,0,0,0,0,0,0,0.0,0.0,0.0,0.0,0.0,0.0,0.0,6.75343791859778,0.0,0.0,0.0,0.0,0.0,0.0,0.0,8.918784137975802
858387,795108.0,3066,8.028129059431759,9.400356,3066,8.028129059431759,0,0.0,953,6.860663671448287,0.0,4948,8.506940814951886,1.613829093281148,0,0,0.0,0.0,0.0,0.0,4,4,1,4.5,1.125,383.25,2.5,0,0,1,1,0,0,1,0,0,0,1,0,0,0,0,0,0,0,0,0,0,0,0,0,0,0,1,0.0,8.028129059431759,0.0,0.0,0.0,0.0,0.0,0.0,0.0,0.0,0.0,0.0,0.0,0.0,0.0,8.506940814951886
858498,634000.0,1410,7.251344983372214,1.9881,1410,7.251344983372214,0,0.0,0,0.0,0.0,954,6.86171134048073,0.676595744680851,0,4,1.6094379124341003,0.016,4.0,1.6094379124341003,2,2,2,3.0,1.5,352.5,3.0,0,0,1,0,0,0,0,0,0,0,0,1,0,0,0,0,0,0,0,0,0,0,0,0,1,0,0,0.0,0.0,7.251344983372214,0.0,0.0,0.0,0.0,0.0,0.0,0.0,0.0,0.0,0.0,0.0,0.0,6.86171134048073
858609,546500.0,1795,7.492760300922379,3.222025,1795,7.492760300922379,0,0.0,0,0.0,0.0,0,0.0,0.0,0,14,2.70805020110221,0.196,14.0,2.70805020110221,2,2,1,2.5,1.25,448.75,3.0,1,0,0,0,0,0,0,0,0,0,0,1,0,0,0,0,0,0,0,0,0,0,0,0,1,0,0,0.0,0.0,7.492760300922379,0.0,0.0,0.0,0.0,0.0,0.0,0.0,0.0,0.0,0.0,7.492760300922379,2.70805020110221,0.0
859591,610000.0,1296,7.16703787691222,1.679616,1900,7.549609165154532,604,6.405228458030842,648,6.47543271670409,0.9320987654320988,4214,8.346404870435956,3.251543209876543,0,33,3.5263605246161616,1.089,1.0,0.6931471805599453,2,3,0,3.0,1.5,259.2,2.0,0,1,1,1,1,0,0,0,0,0,0,0,0,0,0,0,0,0,0,1,0,0,1,0,0,0,0,0.0,0.0,0.0,0.0,0.0,0.0,0.0,0.0,0.0,0.0,7.16703787691222,0.0,0.0,0.0,0.0,8.346404870435956
859998,361000.0,1308,7.176254532017144,1.710864,1308,7.176254532017144,0,0.0,0,0.0,0.0,4881,8.493310250952906,3.731651376146789,524,33,3.5263605246161616,1.089,7.0,2.0794415416798357,3,2,1,2.5,0.8333333333333334,261.6,2.0,0,1,1,0,0,1,0,0,0,0,0,0,0,0,0,0,0,0,0,0,0,0,0,0,0,1,0,0.0,0.0,0.0,0.0,0.0,0.0,0.0,0.0,0.0,0.0,0.0,0.0,0.0,0.0,0.0,8.493310250952906
860580,550000.0,1545,7.3427791893318455,2.387025,2177,7.685703061234547,632,6.450470422144176,704,6.558197802812269,0.8977272727272727,3209,8.07402621612406,2.077022653721683,0,14,2.70805020110221,0.196,14.0,2.70805020110221,3,3,1,3.5,1.1666666666666667,257.5,2.0,0,1,1,1,1,0,0,0,0,0,1,0,0,0,0,0,0,0,0,0,0,0,1,0,0,0,0,0.0,7.3427791893318455,0.0,0.0,0.0,0.0,0.0,0.0,0.0,0.0,0.0,0.0,0.0,0.0,0.0,8.07402621612406
861324,220000.0,1029,6.9363427358340495,1.058841,1029,6.9363427358340495,0,0.0,0,0.0,0.0,0,0.0,0.0,0,49,3.912023005428146,2.401,0.0,0.0,2,2,0,2.0,1.0,257.25,1.0,1,1,0,0,0,0,0,0,0,0,0,0,1,0,0,0,0,0,0,0,0,0,0,1,0,0,0,0.0,0.0,0.0,6.9363427358340495,0.0,0.0,0.0,0.0,0.0,0.0,0.0,0.0,0.0,6.9363427358340495,3.912023005428146,0.0
861947,510000.0,2029,7.615298339825815,4.116841,2029,7.615298339825815,0,0.0,231,5.44673737166631,0.0,2821,7.945201132412759,1.3903400689995071,0,39,3.6888794541139363,1.521,14.0,2.70805020110221,2,2,0,2.0,1.0,507.25,2.0,0,1,1,1,0,0,0,0,0,0,0,0,0,0,0,0,0,0,0,1,0,0,1,0,0,0,0,0.0,0.0,0.0,0.0,0.0,0.0,0.0,0.0,0.0,0.0,7.615298339825815,0.0,0.0,0.0,0.0,7.945201132412759
862471,419000.0,1858,7.527255919373784,3.452164,2465,7.80994708647679,607,6.410174881966167,809,6.697034247666484,0.7503090234857849,7000,8.853808274977197,3.767491926803014,0,53,3.9889840465642745,2.809,0.0,0.0,3,3,1,3.5,1.1666666666666667,309.6666666666667,2.0,0,1,1,1,1,0,0,0,0,0,0,0,1,0,0,0,0,0,0,0,0,0,1,0,0,0,0,0.0,0.0,0.0,7.527255919373784,0.0,0.0,0.0,0.0,0.0,0.0,0.0,0.0,0.0,0.0,0.0,8.853808274977197
862959,219500.0,900,6.802394763324311,0.81,900,6.802394763324311,0,0.0,0,0.0,0.0,470,6.154858094016418,0.5222222222222223,0,46,3.8501476017100584,2.116,46.0,3.8501476017100584,2,1,1,1.5,0.75,300.0,2.0,0,0,1,0,0,0,0,0,0,0,0,0,0,1,0,0,0,0,0,0,0,0,0,0,1,0,0,0.0,0.0,0.0,0.0,6.802394763324311,0.0,0.0,0.0,0.0,0.0,0.0,0.0,0.0,0.0,0.0,6.154858094016418
863404,927234.0,1948,7.5745584842024805,3.794704,2654,7.8838232148921525,706,6.561030665896573,870,6.769641976852503,0.8114942528735632,4456,8.402231172946555,2.2874743326488707,0,0,0.0,0.0,0.0,0.0,3,3,1,3.5,1.1666666666666667,324.6666666666667,2.0,0,0,1,1,1,0,1,0,0,0,1,0,0,0,0,0,0,0,0,0,0,0,1,0,0,0,0,0.0,7.5745584842024805,0.0,0.0,0.0,0.0,0.0,0.0,0.0,0.0,0.0,0.0,0.0,0.0,0.0,8.402231172946555
863855,350000.0,816,6.704414354964107,0.665856,816,6.704414354964107,0,0.0,0,0.0,0.0,0,0.0,0.0,0,39,3.6888794541139363,1.521,10.0,2.3978952727983707,1,1,0,1.0,1.0,408.0,1.0,1,1,0,0,0,0,0,0,0,0,0,0,0,0,0,0,0,0,0,0,1,0,0,0,1,0,0,0.0,0.0,0.0,0.0,0.0,0.0,0.0,0.0,0.0,0.0,0.0,6.704414354964107,0.0,6.704414354964107,3.6888794541139363,0.0
864138,707000.0,2021,7.611347717403621,4.084441,2534,7.837554360881084,513,6.2422232654551655,847,6.742880635791903,0.6056670602125147,8820,9.084890521258767,4.364176150420584,1206,49,3.912023005428146,2.401,0.0,0.0,4,3,0,3.0,0.75,288.7142857142857,1.0,0,1,1,1,1,1,0,0,0,0,0,0,0,1,0,0,0,0,0,0,0,0,0,0,0,1,0,0.0,0.0,0.0,0.0,7.611347717403621,0.0,0.0,0.0,0.0,0.0,0.0,0.0,0.0,0.0,0.0,9.084890521258767
866290,565000.0,1050,6.956545443151569,1.1025,1050,6.956545443151569,0,0.0,0,0.0,0.0,0,0.0,0.0,0,114,4.74493212836325,12.996,0.0,0.0,1,1,0,1.0,1.0,525.0,1.0,1,1,0,0,0,0,0,1,0,0,0,0,0,0,0,0,0,0,0,0,1,0,0,1,0,0,0,0.0,0.0,0.0,0.0,0.0,0.0,0.0,0.0,0.0,0.0,0.0,6.956545443151569,0.0,6.956545443151569,4.74493212836325,0.0
866408,1175000.0,1402,7.2456550675945355,1.965604,1402,7.2456550675945355,0,0.0,0,0.0,0.0,0,0.0,0.0,0,2,1.0986122886681098,0.004,2.0,1.0986122886681098,2,2,0,2.0,1.0,350.5,1.0,1,0,0,0,0,0,0,0,0,0,0,0,0,0,0,0,0,0,0,0,1,0,0,0,1,0,0,0.0,0.0,0.0,0.0,0.0,0.0,0.0,0.0,0.0,0.0,0.0,7.2456550675945355,0.0,7.2456550675945355,1.0986122886681098,0.0
866619,542000.0,2574,7.853216388156072,6.625476,3516,8.165079258805068,942,6.849066282633458,1493,7.309212365692763,0.6309444072337576,8710,9.072341873818893,3.3838383838383836,0,6,1.9459101490553132,0.036,6.0,1.9459101490553132,4,4,0,4.0,1.0,321.75,1.5,0,0,1,1,1,0,0,0,0,0,0,0,0,0,0,0,0,0,0,0,0,0,0,0,0,0,1,0.0,0.0,0.0,0.0,0.0,0.0,0.0,0.0,0.0,0.0,0.0,0.0,0.0,0.0,0.0,9.072341873818893
866847,203000.0,1029,6.9363427358340495,1.058841,1029,6.9363427358340495,0,0.0,0,0.0,0.0,0,0.0,0.0,0,49,3.912023005428146,2.401,2.0,1.0986122886681098,2,2,0,2.0,1.0,257.25,1.0,1,1,0,0,0,0,0,0,0,0,0,0,1,0,0,0,0,0,0,0,0,0,0,1,0,0,0,0.0,0.0,0.0,6.9363427358340495,0.0,0.0,0.0,0.0,0.0,0.0,0.0,0.0,0.0,6.9363427358340495,3.912023005428146,0.0
867019,618000.0,1527,7.3310603052186325,2.331729,1527,7.3310603052186325,0,0.0,0,0.0,0.0,7490,8.921457578947884,4.905042567125082,0,65,4.189654742026425,4.225,2.0,1.0986122886681098,3,2,0,2.0,0.6666666666666666,305.4,1.0,0,1,1,0,0,0,0,0,0,0,0,0,0,0,0,0,0,1,0,0,0,0,0,0,0,0,0,0.0,0.0,0.0,0.0,0.0,0.0,0.0,0.0,7.3310603052186325,0.0,0.0,0.0,0.0,0.0,0.0,8.921457578947884
868373,655314.0,3484,8.155936337972394,12.138256,4591,8.431853144249223,1107,7.010311867307229,1274,7.150701457592526,0.868916797488226,6600,8.79497643168877,1.894374282433984,0,1,0.6931471805599453,0.001,1.0,0.6931471805599453,4,3,1,3.5,0.875,497.7142857142857,2.0,0,0,1,1,1,0,1,0,0,0,0,0,0,0,0,0,0,0,0,0,0,0,1,0,0,0,0,0.0,0.0,0.0,0.0,0.0,0.0,0.0,0.0,0.0,0.0,0.0,0.0,0.0,0.0,0.0,8.79497643168877
868626,424900.0,1560,7.352441100243583,2.4336,1560,7.352441100243583,0,0.0,0,0.0,0.0,10083,9.218705288307811,6.463461538461538,829,42,3.7612001156935624,1.764,2.0,1.0986122886681098,3,3,0,3.0,1.0,260.0,1.0,0,1,1,0,0,1,0,0,0,0,0,0,1,0,0,0,0,0,0,0,0,0,0,0,0,1,0,0.0,0.0,0.0,7.352441100243583,0.0,0.0,0.0,0.0,0.0,0.0,0.0,0.0,0.0,0.0,0.0,9.218705288307811
868644,406000.0,2170,7.682482446534506,4.7089,2170,7.682482446534506,0,0.0,731,6.595780513961311,0.0,11396,9.341105441855735,5.251612903225807,0,17,2.8903717578961645,0.289,17.0,2.8903717578961645,3,2,1,2.5,0.8333333333333334,434.0,2.0,0,0,1,1,0,0,0,0,0,0,0,0,0,0,0,0,0,0,0,0,0,0,1,0,0,0,0,0.0,0.0,0.0,0.0,0.0,0.0,0.0,0.0,0.0,0.0,0.0,0.0,0.0,0.0,0.0,9.341105441855735
869489,973024.0,2196,7.694392802629421,4.822416,3208,8.073402968986406,1012,6.920671504248683,1048,6.955592608396297,0.9656488549618321,2660,7.886457270977689,1.2112932604735884,0,1,0.6931471805599453,0.001,1.0,0.6931471805599453,3,4,0,4.0,1.3333333333333333,313.7142857142857,2.0,0,0,1,1,1,0,1,0,0,0,0,1,0,0,0,0,0,0,0,0,0,0,0,1,0,0,0,0.0,0.0,7.694392802629421,0.0,0.0,0.0,0.0,0.0,0.0,0.0,0.0,0.0,0.0,0.0,0.0,7.886457270977689
869720,312000.0,853,6.748759547491679,0.727609,1621,7.390798521735676,768,6.645090969505644,853,6.74993119378857,0.9003516998827668,6790,8.823353485113792,7.960140679953106,0,49,3.912023005428146,2.401,0.0,0.0,2,2,0,2.0,1.0,213.25,1.0,0,1,1,1,1,0,0,0,0,0,0,0,0,0,0,0,1,0,0,0,0,0,0,0,0,0,0,0.0,0.0,0.0,0.0,0.0,0.0,0.0,6.748759547491679,0.0,0.0,0.0,0.0,0.0,0.0,0.0,8.823353485113792
870148,512710.0,2128,7.662937850461535,4.528384,3089,8.035602692918582,961,6.8690144506657065,1099,7.003065458786462,0.8744313011828936,3870,8.261268150577648,1.818609022556391,0,0,0.0,0.0,0.0,0.0,3,3,1,3.5,1.1666666666666667,354.6666666666667,2.0,0,0,1,1,1,0,1,0,0,0,1,0,0,0,0,0,0,0,0,0,0,0,1,0,0,0,0,0.0,7.662937850461535,0.0,0.0,0.0,0.0,0.0,0.0,0.0,0.0,0.0,0.0,0.0,0.0,0.0,8.261268150577648
870326,625000.0,1142,7.040536390215956,1.304164,1142,7.040536390215956,0,0.0,0,0.0,0.0,0,0.0,0.0,0,13,2.6390573296152584,0.169,13.0,2.6390573296152584,2,2,0,2.0,1.0,285.5,1.0,1,1,0,0,0,0,0,0,0,0,0,1,0,0,0,0,0,0,0,0,0,0,0,0,1,0,0,0.0,0.0,7.040536390215956,0.0,0.0,0.0,0.0,0.0,0.0,0.0,0.0,0.0,0.0,7.040536390215956,2.6390573296152584,0.0
871199,335000.0,1893,7.545918151209323,3.583449,1893,7.545918151209323,0,0.0,0,0.0,0.0,4647,8.444192298531748,2.4548335974643423,0,18,2.9444389791664403,0.324,18.0,2.9444389791664403,4,2,1,2.5,0.625,315.5,2.0,0,1,1,0,0,0,0,0,0,0,0,0,0,0,0,0,0,0,0,0,0,0,1,0,0,0,0,0.0,0.0,0.0,0.0,0.0,0.0,0.0,0.0,0.0,0.0,0.0,0.0,0.0,0.0,0.0,8.444192298531748
871384,315000.0,488,6.1903154058531475,0.238144,488,6.1903154058531475,0,0.0,0,0.0,0.0,0,0.0,0.0,0,2,1.0986122886681098,0.004,2.0,1.0986122886681098,0,1,0,1.0,1.0,488.0,1.0,1,0,0,0,0,0,0,0,1,0,0,0,0,0,0,0,0,0,0,0,1,0,0,0,1,0,0,0.0,0.0,0.0,0.0,0.0,0.0,0.0,0.0,0.0,0.0,0.0,6.1903154058531475,0.0,6.1903154058531475,1.0986122886681098,0.0
872309,1127962.0,2325,7.751475318021456,5.405625,3115,8.043984431221553,790,6.673297967767654,1104,7.007600613951853,0.7155797101449275,5124,8.54188580400661,2.2038709677419357,0,0,0.0,0.0,0.0,0.0,4,3,1,3.5,0.875,332.14285714285717,2.0,0,0,1,1,1,0,1,0,0,0,1,0,0,0,0,0,0,0,0,0,0,0,1,0,0,0,0,0.0,7.751475318021456,0.0,0.0,0.0,0.0,0.0,0.0,0.0,0.0,0.0,0.0,0.0,0.0,0.0,8.54188580400661
872429,580000.0,3412,8.13505390861157,11.641744,3412,8.13505390861157,0,0.0,1288,7.161622002939187,0.0,6250,8.740496729931813,1.831770222743259,0,124,4.8283137373023015,15.376,29.0,3.4011973816621555,3,3,0,3.0,1.0,568.6666666666666,2.0,0,1,1,1,0,0,0,1,0,0,0,0,0,0,0,0,0,0,0,1,0,0,1,0,0,0,0,0.0,0.0,0.0,0.0,0.0,0.0,0.0,0.0,0.0,0.0,8.13505390861157,0.0,0.0,0.0,0.0,8.740496729931813
872539,153000.0,870,6.76849321164863,0.7569,870,6.76849321164863,0,0.0,0,0.0,0.0,0,0.0,0.0,0,54,4.007333185232471,2.916,54.0,4.007333185232471,2,1,0,1.0,0.5,290.0,1.0,1,0,0,0,0,0,0,0,0,0,0,0,0,0,0,0,0,0,0,0,0,1,0,1,0,0,0,0.0,0.0,0.0,0.0,0.0,0.0,0.0,0.0,0.0,0.0,0.0,0.0,6.76849321164863,6.76849321164863,4.007333185232471,0.0
872954,497000.0,926,6.8308742346461795,0.857476,926,6.8308742346461795,0,0.0,470,6.154858094016418,0.0,0,0.0,0.0,0,35,3.58351893845611,1.225,0.0,0.0,1,1,1,1.5,1.5,463.0,2.0,1,1,0,1,0,0,0,0,0,0,0,0,0,0,1,0,0,0,0,0,0,0,0,0,1,0,0,0.0,0.0,0.0,0.0,0.0,6.8308742346461795,0.0,0.0,0.0,0.0,0.0,0.0,0.0,6.8308742346461795,3.58351893845611,0.0
872983,329000.0,1311,7.1785454837637,1.718721,1311,7.1785454837637,0,0.0,0,0.0,0.0,1248,7.130098510125578,0.9519450800915332,0,32,3.4965075614664802,1.024,32.0,3.4965075614664802,2,2,1,2.5,1.25,327.75,2.0,0,0,1,0,0,0,0,0,0,0,0,0,0,0,0,1,0,0,0,0,0,0,0,0,1,0,0,0.0,0.0,0.0,0.0,0.0,0.0,7.1785454837637,0.0,0.0,0.0,0.0,0.0,0.0,0.0,0.0,7.130098510125578
874121,695000.0,1140,7.038783541388542,1.2996,1140,7.038783541388542,0,0.0,0,0.0,0.0,0,0.0,0.0,0,2,1.0986122886681098,0.004,2.0,1.0986122886681098,1,1,1,1.5,1.5,570.0,1.0,1,0,0,0,0,0,0,0,0,0,0,0,0,0,0,0,0,0,0,0,1,0,0,1,0,0,0,0.0,0.0,0.0,0.0,0.0,0.0,0.0,0.0,0.0,0.0,0.0,7.038783541388542,0.0,7.038783541388542,1.0986122886681098,0.0
874691,267500.0,765,6.639875833826536,0.585225,765,6.639875833826536,0,0.0,0,0.0,0.0,0,0.0,0.0,0,45,3.828641396489095,2.025,45.0,3.828641396489095,1,1,0,1.0,1.0,382.5,1.0,1,0,0,0,0,0,0,0,0,1,0,0,0,0,0,0,0,0,0,0,0,0,0,0,1,0,0,6.639875833826536,0.0,0.0,0.0,0.0,0.0,0.0,0.0,0.0,0.0,0.0,0.0,0.0,6.639875833826536,3.828641396489095,0.0
874694,365000.0,1622,7.3914152346753585,2.630884,1622,7.3914152346753585,0,0.0,0,0.0,0.0,0,0.0,0.0,0,46,3.8501476017100584,2.116,3.0,1.3862943611198906,2,2,0,2.0,1.0,405.5,2.0,1,1,0,0,0,0,0,0,0,0,0,0,1,0,0,0,0,0,0,0,0,0,0,0,1,0,0,0.0,0.0,0.0,7.3914152346753585,0.0,0.0,0.0,0.0,0.0,0.0,0.0,0.0,0.0,7.3914152346753585,3.8501476017100584,0.0
874858,249770.0,1413,7.253470382684528,1.996569,1413,7.253470382684528,0,0.0,0,0.0,0.0,2800,7.937731775260109,1.9815994338287333,0,16,2.833213344056216,0.256,16.0,2.833213344056216,3,2,0,2.0,0.6666666666666666,282.6,2.0,0,1,1,0,0,0,0,0,0,0,0,0,0,0,0,0,0,0,0,0,0,0,1,0,0,0,0,0.0,0.0,0.0,0.0,0.0,0.0,0.0,0.0,0.0,0.0,0.0,0.0,0.0,0.0,0.0,7.937731775260109
875173,313000.0,1444,7.275172319452771,2.085136,1444,7.275172319452771,0,0.0,0,0.0,0.0,3169,8.061486866871327,2.1945983379501386,0,13,2.6390573296152584,0.169,13.0,2.6390573296152584,3,2,0,2.0,0.6666666666666666,288.8,2.0,0,0,1,0,0,0,0,0,0,0,0,0,0,0,0,0,0,0,0,0,0,0,1,0,0,0,0,0.0,0.0,0.0,0.0,0.0,0.0,0.0,0.0,0.0,0.0,0.0,0.0,0.0,0.0,0.0,8.061486866871327
875425,162000.0,975,6.882437470997847,0.950625,975,6.882437470997847,0,0.0,0,0.0,0.0,0,0.0,0.0,0,46,3.8501476017100584,2.116,46.0,3.8501476017100584,2,1,1,1.5,0.75,325.0,1.0,1,0,0,0,0,0,0,0,0,0,0,0,0,1,0,0,0,0,0,0,0,0,0,0,1,0,0,0.0,0.0,0.0,0.0,6.882437470997847,0.0,0.0,0.0,0.0,0.0,0.0,0.0,0.0,6.882437470997847,3.8501476017100584,0.0
875430,420000.0,1182,7.074963197966044,1.397124,1182,7.074963197966044,0,0.0,0,0.0,0.0,5950,8.691314551644853,5.0338409475465316,0,68,4.23410650459726,4.624,5.0,1.791759469228055,2,1,0,1.0,0.5,394.0,1.0,0,1,1,0,0,0,0,0,0,0,0,0,0,0,0,0,0,0,1,0,0,0,0,0,0,0,0,0.0,0.0,0.0,0.0,0.0,0.0,0.0,0.0,0.0,7.074963197966044,0.0,0.0,0.0,0.0,0.0,8.691314551644853
875517,350000.0,1156,7.052721049232323,1.336336,1156,7.052721049232323,0,0.0,0,0.0,0.0,1175,7.069874128458572,1.0164359861591696,0,12,2.5649493574615367,0.144,12.0,2.5649493574615367,2,2,1,2.5,1.25,289.0,2.0,0,0,1,0,0,0,0,0,0,0,1,0,0,0,0,0,0,0,0,0,0,0,0,1,0,0,0,0.0,7.052721049232323,0.0,0.0,0.0,0.0,0.0,0.0,0.0,0.0,0.0,0.0,0.0,0.0,0.0,7.069874128458572
876012,225000.0,1428,7.2640301428995295,2.039184,1428,7.2640301428995295,0,0.0,0,0.0,0.0,0,0.0,0.0,0,44,3.8066624897703196,1.936,2.0,1.0986122886681098,2,2,0,2.0,1.0,357.0,1.0,1,1,0,0,0,0,0,0,0,0,0,0,0,0,0,0,0,0,0,0,0,1,0,1,0,0,0,0.0,0.0,0.0,0.0,0.0,0.0,0.0,0.0,0.0,0.0,0.0,0.0,7.2640301428995295,7.2640301428995295,3.8066624897703196,0.0
876057,211000.0,1019,6.926577033222725,1.038361,1019,6.926577033222725,0,0.0,0,0.0,0.0,0,0.0,0.0,0,39,3.6888794541139363,1.521,39.0,3.6888794541139363,2,2,0,2.0,1.0,254.75,1.0,1,0,0,0,0,0,0,0,0,0,0,0,0,0,0,0,0,0,0,0,0,1,0,1,0,0,0,0.0,0.0,0.0,0.0,0.0,0.0,0.0,0.0,0.0,0.0,0.0,0.0,6.926577033222725,6.926577033222725,3.6888794541139363,0.0
876281,190000.0,969,6.876264611890766,0.938961,969,6.876264611890766,0,0.0,0,0.0,0.0,0,0.0,0.0,0,39,3.6888794541139363,1.521,7.0,2.0794415416798357,2,2,0,2.0,1.0,242.25,1.0,1,1,0,0,0,0,0,0,0,0,0,0,0,0,0,0,0,0,0,0,0,1,0,0,1,0,0,0.0,0.0,0.0,0.0,0.0,0.0,0.0,0.0,0.0,0.0,0.0,0.0,6.876264611890766,6.876264611890766,3.6888794541139363,0.0
876316,558869.0,2097,7.64826303090192,4.397409,2962,7.993619994827744,865,6.763884908562435,910,6.814542897259958,0.9505494505494505,10400,9.249657234353133,4.959465903671912,0,51,3.9512437185814275,2.601,0.0,0.0,4,3,1,3.5,0.875,299.57142857142856,2.0,0,1,1,1,1,0,0,0,0,0,0,0,0,1,0,0,0,0,0,0,0,0,1,0,0,0,0,0.0,0.0,0.0,0.0,7.64826303090192,0.0,0.0,0.0,0.0,0.0,0.0,0.0,0.0,0.0,0.0,9.249657234353133
876476,117500.0,945,6.851184927493743,0.893025,945,6.851184927493743,0,0.0,0,0.0,0.0,0,0.0,0.0,0,50,3.9318256327243257,2.5,0.0,0.0,2,1,0,1.0,0.5,315.0,1.0,1,1,0,0,0,0,0,0,0,0,0,0,0,0,0,0,0,0,0,0,0,1,0,1,0,0,0,0.0,0.0,0.0,0.0,0.0,0.0,0.0,0.0,0.0,0.0,0.0,0.0,6.851184927493743,6.851184927493743,3.9318256327243257,0.0
877250,390000.0,1458,7.284820912568604,2.125764,1458,7.284820912568604,0,0.0,0,0.0,0.0,0,0.0,0.0,0,14,2.70805020110221,0.196,14.0,2.70805020110221,1,2,1,2.5,2.5,486.0,2.0,1,0,0,0,0,0,0,0,0,0,1,0,0,0,0,0,0,0,0,0,0,0,0,0,1,0,0,0.0,7.284820912568604,0.0,0.0,0.0,0.0,0.0,0.0,0.0,0.0,0.0,0.0,0.0,7.284820912568604,2.70805020110221,0.0
877514,515000.0,2174,7.684324067681155,4.726276,2174,7.684324067681155,0,0.0,0,0.0,0.0,10800,9.287394001418473,4.967801287948482,871,47,3.871201010907891,2.209,0.0,0.0,4,3,0,3.0,0.75,310.57142857142856,1.0,0,1,1,0,0,1,0,0,0,0,0,0,0,0,0,0,0,0,0,0,0,1,0,0,0,1,0,0.0,0.0,0.0,0.0,0.0,0.0,0.0,0.0,0.0,0.0,0.0,0.0,7.684324067681155,0.0,0.0,9.287394001418473
877542,346925.0,1534,7.335633981927201,2.353156,1534,7.335633981927201,0,0.0,600,6.398594934535208,0.0,1976,7.589335823170617,1.2881355932203389,0,1,0.6931471805599453,0.001,1.0,0.6931471805599453,3,2,1,2.5,0.8333333333333334,306.8,2.0,0,0,1,1,0,0,1,0,0,0,0,0,0,0,0,0,0,0,0,0,0,0,0,1,0,0,0,0.0,0.0,0.0,0.0,0.0,0.0,0.0,0.0,0.0,0.0,0.0,0.0,0.0,0.0,0.0,7.589335823170617
877952,373050.0,1862,7.529406457837013,3.467044,1862,7.529406457837013,0,0.0,744,6.61338421837956,0.0,4001,8.294549515143679,2.148764769065521,0,0,0.0,0.0,0.0,0.0,4,2,1,2.5,0.625,310.3333333333333,2.0,0,0,1,1,0,0,1,0,0,0,0,0,0,0,0,0,0,0,0,0,0,0,1,0,0,0,0,0.0,0.0,0.0,0.0,0.0,0.0,0.0,0.0,0.0,0.0,0.0,0.0,0.0,0.0,0.0,8.294549515143679
877982,1325000.0,3080,8.03268487596762,9.4864,4603,8.434463543817241,1523,7.329093736246592,1523,7.329093736246592,1.0,6250,8.740496729931813,2.029220779220779,0,1,0.6931471805599453,0.001,1.0,0.6931471805599453,4,4,1,4.5,1.125,385.0,2.0,0,0,1,1,1,0,1,0,0,0,0,0,0,0,0,0,0,0,1,0,0,0,1,0,0,0,0,0.0,0.0,0.0,0.0,0.0,0.0,0.0,0.0,0.0,8.03268487596762,0.0,0.0,0.0,0.0,0.0,8.740496729931813
878594,776000.0,2660,7.886081401775745,7.0756,2660,7.886081401775745,0,0.0,1316,7.183111701743281,0.0,4950,8.507344855361422,1.8609022556390977,0,14,2.70805020110221,0.196,14.0,2.70805020110221,4,2,1,2.5,0.625,443.3333333333333,2.0,0,0,1,1,0,0,0,0,0,0,1,0,0,0,0,0,0,0,0,0,0,0,1,0,0,0,0,0.0,7.886081401775745,0.0,0.0,0.0,0.0,0.0,0.0,0.0,0.0,0.0,0.0,0.0,0.0,0.0,8.507344855361422
879128,205000.0,1194,7.085064293952548,1.425636,1194,7.085064293952548,0,0.0,0,0.0,0.0,0,0.0,0.0,0,44,3.8066624897703196,1.936,0.0,0.0,2,2,0,2.0,1.0,298.5,1.0,1,1,0,0,0,0,0,0,0,0,0,0,0,0,0,0,0,0,0,0,0,1,0,0,1,0,0,0.0,0.0,0.0,0.0,0.0,0.0,0.0,0.0,0.0,0.0,0.0,0.0,7.085064293952548,7.085064293952548,3.8066624897703196,0.0
879146,241310.0,1087,6.99117688712121,1.181569,1087,6.99117688712121,0,0.0,0,0.0,0.0,2480,7.816416983691801,2.281508739650414,0,1,0.6931471805599453,0.001,1.0,0.6931471805599453,2,1,0,1.0,0.5,362.3333333333333,2.0,0,0,1,0,0,0,1,0,0,0,0,0,0,0,0,0,0,0,0,0,0,0,1,0,0,0,0,0.0,0.0,0.0,0.0,0.0,0.0,0.0,0.0,0.0,0.0,0.0,0.0,0.0,0.0,0.0,7.816416983691801
879458,361000.0,811,6.698268054115413,0.657721,811,6.698268054115413,0,0.0,0,0.0,0.0,6690,8.808518618782816,8.249075215782984,0,68,4.23410650459726,4.624,68.0,4.23410650459726,2,1,0,1.0,0.5,270.3333333333333,1.0,0,0,1,0,0,0,0,0,0,0,0,0,0,0,0,0,0,1,0,0,0,0,0,0,0,0,0,0.0,0.0,0.0,0.0,0.0,0.0,0.0,0.0,6.698268054115413,0.0,0.0,0.0,0.0,0.0,0.0,8.808518618782816
880117,521227.0,1830,7.512071245835466,3.3489,1830,7.512071245835466,0,0.0,1830,7.5126175446745105,0.0,7196,8.881419551507804,3.93224043715847,0,1,0.6931471805599453,0.001,1.0,0.6931471805599453,2,2,0,2.0,1.0,457.5,1.0,0,0,1,1,0,0,1,0,0,0,0,0,0,0,0,0,0,0,0,0,0,0,0,0,0,0,0,0.0,0.0,0.0,0.0,0.0,0.0,0.0,0.0,0.0,0.0,0.0,0.0,0.0,0.0,0.0,8.881419551507804
880209,715000.0,1746,7.465082736399547,3.048516,1746,7.465082736399547,0,0.0,0,0.0,0.0,1007,6.915723448631314,0.5767468499427262,0,5,1.791759469228055,0.025,5.0,1.791759469228055,3,3,1,3.5,1.1666666666666667,291.0,3.0,0,0,1,0,0,0,0,0,0,0,0,0,0,0,1,0,0,0,0,0,0,0,0,0,1,0,0,0.0,0.0,0.0,0.0,0.0,7.465082736399547,0.0,0.0,0.0,0.0,0.0,0.0,0.0,0.0,0.0,6.915723448631314
880326,495000.0,827,6.717804695023691,0.683929,827,6.717804695023691,0,0.0,0,0.0,0.0,0,0.0,0.0,0,2,1.0986122886681098,0.004,2.0,1.0986122886681098,1,1,0,1.0,1.0,413.5,1.0,1,0,0,0,0,0,0,0,0,0,0,0,0,0,0,0,0,0,0,0,1,0,0,0,1,0,0,0.0,0.0,0.0,0.0,0.0,0.0,0.0,0.0,0.0,0.0,0.0,6.717804695023691,0.0,6.717804695023691,1.0986122886681098,0.0
881496,425000.0,803,6.688354713946762,0.644809,1365,7.21890970761906,562,6.333279628139691,803,6.6895992691789665,0.6998754669987547,7500,8.922791623969637,9.339975093399751,0,68,4.23410650459726,4.624,0.0,0.0,2,2,0,2.0,1.0,200.75,1.0,0,1,1,1,1,0,0,0,0,0,0,0,0,0,0,0,0,0,1,0,0,0,0,0,0,0,0,0.0,0.0,0.0,0.0,0.0,0.0,0.0,0.0,0.0,6.688354713946762,0.0,0.0,0.0,0.0,0.0,8.922791623969637
883497,302500.0,1522,7.3277805384216315,2.316484,1522,7.3277805384216315,0,0.0,521,6.257667587882639,0.0,3850,8.25608813381491,2.5295663600525624,0,19,2.995732273553991,0.361,19.0,2.995732273553991,3,2,1,2.5,0.8333333333333334,304.4,2.0,0,0,1,1,0,0,0,0,0,0,0,0,0,0,0,0,1,0,0,0,0,0,0,1,0,0,0,0.0,0.0,0.0,0.0,0.0,0.0,0.0,7.3277805384216315,0.0,0.0,0.0,0.0,0.0,0.0,0.0,8.25608813381491
883613,889000.0,2782,7.930925372483388,7.739524,3859,8.258163361537619,1077,6.982862751468942,1197,7.088408778675395,0.899749373433584,4705,8.456593569287309,1.6912293314162472,0,2,1.0986122886681098,0.004,2.0,1.0986122886681098,2,4,1,4.5,2.25,463.6666666666667,3.0,0,0,1,1,1,0,0,0,0,0,0,0,0,0,0,0,0,0,0,1,0,0,0,1,0,0,0,0.0,0.0,0.0,0.0,0.0,0.0,0.0,0.0,0.0,0.0,7.930925372483388,0.0,0.0,0.0,0.0,8.456593569287309
884043,353500.0,944,6.8501261661455,0.891136,1360,7.215239978730097,416,6.0330862217988015,438,6.0844994130751715,0.9497716894977168,4298,8.366137716496281,4.552966101694915,474,30,3.4339872044851463,0.9,30.0,3.4339872044851463,3,3,0,3.0,1.0,157.33333333333334,1.0,0,0,1,1,1,1,0,0,0,0,0,0,0,0,0,0,0,0,0,0,0,0,0,0,0,1,0,0.0,0.0,0.0,0.0,0.0,0.0,0.0,0.0,0.0,0.0,0.0,0.0,0.0,0.0,0.0,8.366137716496281
884266,416239.0,1417,7.256297239690681,2.007889,2188,7.690743163541872,771,6.648984550024776,1417,7.257002707092073,0.544107268877911,6523,8.783242963740905,4.603387438249824,0,0,0.0,0.0,0.0,0.0,1,2,1,2.5,2.5,472.3333333333333,1.0,0,0,1,1,1,0,1,0,0,0,0,0,0,0,0,0,0,0,0,0,0,0,0,0,0,0,0,0.0,0.0,0.0,0.0,0.0,0.0,0.0,0.0,0.0,0.0,0.0,0.0,0.0,0.0,0.0,8.783242963740905
884348,500000.0,1070,6.975413927455952,1.1449,1948,7.5745584842024805,878,6.778784897685177,924,6.829793737512425,0.9502164502164502,2975,7.998335395952982,2.7803738317757007,0,97,4.584967478670572,9.409,6.0,1.9459101490553132,2,2,0,2.0,1.0,267.5,1.0,0,1,1,1,1,0,0,1,0,0,0,0,0,0,0,0,0,0,1,0,0,0,0,1,0,0,0,0.0,0.0,0.0,0.0,0.0,0.0,0.0,0.0,0.0,6.975413927455952,0.0,0.0,0.0,0.0,0.0,7.998335395952982
884365,340000.0,912,6.815639990074331,0.831744,912,6.815639990074331,0,0.0,442,6.093569770045136,0.0,5004,8.518192691749322,5.4868421052631575,470,20,3.044522437723423,0.4,20.0,3.044522437723423,3,2,0,2.0,0.6666666666666666,182.4,1.0,0,0,1,1,0,1,0,0,0,0,0,0,0,0,0,0,1,0,0,0,0,0,0,0,0,1,0,0.0,0.0,0.0,0.0,0.0,0.0,0.0,6.815639990074331,0.0,0.0,0.0,0.0,0.0,0.0,0.0,8.518192691749322
884879,319000.0,751,6.621405651764134,0.564001,751,6.621405651764134,0,0.0,0,0.0,0.0,0,0.0,0.0,0,73,4.30406509320417,5.329,18.0,2.9444389791664403,2,1,0,1.0,0.5,250.33333333333334,1.0,1,1,0,0,0,0,0,0,0,0,0,0,0,0,0,0,0,1,0,0,0,0,0,1,0,0,0,0.0,0.0,0.0,0.0,0.0,0.0,0.0,0.0,6.621405651764134,0.0,0.0,0.0,0.0,6.621405651764134,4.30406509320417,0.0
885190,225000.0,886,6.786716950605081,0.784996,886,6.786716950605081,0,0.0,0,0.0,0.0,0,0.0,0.0,0,34,3.5553480614894135,1.156,1.0,0.6931471805599453,1,1,0,1.0,1.0,443.0,2.0,1,1,0,0,0,0,0,0,0,0,0,0,0,1,0,0,0,0,0,0,0,0,0,1,0,0,0,0.0,0.0,0.0,0.0,6.786716950605081,0.0,0.0,0.0,0.0,0.0,0.0,0.0,0.0,6.786716950605081,3.5553480614894135,0.0
886499,298575.0,1454,7.282073658093465,2.114116,1454,7.282073658093465,0,0.0,0,0.0,0.0,1420,7.259116128097101,0.9766162310866575,0,1,0.6931471805599453,0.001,1.0,0.6931471805599453,3,2,1,2.5,0.8333333333333334,290.8,2.0,0,0,1,0,0,0,1,0,0,0,0,0,0,0,0,0,0,0,0,0,0,0,0,0,1,0,0,0.0,0.0,0.0,0.0,0.0,0.0,0.0,0.0,0.0,0.0,0.0,0.0,0.0,0.0,0.0,7.259116128097101
886770,200000.0,900,6.802394763324311,0.81,900,6.802394763324311,0,0.0,0,0.0,0.0,470,6.154858094016418,0.5222222222222223,0,46,3.8501476017100584,2.116,46.0,3.8501476017100584,2,1,1,1.5,0.75,300.0,2.0,0,0,1,0,0,0,0,0,0,0,0,0,0,1,0,0,0,0,0,0,0,0,0,0,1,0,0,0.0,0.0,0.0,0.0,6.802394763324311,0.0,0.0,0.0,0.0,0.0,0.0,0.0,0.0,0.0,0.0,6.154858094016418
887075,569900.0,2036,7.618742377670413,4.145296,2988,8.002359546252707,952,6.859614903654202,1002,6.910750787961936,0.9500998003992016,3145,8.053887083618223,1.5446954813359528,0,5,1.791759469228055,0.025,5.0,1.791759469228055,2,3,1,3.5,1.75,407.2,2.0,0,0,1,1,1,0,0,0,0,0,1,0,0,0,0,0,0,0,0,0,0,0,0,1,0,0,0,0.0,7.618742377670413,0.0,0.0,0.0,0.0,0.0,0.0,0.0,0.0,0.0,0.0,0.0,0.0,0.0,8.053887083618223
887189,611789.0,3468,8.151333337900432,12.027024,4567,8.426611813185,1099,7.003065458786462,1274,7.150701457592526,0.8626373626373627,7500,8.922791623969637,2.162629757785467,0,0,0.0,0.0,0.0,0.0,5,3,1,3.5,0.7,433.5,2.0,0,0,1,1,1,0,1,0,0,0,0,0,0,0,0,0,0,0,0,0,0,0,1,0,0,0,0,0.0,0.0,0.0,0.0,0.0,0.0,0.0,0.0,0.0,0.0,0.0,0.0,0.0,0.0,0.0,8.922791623969637
887990,750000.0,2537,7.838737559599282,6.436369,2537,7.838737559599282,0,0.0,1243,7.126087273299125,0.0,4501,8.412277021466677,1.7741426882144264,0,12,2.5649493574615367,0.144,12.0,2.5649493574615367,3,2,1,2.5,0.8333333333333334,507.4,2.0,0,0,1,1,0,0,0,0,0,0,1,0,0,0,0,0,0,0,0,0,0,0,1,0,0,0,0,0.0,7.838737559599282,0.0,0.0,0.0,0.0,0.0,0.0,0.0,0.0,0.0,0.0,0.0,0.0,0.0,8.412277021466677
888164,325000.0,1438,7.271008538280992,2.067844,1438,7.271008538280992,0,0.0,0,0.0,0.0,2927,7.982074875081202,2.0354659248956883,0,13,2.6390573296152584,0.169,13.0,2.6390573296152584,2,2,0,2.0,1.0,359.5,2.0,0,0,1,0,0,0,0,0,0,0,0,0,0,0,0,0,0,0,0,0,0,0,1,0,0,0,0,0.0,0.0,0.0,0.0,0.0,0.0,0.0,0.0,0.0,0.0,0.0,0.0,0.0,0.0,0.0,7.982074875081202
888374,617800.0,1519,7.325807502595773,2.307361,1519,7.325807502595773,0,0.0,0,0.0,0.0,1436,7.270312886079025,0.945358788676761,0,2,1.0986122886681098,0.004,2.0,1.0986122886681098,2,2,2,3.0,1.5,379.75,3.0,0,0,1,0,0,0,0,0,0,0,0,0,0,0,0,0,0,0,0,1,0,0,0,1,0,0,0,0.0,0.0,0.0,0.0,0.0,0.0,0.0,0.0,0.0,0.0,7.325807502595773,0.0,0.0,0.0,0.0,7.270312886079025
888727,1365000.0,2624,7.8724551500639794,6.885376,3274,8.09376775793108,650,6.478509642208569,650,6.478509642208569,1.0,2379,7.77485576666552,0.9066310975609756,0,9,2.302585092994046,0.081,9.0,2.302585092994046,3,3,2,4.0,1.3333333333333333,437.3333333333333,3.0,0,0,1,1,1,0,0,0,0,0,0,0,0,0,1,0,0,0,0,0,0,0,0,0,0,0,1,0.0,0.0,0.0,0.0,0.0,7.8724551500639794,0.0,0.0,0.0,0.0,0.0,0.0,0.0,0.0,0.0,7.77485576666552
888992,315000.0,1098,7.001245622069476,1.205604,1530,7.333023014386481,432,6.07073772800249,490,6.19644412779452,0.8816326530612245,5520,8.616314282284044,5.027322404371585,0,34,3.5553480614894135,1.156,34.0,3.5553480614894135,2,2,1,2.5,1.25,274.5,2.0,0,0,1,1,1,0,0,0,0,0,0,0,0,0,0,0,0,0,0,0,0,0,1,0,0,0,0,0.0,0.0,0.0,0.0,0.0,0.0,0.0,0.0,0.0,0.0,0.0,0.0,0.0,0.0,0.0,8.616314282284044
889439,358000.0,1100,7.003065458786462,1.21,2157,7.676473646389156,1057,6.964135612418245,1057,6.964135612418245,1.0,8070,8.996032669324372,7.336363636363636,0,25,3.258096538021482,0.625,0.0,0.0,3,3,0,3.0,1.0,183.33333333333334,1.0,0,1,1,1,1,0,0,0,0,0,0,0,0,0,0,0,1,0,0,0,0,0,0,0,0,0,0,0.0,0.0,0.0,0.0,0.0,0.0,0.0,7.003065458786462,0.0,0.0,0.0,0.0,0.0,0.0,0.0,8.996032669324372
890223,155000.0,870,6.76849321164863,0.7569,870,6.76849321164863,0,0.0,0,0.0,0.0,0,0.0,0.0,0,52,3.970291913552122,2.704,52.0,3.970291913552122,2,1,0,1.0,0.5,290.0,1.0,1,0,0,0,0,0,0,0,0,0,0,0,0,0,0,0,0,0,0,0,0,1,0,1,0,0,0,0.0,0.0,0.0,0.0,0.0,0.0,0.0,0.0,0.0,0.0,0.0,0.0,6.76849321164863,6.76849321164863,3.970291913552122,0.0
890744,1025000.0,2072,7.6362696033793735,4.293184,2758,7.922261058353247,686,6.532334292222349,722,6.583409222158765,0.9501385041551247,2245,7.716906135298388,1.0834942084942085,0,1,0.6931471805599453,0.001,1.0,0.6931471805599453,3,4,1,4.5,1.5,296.0,3.0,0,0,1,1,1,0,1,0,0,0,0,0,0,0,1,0,0,0,0,0,0,0,0,1,0,0,0,0.0,0.0,0.0,0.0,0.0,7.6362696033793735,0.0,0.0,0.0,0.0,0.0,0.0,0.0,0.0,0.0,7.716906135298388
890863,825000.0,1080,6.984716320118266,1.1664,1813,7.502738210754851,733,6.598509028614515,772,6.650279048587422,0.9494818652849741,3120,8.045908742270779,2.888888888888889,0,128,4.859812404361672,16.384,0.0,0.0,3,3,0,3.0,1.0,180.0,1.0,0,1,1,1,1,0,0,1,0,0,0,0,0,0,1,0,0,0,0,0,0,0,0,0,0,0,0,0.0,0.0,0.0,0.0,0.0,6.984716320118266,0.0,0.0,0.0,0.0,0.0,0.0,0.0,0.0,0.0,8.045908742270779
892334,680000.0,887,6.787844982309579,0.786769,887,6.787844982309579,0,0.0,0,0.0,0.0,0,0.0,0.0,0,2,1.0986122886681098,0.004,2.0,1.0986122886681098,1,1,0,1.0,1.0,443.5,1.0,1,0,0,0,0,0,0,0,0,0,0,0,0,0,0,0,0,0,0,0,1,0,0,0,1,0,0,0.0,0.0,0.0,0.0,0.0,0.0,0.0,0.0,0.0,0.0,0.0,6.787844982309579,0.0,6.787844982309579,1.0986122886681098,0.0
892689,315000.0,628,6.4425401664681985,0.394384,628,6.4425401664681985,0,0.0,0,0.0,0.0,0,0.0,0.0,0,111,4.718498871295094,12.321,22.0,3.1354942159291497,1,1,0,1.0,1.0,314.0,1.0,1,1,0,0,0,0,0,1,0,0,0,1,0,0,0,0,0,0,0,0,0,0,0,1,0,0,0,0.0,0.0,6.4425401664681985,0.0,0.0,0.0,0.0,0.0,0.0,0.0,0.0,0.0,0.0,6.4425401664681985,4.718498871295094,0.0
892729,280000.0,779,6.658011045870748,0.606841,779,6.658011045870748,0,0.0,0,0.0,0.0,0,0.0,0.0,0,66,4.204692619390966,4.356,12.0,2.5649493574615367,2,1,0,1.0,0.5,259.6666666666667,1.0,1,1,0,0,0,0,0,0,0,1,0,0,0,0,0,0,0,0,0,0,0,0,0,1,0,0,0,6.658011045870748,0.0,0.0,0.0,0.0,0.0,0.0,0.0,0.0,0.0,0.0,0.0,0.0,6.658011045870748,4.204692619390966,0.0
893069,498000.0,1877,7.537430036586509,3.523129,1877,7.537430036586509,0,0.0,0,0.0,0.0,2027,7.614805364711073,1.079914757591902,0,2,1.0986122886681098,0.004,2.0,1.0986122886681098,2,2,1,2.5,1.25,469.25,3.0,0,0,1,0,0,0,0,0,0,0,1,0,0,0,0,0,0,0,0,0,0,0,0,1,0,0,0,0.0,7.537430036586509,0.0,0.0,0.0,0.0,0.0,0.0,0.0,0.0,0.0,0.0,0.0,0.0,0.0,7.614805364711073
893185,275000.0,1119,7.020190708311925,1.252161,1119,7.020190708311925,0,0.0,0,0.0,0.0,0,0.0,0.0,0,18,2.9444389791664403,0.324,18.0,2.9444389791664403,2,2,0,2.0,1.0,279.75,1.0,1,0,0,0,0,0,0,0,0,0,0,0,0,0,0,1,0,0,0,0,0,0,0,1,0,0,0,0.0,0.0,0.0,0.0,0.0,0.0,7.020190708311925,0.0,0.0,0.0,0.0,0.0,0.0,7.020190708311925,2.9444389791664403,0.0
893366,1220000.0,4063,8.309676895987726,16.507969,4063,8.309676895987726,0,0.0,1817,7.505492274737424,0.0,7372,8.90557995798965,1.8144228402658134,0,6,1.9459101490553132,0.036,6.0,1.9459101490553132,5,4,1,4.5,0.9,451.44444444444446,2.0,0,0,1,1,0,0,0,0,0,0,1,0,0,0,0,0,0,0,0,0,0,0,1,0,0,0,0,0.0,8.309676895987726,0.0,0.0,0.0,0.0,0.0,0.0,0.0,0.0,0.0,0.0,0.0,0.0,0.0,8.90557995798965
893620,1127962.0,2196,7.694392802629421,4.822416,2859,7.958227192322312,663,6.498282149476434,1098,7.002155954403621,0.6038251366120219,4800,8.476579508530941,2.185792349726776,0,0,0.0,0.0,0.0,0.0,4,3,0,3.0,0.75,313.7142857142857,2.0,0,0,1,1,1,0,1,0,0,0,1,0,0,0,0,0,0,0,0,0,0,0,1,0,0,0,0,0.0,7.694392802629421,0.0,0.0,0.0,0.0,0.0,0.0,0.0,0.0,0.0,0.0,0.0,0.0,0.0,8.476579508530941
893697,774225.0,2986,8.001689978099135,8.916196,3884,8.264620829411216,898,6.80128303447162,1000,6.90875477931522,0.898,3500,8.160803920954665,1.1721366376423308,0,1,0.6931471805599453,0.001,1.0,0.6931471805599453,3,4,2,5.0,1.6666666666666667,426.57142857142856,2.5,0,0,1,1,1,0,1,0,0,0,1,0,0,0,0,0,0,0,0,0,0,0,0,0,0,0,1,0.0,8.001689978099135,0.0,0.0,0.0,0.0,0.0,0.0,0.0,0.0,0.0,0.0,0.0,0.0,0.0,8.160803920954665
893787,1270000.0,2384,7.776535028185241,5.683456,2384,7.776535028185241,0,0.0,258,5.556828061699537,0.0,3120,8.045908742270779,1.308724832214765,0,119,4.787491742782046,14.161,2.0,1.0986122886681098,3,3,1,3.5,1.1666666666666667,397.3333333333333,2.0,0,1,1,1,0,0,0,1,0,0,0,0,0,0,1,0,0,0,0,0,0,0,1,0,0,0,0,0.0,0.0,0.0,0.0,0.0,7.776535028185241,0.0,0.0,0.0,0.0,0.0,0.0,0.0,0.0,0.0,8.045908742270779
894230,415000.0,488,6.1903154058531475,0.238144,488,6.1903154058531475,0,0.0,0,0.0,0.0,0,0.0,0.0,0,2,1.0986122886681098,0.004,2.0,1.0986122886681098,0,1,0,1.0,1.0,488.0,1.0,1,0,0,0,0,0,0,0,1,0,0,0,0,0,0,0,0,0,0,0,1,0,0,0,1,0,0,0.0,0.0,0.0,0.0,0.0,0.0,0.0,0.0,0.0,0.0,0.0,6.1903154058531475,0.0,6.1903154058531475,1.0986122886681098,0.0
894503,440000.0,1306,7.174724309836376,1.705636,2506,7.826443135456014,1200,7.0909098220799835,1293,7.165493475060845,0.9280742459396751,6250,8.740496729931813,4.785604900459418,0,71,4.276666119016055,5.041,0.0,0.0,3,2,0,2.0,0.6666666666666666,261.2,1.0,0,1,1,1,1,0,0,0,0,0,0,0,0,0,0,0,0,1,0,0,0,0,0,0,0,0,0,0.0,0.0,0.0,0.0,0.0,0.0,0.0,0.0,7.174724309836376,0.0,0.0,0.0,0.0,0.0,0.0,8.740496729931813
894991,245000.0,1050,6.956545443151569,1.1025,1050,6.956545443151569,0,0.0,0,0.0,0.0,0,0.0,0.0,0,18,2.9444389791664403,0.324,18.0,2.9444389791664403,2,2,0,2.0,1.0,262.5,1.0,1,0,0,0,0,0,0,0,0,0,0,0,0,0,0,1,0,0,0,0,0,0,0,1,0,0,0,0.0,0.0,0.0,0.0,0.0,0.0,6.956545443151569,0.0,0.0,0.0,0.0,0.0,0.0,6.956545443151569,2.9444389791664403,0.0
895393,405000.0,766,6.641182169740591,0.586756,766,6.641182169740591,0,0.0,0,0.0,0.0,0,0.0,0.0,0,17,2.8903717578961645,0.289,17.0,2.8903717578961645,1,1,0,1.0,1.0,383.0,1.0,1,1,0,0,0,0,0,0,0,0,0,0,0,0,0,0,0,0,0,0,1,0,0,0,1,0,0,0.0,0.0,0.0,0.0,0.0,0.0,0.0,0.0,0.0,0.0,0.0,6.641182169740591,0.0,6.641182169740591,2.8903717578961645,0.0
895520,250000.0,863,6.760414691083428,0.744769,1666,7.418180822726788,803,6.6895992691789665,845,6.740519359606223,0.9502958579881656,6930,8.843759381917984,8.030127462340673,0,39,3.6888794541139363,1.521,25.0,3.258096538021482,2,2,0,2.0,1.0,215.75,1.0,0,1,1,1,1,0,0,0,0,0,0,0,0,0,0,0,1,0,0,0,0,0,0,0,0,0,0,0.0,0.0,0.0,0.0,0.0,0.0,0.0,6.760414691083428,0.0,0.0,0.0,0.0,0.0,0.0,0.0,8.843759381917984
895949,220000.0,760,6.633318433280377,0.5776,760,6.633318433280377,0,0.0,0,0.0,0.0,0,0.0,0.0,0,34,3.5553480614894135,1.156,4.0,1.6094379124341003,2,1,0,1.0,0.5,253.33333333333334,1.0,1,1,0,0,0,0,0,0,0,0,0,0,0,1,0,0,0,0,0,0,0,0,0,1,0,0,0,0.0,0.0,0.0,0.0,6.633318433280377,0.0,0.0,0.0,0.0,0.0,0.0,0.0,0.0,6.633318433280377,3.5553480614894135,0.0
896028,383000.0,1423,7.260522598089852,2.024929,1423,7.260522598089852,0,0.0,0,0.0,0.0,0,0.0,0.0,0,22,3.1354942159291497,0.484,0.0,0.0,2,2,0,2.0,1.0,355.75,1.0,1,1,0,0,0,0,0,0,0,0,0,0,0,0,0,1,0,0,0,0,0,0,0,1,0,0,0,0.0,0.0,0.0,0.0,0.0,0.0,7.260522598089852,0.0,0.0,0.0,0.0,0.0,0.0,7.260522598089852,3.1354942159291497,0.0
896143,306375.0,1538,7.338238150065589,2.365444,1538,7.338238150065589,0,0.0,0,0.0,0.0,1400,7.244941546337007,0.9102730819245773,0,1,0.6931471805599453,0.001,1.0,0.6931471805599453,3,2,1,2.5,0.8333333333333334,307.6,2.0,0,0,1,0,0,0,1,0,0,0,0,0,0,0,0,0,0,0,0,0,0,0,0,0,1,0,0,0.0,0.0,0.0,0.0,0.0,0.0,0.0,0.0,0.0,0.0,0.0,0.0,0.0,0.0,0.0,7.244941546337007
896386,370000.0,1579,7.364547014255642,2.493241,2123,7.660585461703256,544,6.300785794663244,584,6.371611847231857,0.9315068493150684,7322,8.89877535906107,4.637112096263458,0,16,2.833213344056216,0.256,4.0,1.6094379124341003,3,3,1,3.5,1.1666666666666667,263.1666666666667,2.0,0,1,1,1,1,0,0,0,0,0,0,0,0,0,0,0,0,0,0,0,0,0,1,0,0,0,0,0.0,0.0,0.0,0.0,0.0,0.0,0.0,0.0,0.0,0.0,0.0,0.0,0.0,0.0,0.0,8.89877535906107
896687,238540.0,1424,7.261225091971921,2.027776,1424,7.261225091971921,0,0.0,0,0.0,0.0,1417,7.257002707092073,0.9950842696629213,0,5,1.791759469228055,0.025,5.0,1.791759469228055,3,2,1,2.5,0.8333333333333334,284.8,2.0,0,0,1,0,0,0,0,0,0,0,1,0,0,0,0,0,0,0,0,0,0,0,0,0,1,0,0,0.0,7.261225091971921,0.0,0.0,0.0,0.0,0.0,0.0,0.0,0.0,0.0,0.0,0.0,0.0,0.0,7.257002707092073
896831,526400.0,1570,7.358830898342354,2.4649,1570,7.358830898342354,0,0.0,0,0.0,0.0,988,6.8966943316227125,0.6292993630573248,0,2,1.0986122886681098,0.004,2.0,1.0986122886681098,2,2,1,2.5,1.25,392.5,3.0,0,0,1,0,0,0,0,0,0,0,0,0,0,0,0,0,0,0,0,1,0,0,0,0,1,0,0,0.0,0.0,0.0,0.0,0.0,0.0,0.0,0.0,0.0,0.0,7.358830898342354,0.0,0.0,0.0,0.0,6.8966943316227125
898015,1050000.0,3271,8.092851027538384,10.699441,4373,8.38320455141292,1102,7.005789019253503,1310,7.1785454837637,0.8412213740458016,4320,8.371242135931933,1.3206970345460103,0,14,2.70805020110221,0.196,4.0,1.6094379124341003,5,4,1,4.5,0.9,363.44444444444446,2.5,0,1,1,1,1,0,0,0,0,0,1,0,0,0,0,0,0,0,0,0,0,0,0,0,0,0,1,0.0,8.092851027538384,0.0,0.0,0.0,0.0,0.0,0.0,0.0,0.0,0.0,0.0,0.0,0.0,0.0,8.371242135931933
898180,372000.0,755,6.626717749249025,0.570025,755,6.626717749249025,0,0.0,0,0.0,0.0,0,0.0,0.0,0,15,2.772588722239781,0.225,15.0,2.772588722239781,1,1,0,1.0,1.0,377.5,1.0,1,0,0,0,0,0,0,0,0,0,0,0,0,0,1,0,0,0,0,0,0,0,0,1,0,0,0,0.0,0.0,0.0,0.0,0.0,6.626717749249025,0.0,0.0,0.0,0.0,0.0,0.0,0.0,6.626717749249025,2.772588722239781,0.0
898457,672000.0,884,6.784457062637643,0.781456,1724,7.452402451223638,840,6.734591659972948,884,6.785587645007929,0.9502262443438914,6540,8.785845337961213,7.398190045248869,0,80,4.394449154672439,6.4,4.0,1.6094379124341003,2,2,0,2.0,1.0,221.0,1.0,0,1,1,1,1,0,0,1,0,0,0,0,0,0,0,0,0,0,0,1,0,0,0,0,0,0,0,0.0,0.0,0.0,0.0,0.0,0.0,0.0,0.0,0.0,0.0,6.784457062637643,0.0,0.0,0.0,0.0,8.785845337961213
898469,665928.0,2837,7.950502434808851,8.048569,3261,8.089789175789319,424,6.052089168924417,524,6.263398262591624,0.8091603053435115,2700,7.901377353792616,0.9517095523440254,0,0,0.0,0.0,0.0,0.0,4,3,2,4.0,1.0,405.2857142857143,2.5,0,0,1,1,1,0,1,0,0,0,1,0,0,0,0,0,0,0,0,0,0,0,0,0,0,0,1,0.0,7.950502434808851,0.0,0.0,0.0,0.0,0.0,0.0,0.0,0.0,0.0,0.0,0.0,0.0,0.0,7.901377353792616
898600,720000.0,2192,7.692569648067906,4.804864,2928,7.982074875081202,736,6.602587892189336,1096,7.00033446027523,0.6715328467153284,4043,8.304989580140361,1.8444343065693432,0,5,1.791759469228055,0.025,5.0,1.791759469228055,3,3,1,3.5,1.1666666666666667,365.3333333333333,2.0,0,0,1,1,1,0,0,0,0,0,1,0,0,0,0,0,0,0,0,0,0,0,1,0,0,0,0,0.0,7.692569648067906,0.0,0.0,0.0,0.0,0.0,0.0,0.0,0.0,0.0,0.0,0.0,0.0,0.0,8.304989580140361
898677,519000.0,1903,7.551186867296149,3.621409,1903,7.551186867296149,0,0.0,0,0.0,0.0,0,0.0,0.0,0,19,2.995732273553991,0.361,19.0,2.995732273553991,4,3,1,3.5,0.875,271.85714285714283,3.0,1,1,0,0,0,0,0,0,0,0,0,1,0,0,0,0,0,0,0,0,0,0,0,0,1,0,0,0.0,0.0,7.551186867296149,0.0,0.0,0.0,0.0,0.0,0.0,0.0,0.0,0.0,0.0,7.551186867296149,2.995732273553991,0.0
898945,340000.0,1400,7.24422751560335,1.96,1400,7.24422751560335,0,0.0,0,0.0,0.0,3079,8.03268487596762,2.1992857142857143,0,6,1.9459101490553132,0.036,6.0,1.9459101490553132,2,2,0,2.0,1.0,350.0,2.0,0,0,1,0,0,0,0,0,0,0,0,0,0,0,0,0,0,0,0,0,0,0,1,0,0,0,0,0.0,0.0,0.0,0.0,0.0,0.0,0.0,0.0,0.0,0.0,0.0,0.0,0.0,0.0,0.0,8.03268487596762
899224,676072.0,1612,7.385230923066573,2.598544,2250,7.718685495198466,638,6.459904454377535,794,6.678342114654332,0.8035264483627204,2481,7.8168199657645525,1.5390818858560793,0,0,0.0,0.0,0.0,0.0,2,3,1,3.5,1.75,322.4,2.0,0,0,1,1,1,0,1,0,0,0,1,0,0,0,0,0,0,0,0,0,0,0,0,1,0,0,0,0.0,7.385230923066573,0.0,0.0,0.0,0.0,0.0,0.0,0.0,0.0,0.0,0.0,0.0,0.0,0.0,7.8168199657645525
899395,665000.0,1973,7.587310506022615,3.892729,2047,7.624130585661289,74,4.31748811353631,348,5.855071922202427,0.21264367816091953,4560,8.4252971767117,2.311201216421693,0,128,4.859812404361672,16.384,16.0,2.833213344056216,3,2,0,2.0,0.6666666666666666,394.6,2.0,0,1,1,1,1,0,0,1,0,0,0,0,0,0,0,0,0,0,0,1,0,0,1,0,0,0,0,0.0,0.0,0.0,0.0,0.0,0.0,0.0,0.0,0.0,0.0,7.587310506022615,0.0,0.0,0.0,0.0,8.4252971767117
900102,1468201.0,3973,8.287276755814599,15.784729,5660,8.641179171197228,1687,7.431299675155903,2032,7.617267813628347,0.8302165354330708,11977,9.390826912824407,3.0145985401459856,0,0,0.0,0.0,0.0,0.0,5,5,1,5.5,1.1,397.3,2.0,0,0,1,1,1,0,1,0,0,0,1,0,0,0,0,0,0,0,0,0,0,0,1,0,0,0,0,0.0,8.287276755814599,0.0,0.0,0.0,0.0,0.0,0.0,0.0,0.0,0.0,0.0,0.0,0.0,0.0,9.390826912824407
901279,1040000.0,1209,7.097548850614793,1.461681,1209,7.097548850614793,0,0.0,0,0.0,0.0,0,0.0,0.0,0,2,1.0986122886681098,0.004,2.0,1.0986122886681098,2,2,0,2.0,1.0,302.25,1.0,1,0,0,0,0,0,0,0,0,0,0,0,0,0,0,0,0,0,0,0,1,0,0,0,1,0,0,0.0,0.0,0.0,0.0,0.0,0.0,0.0,0.0,0.0,0.0,0.0,7.097548850614793,0.0,7.097548850614793,1.0986122886681098,0.0
901479,357000.0,1858,7.527255919373784,3.452164,1858,7.527255919373784,0,0.0,0,0.0,0.0,6995,8.853093836138493,3.764800861141012,0,16,2.833213344056216,0.256,16.0,2.833213344056216,3,2,1,2.5,0.8333333333333334,371.6,2.0,0,1,1,0,0,0,0,0,0,0,0,0,0,0,0,0,0,0,0,0,0,0,1,0,0,0,0,0.0,0.0,0.0,0.0,0.0,0.0,0.0,0.0,0.0,0.0,0.0,0.0,0.0,0.0,0.0,8.853093836138493
901573,577694.0,2275,7.729735331385051,5.175625,3503,8.161375023197486,1228,7.113956109566034,1437,7.271008538280992,0.8545581071677105,6600,8.79497643168877,2.901098901098901,0,1,0.6931471805599453,0.001,1.0,0.6931471805599453,3,3,1,3.5,1.1666666666666667,379.1666666666667,1.0,0,0,1,1,1,0,1,0,0,0,0,0,0,0,0,0,0,0,0,0,0,0,0,0,0,0,0,0.0,0.0,0.0,0.0,0.0,0.0,0.0,0.0,0.0,0.0,0.0,0.0,0.0,0.0,0.0,8.79497643168877
901971,489241.0,2022,7.611842399580417,4.088484,2676,7.892078421248119,654,6.484635235635252,781,6.661854740545311,0.8373879641485276,3375,8.124446855715847,1.6691394658753709,0,0,0.0,0.0,0.0,0.0,3,3,1,3.5,1.1666666666666667,337.0,2.0,0,0,1,1,1,0,1,0,0,0,1,0,0,0,0,0,0,0,0,0,0,0,0,1,0,0,0,0.0,7.611842399580417,0.0,0.0,0.0,0.0,0.0,0.0,0.0,0.0,0.0,0.0,0.0,0.0,0.0,8.124446855715847
902232,395000.0,2293,7.737616282857904,5.257849,2862,7.959275960116396,569,6.345636360828596,633,6.452048954437226,0.8988941548183255,10425,9.252057965328051,4.546445704317488,0,20,3.044522437723423,0.4,0.0,0.0,4,3,1,3.5,0.875,327.57142857142856,2.0,0,1,1,1,1,0,0,0,0,0,0,0,0,0,0,0,0,0,0,0,0,0,1,0,0,0,0,0.0,0.0,0.0,0.0,0.0,0.0,0.0,0.0,0.0,0.0,0.0,0.0,0.0,0.0,0.0,9.252057965328051
902369,945000.0,1171,7.065613363597717,1.371241,1171,7.065613363597717,0,0.0,0,0.0,0.0,975,6.883462586413092,0.8326216908625107,0,0,0.0,0.0,0.0,0.0,2,1,1,1.5,0.75,390.3333333333333,3.0,0,0,1,0,0,0,1,0,0,0,1,0,0,0,0,0,0,0,0,0,0,0,0,0,1,0,0,0.0,7.065613363597717,0.0,0.0,0.0,0.0,0.0,0.0,0.0,0.0,0.0,0.0,0.0,0.0,0.0,6.883462586413092
902443,810000.0,1742,7.462789157412448,3.034564,1742,7.462789157412448,0,0.0,0,0.0,0.0,0,0.0,0.0,0,91,4.5217885770490405,8.281,18.0,2.9444389791664403,2,2,0,2.0,1.0,435.5,1.0,1,1,0,0,0,0,0,1,0,0,0,0,0,0,0,0,0,0,0,0,1,0,0,1,0,0,0,0.0,0.0,0.0,0.0,0.0,0.0,0.0,0.0,0.0,0.0,0.0,7.462789157412448,0.0,7.462789157412448,4.5217885770490405,0.0
902734,260000.0,1060,6.966024187106113,1.1236,1450,7.27931883541462,390,5.968707559985366,530,6.274762021241939,0.7358490566037735,0,0.0,0.0,0,48,3.8918202981106265,2.304,48.0,3.8918202981106265,2,1,1,1.5,0.75,353.3333333333333,2.0,1,0,0,1,1,0,0,0,0,0,0,0,0,1,0,0,0,0,0,0,0,0,0,0,1,0,0,0.0,0.0,0.0,0.0,6.966024187106113,0.0,0.0,0.0,0.0,0.0,0.0,0.0,0.0,6.966024187106113,3.8918202981106265,0.0
903510,490000.0,2161,7.6783263565068856,4.669921,2161,7.6783263565068856,0,0.0,0,0.0,0.0,2200,7.696667081526462,1.018047200370199,0,3,1.3862943611198906,0.009,3.0,1.3862943611198906,3,2,1,2.5,0.8333333333333334,432.2,3.0,0,0,1,0,0,0,0,0,0,0,1,0,0,0,0,0,0,0,0,0,0,0,0,0,1,0,0,0.0,7.6783263565068856,0.0,0.0,0.0,0.0,0.0,0.0,0.0,0.0,0.0,0.0,0.0,0.0,0.0,7.696667081526462
903627,922878.0,1842,7.518607216815252,3.392964,2536,7.8383433155571165,694,6.543911845564792,930,6.836259277277067,0.7462365591397849,3150,8.055475141757274,1.710097719869707,0,0,0.0,0.0,0.0,0.0,3,3,1,3.5,1.1666666666666667,307.0,2.0,0,0,1,1,1,0,1,0,0,0,1,0,0,0,0,0,0,0,0,0,0,0,1,0,0,0,0,0.0,7.518607216815252,0.0,0.0,0.0,0.0,0.0,0.0,0.0,0.0,0.0,0.0,0.0,0.0,0.0,8.055475141757274
904015,296000.0,1194,7.085064293952548,1.425636,1194,7.085064293952548,0,0.0,0,0.0,0.0,0,0.0,0.0,0,45,3.828641396489095,2.025,0.0,0.0,2,2,0,2.0,1.0,298.5,1.0,1,1,0,0,0,0,0,0,0,0,0,0,0,0,0,0,0,0,0,0,0,1,0,0,1,0,0,0.0,0.0,0.0,0.0,0.0,0.0,0.0,0.0,0.0,0.0,0.0,0.0,7.085064293952548,7.085064293952548,3.828641396489095,0.0
904209,249900.0,1200,7.090076835776092,1.44,1200,7.090076835776092,0,0.0,0,0.0,0.0,0,0.0,0.0,0,46,3.8501476017100584,2.116,0.0,0.0,2,2,0,2.0,1.0,300.0,1.0,1,1,0,0,0,0,0,0,0,0,0,0,1,0,0,0,0,0,0,0,0,0,0,1,0,0,0,0.0,0.0,0.0,7.090076835776092,0.0,0.0,0.0,0.0,0.0,0.0,0.0,0.0,0.0,7.090076835776092,3.8501476017100584,0.0
904388,551000.0,1036,6.943122422819428,1.073296,2072,7.6362696033793735,1036,6.9440872082295275,1036,6.9440872082295275,1.0,6250,8.740496729931813,6.032818532818533,0,71,4.276666119016055,5.041,13.0,2.6390573296152584,2,2,0,2.0,1.0,259.0,1.0,0,1,1,1,1,0,0,0,0,0,0,0,0,0,0,0,0,0,1,0,0,0,0,0,0,0,0,0.0,0.0,0.0,0.0,0.0,0.0,0.0,0.0,0.0,6.943122422819428,0.0,0.0,0.0,0.0,0.0,8.740496729931813
904392,359500.0,1682,7.427738840532894,2.829124,1682,7.427738840532894,0,0.0,0,0.0,0.0,3385,8.12740456269308,2.012485136741974,0,0,0.0,0.0,0.0,0.0,3,2,1,2.5,0.8333333333333334,336.4,2.0,0,0,1,0,0,0,1,0,0,0,0,0,0,0,0,0,0,0,0,0,0,0,1,0,0,0,0,0.0,0.0,0.0,0.0,0.0,0.0,0.0,0.0,0.0,0.0,0.0,0.0,0.0,0.0,0.0,8.12740456269308
905460,163500.0,945,6.851184927493743,0.893025,945,6.851184927493743,0,0.0,0,0.0,0.0,0,0.0,0.0,0,47,3.871201010907891,2.209,11.0,2.4849066497880004,2,1,0,1.0,0.5,315.0,1.0,1,1,0,0,0,0,0,0,0,0,0,0,0,0,0,0,0,0,0,0,0,1,0,1,0,0,0,0.0,0.0,0.0,0.0,0.0,0.0,0.0,0.0,0.0,0.0,0.0,0.0,6.851184927493743,6.851184927493743,3.871201010907891,0.0
905871,910000.0,2074,7.637234388789473,4.301476,2844,7.952966790923131,770,6.647688373563329,810,6.698268054115413,0.9506172839506173,3125,8.047509510981422,1.5067502410800386,0,5,1.791759469228055,0.025,5.0,1.791759469228055,3,3,1,3.5,1.1666666666666667,345.6666666666667,3.0,0,0,1,1,1,0,0,0,0,0,0,0,0,0,1,0,0,0,0,0,0,0,0,1,0,0,0,0.0,0.0,0.0,0.0,0.0,7.637234388789473,0.0,0.0,0.0,0.0,0.0,0.0,0.0,0.0,0.0,8.047509510981422
906378,401900.0,1874,7.535830462798367,3.511876,1874,7.535830462798367,0,0.0,1120,7.02197642307216,0.0,6135,8.721928343047091,3.2737459978655283,0,20,3.044522437723423,0.4,20.0,3.044522437723423,3,2,1,2.5,0.8333333333333334,374.8,2.0,0,1,1,1,0,0,0,0,0,0,0,0,0,0,0,0,0,0,0,0,0,0,1,0,0,0,0,0.0,0.0,0.0,0.0,0.0,0.0,0.0,0.0,0.0,0.0,0.0,0.0,0.0,0.0,0.0,8.721928343047091
907517,745000.0,1408,7.249925536717988,1.982464,1408,7.249925536717988,0,0.0,0,0.0,0.0,0,0.0,0.0,0,124,4.8283137373023015,15.376,124.0,4.8283137373023015,2,2,0,2.0,1.0,352.0,1.0,1,0,0,0,0,0,0,1,0,0,0,0,0,0,0,0,0,0,0,0,1,0,0,1,0,0,0,0.0,0.0,0.0,0.0,0.0,0.0,0.0,0.0,0.0,0.0,0.0,7.249925536717988,0.0,7.249925536717988,4.8283137373023015,0.0
907558,748777.0,3701,8.216358332386156,13.697401,4740,8.463792414689122,1039,6.946975992135418,1397,7.242797922793756,0.7437365783822477,16754,9.726452000171411,4.526884625776817,0,0,0.0,0.0,0.0,0.0,5,4,0,4.0,0.8,411.22222222222223,2.0,0,0,1,1,1,0,1,0,0,0,0,0,0,0,0,0,0,0,0,0,0,0,1,0,0,0,0,0.0,0.0,0.0,0.0,0.0,0.0,0.0,0.0,0.0,0.0,0.0,0.0,0.0,0.0,0.0,9.726452000171411
907654,150000.0,945,6.851184927493743,0.893025,945,6.851184927493743,0,0.0,0,0.0,0.0,0,0.0,0.0,0,48,3.8918202981106265,2.304,0.0,0.0,2,1,0,1.0,0.5,315.0,1.0,1,1,0,0,0,0,0,0,0,0,0,0,0,0,0,0,0,0,0,0,0,1,0,1,0,0,0,0.0,0.0,0.0,0.0,0.0,0.0,0.0,0.0,0.0,0.0,0.0,0.0,6.851184927493743,6.851184927493743,3.8918202981106265,0.0
908285,795000.0,2126,7.661997558901893,4.519876,2126,7.661997558901893,0,0.0,743,6.612041034833092,0.0,3035,8.01829613851552,1.4275634995296331,0,14,2.70805020110221,0.196,14.0,2.70805020110221,3,3,1,3.5,1.1666666666666667,354.3333333333333,3.0,0,0,1,1,0,0,0,0,0,0,0,0,0,0,1,0,0,0,0,0,0,0,0,1,0,0,0,0.0,0.0,0.0,0.0,0.0,7.661997558901893,0.0,0.0,0.0,0.0,0.0,0.0,0.0,0.0,0.0,8.01829613851552
908800,215000.0,1063,6.968850378341948,1.129969,1063,6.968850378341948,0,0.0,0,0.0,0.0,0,0.0,0.0,0,46,3.8501476017100584,2.116,46.0,3.8501476017100584,2,1,0,1.0,0.5,354.3333333333333,1.0,1,0,0,0,0,0,0,0,0,0,0,0,1,0,0,0,0,0,0,0,0,0,0,0,1,0,0,0.0,0.0,0.0,6.968850378341948,0.0,0.0,0.0,0.0,0.0,0.0,0.0,0.0,0.0,6.968850378341948,3.8501476017100584,0.0
908960,548551.0,1979,7.590346945602565,3.916441,2901,7.972810784121404,922,6.827629234502852,971,6.879355804460439,0.9495365602471678,2340,7.75833346749091,1.1824153612935826,0,1,0.6931471805599453,0.001,1.0,0.6931471805599453,2,3,1,3.5,1.75,395.8,2.0,0,0,1,1,1,0,1,0,0,0,1,0,0,0,0,0,0,0,0,0,0,0,0,0,1,0,0,0.0,7.590346945602565,0.0,0.0,0.0,0.0,0.0,0.0,0.0,0.0,0.0,0.0,0.0,0.0,0.0,7.75833346749091
909140,1010000.0,2592,7.860185057472165,6.718464,2592,7.860185057472165,0,0.0,0,0.0,0.0,8612,9.061027968789174,3.322530864197531,0,6,1.9459101490553132,0.036,6.0,1.9459101490553132,4,3,0,3.0,0.75,370.2857142857143,2.0,0,1,1,0,0,0,0,0,0,0,0,0,0,0,0,0,0,0,0,1,0,0,1,0,0,0,0,0.0,0.0,0.0,0.0,0.0,0.0,0.0,0.0,0.0,0.0,7.860185057472165,0.0,0.0,0.0,0.0,9.061027968789174
909204,545000.0,1551,7.346655163176539,2.405601,1551,7.346655163176539,0,0.0,0,0.0,0.0,0,0.0,0.0,0,18,2.9444389791664403,0.324,18.0,2.9444389791664403,2,2,0,2.0,1.0,387.75,1.0,1,0,0,0,0,0,0,0,0,0,0,0,0,1,0,0,0,0,0,0,0,0,0,0,1,0,0,0.0,0.0,0.0,0.0,7.346655163176539,0.0,0.0,0.0,0.0,0.0,0.0,0.0,0.0,7.346655163176539,2.9444389791664403,0.0
909699,386900.0,2331,7.754052639035757,5.433561,2331,7.754052639035757,0,0.0,1261,7.140453043101158,0.0,5406,8.595449689382004,2.3191763191763193,0,19,2.995732273553991,0.361,19.0,2.995732273553991,3,2,1,2.5,0.8333333333333334,466.2,2.0,0,0,1,1,0,0,0,0,0,0,0,0,0,0,0,0,0,0,0,0,0,0,1,0,0,0,0,0.0,0.0,0.0,0.0,0.0,0.0,0.0,0.0,0.0,0.0,0.0,0.0,0.0,0.0,0.0,8.595449689382004
911533,1127962.0,2618,7.870165946469845,6.853924,2618,7.870165946469845,0,0.0,1228,7.113956109566034,0.0,4400,8.38958706681109,1.680672268907563,0,0,0.0,0.0,0.0,0.0,3,3,1,3.5,1.1666666666666667,436.3333333333333,2.0,0,0,1,1,0,0,1,0,0,0,1,0,0,0,0,0,0,0,0,0,0,0,1,0,0,0,0,0.0,7.870165946469845,0.0,0.0,0.0,0.0,0.0,0.0,0.0,0.0,0.0,0.0,0.0,0.0,0.0,8.38958706681109
912887,610000.0,2224,7.707062655370473,4.946176,2534,7.837554360881084,310,5.739792912179234,971,6.879355804460439,0.3192584963954686,8250,9.018089684104343,3.7095323741007196,0,46,3.8501476017100584,2.116,14.0,2.70805020110221,4,2,1,2.5,0.625,370.6666666666667,2.0,0,1,1,1,1,0,0,0,0,0,0,0,0,1,0,0,0,0,0,0,0,0,1,0,0,0,0,0.0,0.0,0.0,0.0,7.707062655370473,0.0,0.0,0.0,0.0,0.0,0.0,0.0,0.0,0.0,0.0,9.018089684104343
912928,440000.0,1641,7.403061091090091,2.692881,2316,7.7475968386928855,675,6.516193076042964,1193,7.085064293952548,0.5658005029337804,9300,9.137877200242468,5.6672760511883,0,56,4.04305126783455,3.136,56.0,4.04305126783455,3,2,0,2.0,0.6666666666666666,328.2,1.0,0,0,1,1,1,0,0,0,0,0,0,0,0,1,0,0,0,0,0,0,0,0,0,0,0,0,0,0.0,0.0,0.0,0.0,7.403061091090091,0.0,0.0,0.0,0.0,0.0,0.0,0.0,0.0,0.0,0.0,9.137877200242468
912965,445000.0,1054,6.960347729101308,1.110916,1054,6.960347729101308,0,0.0,0,0.0,0.0,1320,7.186144304522325,1.252371916508539,0,3,1.3862943611198906,0.009,3.0,1.3862943611198906,1,1,0,1.0,1.0,527.0,2.0,0,0,1,0,0,0,0,0,0,0,0,0,0,0,1,0,0,0,0,0,0,0,0,1,0,0,0,0.0,0.0,0.0,0.0,0.0,6.960347729101308,0.0,0.0,0.0,0.0,0.0,0.0,0.0,0.0,0.0,7.186144304522325
913123,287500.0,713,6.569481420414296,0.508369,713,6.569481420414296,0,0.0,0,0.0,0.0,0,0.0,0.0,0,61,4.127134385045092,3.721,0.0,0.0,1,1,0,1.0,1.0,356.5,1.0,1,1,0,0,0,0,0,0,0,1,0,0,0,0,0,0,0,0,0,0,0,0,0,0,1,0,0,6.569481420414296,0.0,0.0,0.0,0.0,0.0,0.0,0.0,0.0,0.0,0.0,0.0,0.0,6.569481420414296,4.127134385045092,0.0
913786,458425.0,1276,7.151485463904735,1.628176,2209,7.700295203420117,933,6.839476438228843,1276,7.152268856032539,0.7311912225705329,3990,8.291797105048733,3.126959247648903,0,1,0.6931471805599453,0.001,1.0,0.6931471805599453,2,3,0,3.0,1.5,255.2,1.0,0,0,1,1,1,0,1,0,0,0,1,0,0,0,0,0,0,0,0,0,0,0,0,1,0,0,0,0.0,7.151485463904735,0.0,0.0,0.0,0.0,0.0,0.0,0.0,0.0,0.0,0.0,0.0,0.0,0.0,8.291797105048733
914634,585810.0,2390,7.779048644925556,5.7121,2390,7.779048644925556,0,0.0,0,0.0,0.0,4076,8.313116702819253,1.705439330543933,0,0,0.0,0.0,0.0,0.0,3,3,1,3.5,1.1666666666666667,398.3333333333333,3.0,0,0,1,0,0,0,1,0,0,0,1,0,0,0,0,0,0,0,0,0,0,0,0,1,0,0,0,0.0,7.779048644925556,0.0,0.0,0.0,0.0,0.0,0.0,0.0,0.0,0.0,0.0,0.0,0.0,0.0,8.313116702819253
914866,614920.0,1468,7.291656209174461,2.155024,1468,7.291656209174461,0,0.0,352,5.8664680569332965,0.0,2610,7.8674885686991285,1.7779291553133516,0,118,4.77912349311153,13.924,19.0,2.995732273553991,2,2,0,2.0,1.0,367.0,1.5,0,1,1,1,0,0,0,1,0,0,0,0,0,0,1,0,0,0,0,0,0,0,0,0,0,0,1,0.0,0.0,0.0,0.0,0.0,7.291656209174461,0.0,0.0,0.0,0.0,0.0,0.0,0.0,0.0,0.0,7.8674885686991285
915131,380000.0,2578,7.8547691834991324,6.646084,2578,7.8547691834991324,0,0.0,0,0.0,0.0,0,0.0,0.0,0,40,3.713572066704308,1.6,4.0,1.6094379124341003,2,2,1,2.5,1.25,644.5,2.0,1,1,0,0,0,0,0,0,0,0,0,0,1,0,0,0,0,0,0,0,0,0,0,1,0,0,0,0.0,0.0,0.0,7.8547691834991324,0.0,0.0,0.0,0.0,0.0,0.0,0.0,0.0,0.0,7.8547691834991324,3.713572066704308,0.0
915678,995000.0,1133,7.0326242610280065,1.283689,1133,7.0326242610280065,0,0.0,0,0.0,0.0,0,0.0,0.0,0,2,1.0986122886681098,0.004,2.0,1.0986122886681098,2,2,0,2.0,1.0,283.25,1.0,1,0,0,0,0,0,0,0,0,0,0,0,0,0,0,0,0,0,0,0,1,0,0,1,0,0,0,0.0,0.0,0.0,0.0,0.0,0.0,0.0,0.0,0.0,0.0,0.0,7.0326242610280065,0.0,7.0326242610280065,1.0986122886681098,0.0
916040,322400.0,1643,7.404279118037268,2.699449,1643,7.404279118037268,0,0.0,0,0.0,0.0,1975,7.588829878307813,1.202069385270846,0,1,0.6931471805599453,0.001,1.0,0.6931471805599453,3,2,1,2.5,0.8333333333333334,328.6,2.0,0,0,1,0,0,0,1,0,0,0,0,0,0,0,0,0,0,0,0,0,0,0,0,1,0,0,0,0.0,0.0,0.0,0.0,0.0,0.0,0.0,0.0,0.0,0.0,0.0,0.0,0.0,0.0,0.0,7.588829878307813
916224,575000.0,1710,7.444248649496705,2.9241,2117,7.6577552711348655,407,6.0112671744041615,905,6.80903930604298,0.44972375690607735,2978,7.999342952713282,1.7415204678362572,0,3,1.3862943611198906,0.009,3.0,1.3862943611198906,3,4,0,4.0,1.3333333333333333,244.28571428571428,2.0,0,0,1,1,1,0,0,0,0,0,0,0,0,0,0,0,0,1,0,0,0,0,0,1,0,0,0,0.0,0.0,0.0,0.0,0.0,0.0,0.0,0.0,7.444248649496705,0.0,0.0,0.0,0.0,0.0,0.0,7.999342952713282
917287,262000.0,821,6.710523109452428,0.674041,821,6.710523109452428,0,0.0,0,0.0,0.0,0,0.0,0.0,0,35,3.58351893845611,1.225,13.0,2.6390573296152584,1,1,0,1.0,1.0,410.5,1.0,1,1,0,0,0,0,0,0,0,0,0,1,0,0,0,0,0,0,0,0,0,0,0,0,1,0,0,0.0,0.0,6.710523109452428,0.0,0.0,0.0,0.0,0.0,0.0,0.0,0.0,0.0,0.0,6.710523109452428,3.58351893845611,0.0
919156,652421.0,1962,7.581719640125308,3.849444,2849,7.954723334497908,887,6.78897174299217,948,6.855408798609928,0.9356540084388185,3150,8.055475141757274,1.6055045871559632,0,0,0.0,0.0,0.0,0.0,4,4,0,4.0,1.0,245.25,2.0,0,0,1,1,1,0,1,0,0,0,1,0,0,0,0,0,0,0,0,0,0,0,1,0,0,0,0,0.0,7.581719640125308,0.0,0.0,0.0,0.0,0.0,0.0,0.0,0.0,0.0,0.0,0.0,0.0,0.0,8.055475141757274
919503,365000.0,1058,6.964135612418245,1.119364,1478,7.298445101508147,420,6.042632833682381,470,6.154858094016418,0.8936170212765957,9710,9.181014542594355,9.177693761814744,82,38,3.6635616461296463,1.444,0.0,0.0,3,2,0,2.0,0.6666666666666666,211.6,1.0,0,1,1,1,1,1,0,0,0,0,0,0,0,0,0,1,0,0,0,0,0,0,0,0,0,1,0,0.0,0.0,0.0,0.0,0.0,0.0,6.964135612418245,0.0,0.0,0.0,0.0,0.0,0.0,0.0,0.0,9.181014542594355
919553,565000.0,2024,7.6128310304073565,4.096576,2725,7.9102237070973445,701,6.553933404025811,781,6.661854740545311,0.8975672215108835,4014,8.297792626380861,1.983201581027668,0,3,1.3862943611198906,0.009,3.0,1.3862943611198906,4,3,1,3.5,0.875,289.14285714285717,2.0,0,0,1,1,1,0,0,0,0,0,1,0,0,0,0,0,0,0,0,0,0,0,0,1,0,0,0,0.0,7.6128310304073565,0.0,0.0,0.0,0.0,0.0,0.0,0.0,0.0,0.0,0.0,0.0,0.0,0.0,8.297792626380861
920047,1050000.0,3040,8.019612794400267,9.2416,4543,8.421342865759403,1503,7.315883504509785,1582,7.367077059881012,0.950063211125158,5600,8.630700432209832,1.8421052631578947,0,7,2.0794415416798357,0.049,1.0,0.6931471805599453,4,4,0,4.0,1.0,380.0,2.0,0,1,1,1,1,0,0,0,0,0,1,0,0,0,0,0,0,0,0,0,0,0,1,0,0,0,0,0.0,8.019612794400267,0.0,0.0,0.0,0.0,0.0,0.0,0.0,0.0,0.0,0.0,0.0,0.0,0.0,8.630700432209832
920520,475000.0,1516,7.323830566202317,2.298256,1516,7.323830566202317,0,0.0,0,0.0,0.0,2210,7.701200180857446,1.45778364116095,0,1,0.6931471805599453,0.001,1.0,0.6931471805599453,2,2,1,2.5,1.25,379.0,3.0,0,0,1,0,0,0,1,0,0,0,0,0,0,0,0,0,0,0,0,1,0,0,0,1,0,0,0,0.0,0.0,0.0,0.0,0.0,0.0,0.0,0.0,0.0,0.0,7.323830566202317,0.0,0.0,0.0,0.0,7.701200180857446
920672,725000.0,1119,7.020190708311925,1.252161,1119,7.020190708311925,0,0.0,0,0.0,0.0,0,0.0,0.0,0,2,1.0986122886681098,0.004,2.0,1.0986122886681098,2,2,0,2.0,1.0,279.75,1.0,1,0,0,0,0,0,0,0,0,0,0,0,0,0,0,0,0,0,0,0,1,0,0,0,1,0,0,0.0,0.0,0.0,0.0,0.0,0.0,0.0,0.0,0.0,0.0,0.0,7.020190708311925,0.0,7.020190708311925,1.0986122886681098,0.0
921155,345000.0,1039,6.946013991099227,1.079521,1870,7.533693709848633,831,6.723832440821209,1039,6.946975992135418,0.7998075072184793,6300,8.748463629942055,6.063522617901829,0,49,3.912023005428146,2.401,0.0,0.0,3,3,0,3.0,1.0,173.16666666666666,1.0,0,1,1,1,1,0,0,0,0,0,0,0,0,0,0,0,1,0,0,0,0,0,0,0,0,0,0,0.0,0.0,0.0,0.0,0.0,0.0,0.0,6.946013991099227,0.0,0.0,0.0,0.0,0.0,0.0,0.0,8.748463629942055
922310,645000.0,1577,7.3632795869630385,2.486929,1577,7.3632795869630385,0,0.0,0,0.0,0.0,0,0.0,0.0,0,13,2.6390573296152584,0.169,13.0,2.6390573296152584,2,2,1,2.5,1.25,394.25,3.0,1,0,0,0,0,0,0,0,0,0,0,1,0,0,0,0,0,0,0,0,0,0,0,0,1,0,0,0.0,0.0,7.3632795869630385,0.0,0.0,0.0,0.0,0.0,0.0,0.0,0.0,0.0,0.0,7.3632795869630385,2.6390573296152584,0.0
922361,220000.0,1499,7.312553498102598,2.247001,2267,7.726212650507529,768,6.645090969505644,1092,6.996681488176539,0.7032967032967034,7300,8.895766604056085,4.869913275517011,0,46,3.8501476017100584,2.116,46.0,3.8501476017100584,3,3,0,3.0,1.0,249.83333333333334,1.0,0,0,1,1,1,0,0,0,0,0,0,0,0,0,0,0,1,0,0,0,0,0,0,0,0,0,0,0.0,0.0,0.0,0.0,0.0,0.0,0.0,7.312553498102598,0.0,0.0,0.0,0.0,0.0,0.0,0.0,8.895766604056085
923113,479000.0,712,6.568077911411976,0.506944,712,6.568077911411976,0,0.0,0,0.0,0.0,0,0.0,0.0,0,1,0.6931471805599453,0.001,1.0,0.6931471805599453,1,1,0,1.0,1.0,356.0,1.0,1,0,0,0,0,0,1,0,0,0,0,0,0,0,1,0,0,0,0,0,0,0,0,0,1,0,0,0.0,0.0,0.0,0.0,0.0,6.568077911411976,0.0,0.0,0.0,0.0,0.0,0.0,0.0,6.568077911411976,0.6931471805599453,0.0
923823,785000.0,1956,7.578656850594762,3.825936,1956,7.578656850594762,0,0.0,841,6.7357800142423265,0.0,4460,8.403128235128264,2.280163599182004,0,108,4.6913478822291435,11.664,0.0,0.0,3,2,0,2.0,0.6666666666666666,391.2,2.0,0,1,1,1,0,0,0,1,0,0,0,0,0,0,0,0,0,0,1,0,0,0,1,0,0,0,0,0.0,0.0,0.0,0.0,0.0,0.0,0.0,0.0,0.0,7.578656850594762,0.0,0.0,0.0,0.0,0.0,8.403128235128264
924641,758500.0,2630,7.874739125171811,6.9169,4190,8.340456012916183,1560,7.353081920515432,2608,7.866722285136729,0.598159509202454,8989,9.103868127465667,3.41787072243346,0,21,3.091042453358316,0.441,21.0,3.091042453358316,2,3,1,3.5,1.75,526.0,1.0,0,0,1,1,1,0,0,0,0,0,0,0,0,0,0,1,0,0,0,0,0,0,0,0,0,0,0,0.0,0.0,0.0,0.0,0.0,0.0,7.874739125171811,0.0,0.0,0.0,0.0,0.0,0.0,0.0,0.0,9.103868127465667
924663,380651.0,1173,7.067319848653476,1.375929,1173,7.067319848653476,0,0.0,0,0.0,0.0,975,6.883462586413092,0.8312020460358056,0,1,0.6931471805599453,0.001,1.0,0.6931471805599453,2,1,1,1.5,0.75,391.0,3.0,0,0,1,0,0,0,1,0,0,0,1,0,0,0,0,0,0,0,0,0,0,0,0,0,1,0,0,0.0,7.067319848653476,0.0,0.0,0.0,0.0,0.0,0.0,0.0,0.0,0.0,0.0,0.0,0.0,0.0,6.883462586413092
925368,557000.0,1554,7.348587530927593,2.414916,1554,7.348587530927593,0,0.0,0,0.0,0.0,1446,7.277247726631484,0.9305019305019305,0,4,1.6094379124341003,0.016,4.0,1.6094379124341003,3,2,1,2.5,0.8333333333333334,310.8,3.0,0,0,1,0,0,0,0,0,0,0,0,0,0,0,0,0,0,0,0,1,0,0,0,1,0,0,0,0.0,0.0,0.0,0.0,0.0,0.0,0.0,0.0,0.0,0.0,7.348587530927593,0.0,0.0,0.0,0.0,7.277247726631484
925435,350000.0,483,6.180016653652572,0.233289,483,6.180016653652572,0,0.0,0,0.0,0.0,0,0.0,0.0,0,2,1.0986122886681098,0.004,2.0,1.0986122886681098,0,1,0,1.0,1.0,483.0,1.0,1,0,0,0,0,0,0,0,1,0,0,0,0,0,0,0,0,0,0,0,1,0,0,0,1,0,0,0.0,0.0,0.0,0.0,0.0,0.0,0.0,0.0,0.0,0.0,0.0,6.180016653652572,0.0,6.180016653652572,1.0986122886681098,0.0
925903,520000.0,1236,7.119635638017636,1.527696,2023,7.612336837167746,787,6.669498089857879,1007,6.915723448631314,0.7815292949354519,5950,8.691314551644853,4.813915857605178,0,70,4.2626798770413155,4.9,7.0,2.0794415416798357,2,2,0,2.0,1.0,309.0,1.0,0,1,1,1,1,0,0,0,0,0,0,0,0,0,0,0,0,0,1,0,0,0,0,0,0,0,0,0.0,0.0,0.0,0.0,0.0,0.0,0.0,0.0,0.0,7.119635638017636,0.0,0.0,0.0,0.0,0.0,8.691314551644853
926226,318000.0,933,6.838405200847344,0.870489,933,6.838405200847344,0,0.0,0,0.0,0.0,4830,8.482808764554406,5.176848874598071,822,29,3.4011973816621555,0.841,29.0,3.4011973816621555,3,2,0,2.0,0.6666666666666666,186.6,1.0,0,0,1,0,0,1,0,0,0,0,0,0,0,0,0,0,0,0,0,0,0,0,0,0,0,1,0,0.0,0.0,0.0,0.0,0.0,0.0,0.0,0.0,0.0,0.0,0.0,0.0,0.0,0.0,0.0,8.482808764554406
926523,845000.0,1881,7.53955882930103,3.538161,2579,7.8551570058813445,698,6.54965074223381,739,6.606650186198215,0.9445196211096076,2460,7.8083230503910555,1.3078149920255184,0,1,0.6931471805599453,0.001,1.0,0.6931471805599453,2,3,2,4.0,2.0,376.2,2.5,0,0,1,1,1,0,1,0,0,0,0,1,0,0,0,0,0,0,0,0,0,0,0,1,0,0,0,0.0,0.0,7.53955882930103,0.0,0.0,0.0,0.0,0.0,0.0,0.0,0.0,0.0,0.0,0.0,0.0,7.8083230503910555
926661,286000.0,1050,6.956545443151569,1.1025,1050,6.956545443151569,0,0.0,0,0.0,0.0,0,0.0,0.0,0,18,2.9444389791664403,0.324,18.0,2.9444389791664403,2,2,0,2.0,1.0,262.5,1.0,1,0,0,0,0,0,0,0,0,0,0,0,0,0,0,1,0,0,0,0,0,0,0,1,0,0,0,0.0,0.0,0.0,0.0,0.0,0.0,6.956545443151569,0.0,0.0,0.0,0.0,0.0,0.0,6.956545443151569,2.9444389791664403,0.0
927327,305000.0,987,6.894670039433482,0.974169,1974,7.587817219993427,987,6.895682697747868,987,6.895682697747868,1.0,7150,8.875007486048396,7.244174265450861,0,49,3.912023005428146,2.401,49.0,3.912023005428146,3,2,0,2.0,0.6666666666666666,197.4,1.0,0,0,1,1,1,0,0,0,0,0,0,0,0,0,0,0,1,0,0,0,0,0,0,0,0,0,0,0.0,0.0,0.0,0.0,0.0,0.0,0.0,6.894670039433482,0.0,0.0,0.0,0.0,0.0,0.0,0.0,8.875007486048396
928331,460000.0,2010,7.605890001053122,4.0401,2010,7.605890001053122,0,0.0,828,6.720220155135295,0.0,8371,9.03264808356589,4.164676616915423,0,3,1.3862943611198906,0.009,3.0,1.3862943611198906,3,2,1,2.5,0.8333333333333334,402.0,2.0,0,0,1,1,0,0,0,0,0,0,0,0,0,0,0,0,0,0,0,0,0,0,1,0,0,0,0,0.0,0.0,0.0,0.0,0.0,0.0,0.0,0.0,0.0,0.0,0.0,0.0,0.0,0.0,0.0,9.03264808356589
928534,194000.0,1200,7.090076835776092,1.44,1200,7.090076835776092,0,0.0,0,0.0,0.0,0,0.0,0.0,0,53,3.9889840465642745,2.809,26.0,3.295836866004329,2,2,0,2.0,1.0,300.0,1.0,1,1,0,0,0,0,0,0,0,0,0,0,0,0,0,0,0,0,0,0,0,1,0,0,1,0,0,0.0,0.0,0.0,0.0,0.0,0.0,0.0,0.0,0.0,0.0,0.0,0.0,7.090076835776092,7.090076835776092,3.9889840465642745,0.0
928679,285936.0,676,6.516193076042964,0.456976,676,6.516193076042964,0,0.0,0,0.0,0.0,0,0.0,0.0,0,2,1.0986122886681098,0.004,2.0,1.0986122886681098,2,1,0,1.0,0.5,225.33333333333334,1.0,1,0,0,0,0,0,0,0,0,0,0,0,0,0,0,0,0,0,0,0,1,0,0,0,1,0,0,0.0,0.0,0.0,0.0,0.0,0.0,0.0,0.0,0.0,0.0,0.0,6.516193076042964,0.0,6.516193076042964,1.0986122886681098,0.0
929613,315280.0,1642,7.403670290012373,2.696164,1642,7.403670290012373,0,0.0,646,6.472346294500901,0.0,1299,7.170119543449628,0.7911084043848965,0,1,0.6931471805599453,0.001,1.0,0.6931471805599453,3,2,1,2.5,0.8333333333333334,328.4,2.0,0,0,1,1,0,0,1,0,0,0,0,0,0,0,0,0,0,0,0,0,0,0,0,0,1,0,0,0.0,0.0,0.0,0.0,0.0,0.0,0.0,0.0,0.0,0.0,0.0,0.0,0.0,0.0,0.0,7.170119543449628
929675,595000.0,1554,7.348587530927593,2.414916,2268,7.7266536648476425,714,6.5722825426940075,752,6.6240652277998935,0.949468085106383,1305,7.174724309836376,0.8397683397683398,0,126,4.844187086458591,15.876,4.0,1.6094379124341003,3,3,0,3.0,1.0,259.0,2.0,0,1,1,1,1,0,0,1,0,0,0,1,0,0,0,0,0,0,0,0,0,0,0,0,1,0,0,0.0,0.0,7.348587530927593,0.0,0.0,0.0,0.0,0.0,0.0,0.0,0.0,0.0,0.0,0.0,0.0,7.174724309836376
929976,218000.0,641,6.46302945692067,0.410881,641,6.46302945692067,0,0.0,0,0.0,0.0,0,0.0,0.0,0,107,4.68213122712422,11.449,18.0,2.9444389791664403,1,1,0,1.0,1.0,320.5,1.0,1,1,0,0,0,0,0,1,0,1,0,0,0,0,0,0,0,0,0,0,0,0,0,1,0,0,0,6.46302945692067,0.0,0.0,0.0,0.0,0.0,0.0,0.0,0.0,0.0,0.0,0.0,0.0,6.46302945692067,4.68213122712422,0.0
930220,170000.0,1200,7.090076835776092,1.44,1200,7.090076835776092,0,0.0,0,0.0,0.0,0,0.0,0.0,0,55,4.02535169073515,3.025,0.0,0.0,2,2,0,2.0,1.0,300.0,1.0,1,1,0,0,0,0,0,0,0,0,0,0,0,0,0,0,0,0,0,0,0,1,0,0,1,0,0,0.0,0.0,0.0,0.0,0.0,0.0,0.0,0.0,0.0,0.0,0.0,0.0,7.090076835776092,7.090076835776092,4.02535169073515,0.0
930445,675000.0,1782,7.485491608030754,3.175524,1782,7.485491608030754,0,0.0,0,0.0,0.0,0,0.0,0.0,0,40,3.713572066704308,1.6,7.0,2.0794415416798357,2,2,0,2.0,1.0,445.5,1.0,1,1,0,0,0,0,0,0,0,0,0,0,0,0,0,0,0,0,0,0,1,0,0,1,0,0,0,0.0,0.0,0.0,0.0,0.0,0.0,0.0,0.0,0.0,0.0,0.0,7.485491608030754,0.0,7.485491608030754,3.713572066704308,0.0
930634,143000.0,855,6.75110146893676,0.731025,855,6.75110146893676,0,0.0,0,0.0,0.0,0,0.0,0.0,0,50,3.9318256327243257,2.5,6.0,1.9459101490553132,1,1,0,1.0,1.0,427.5,1.0,1,1,0,0,0,0,0,0,0,0,0,0,0,0,0,0,0,0,0,0,0,1,0,0,1,0,0,0.0,0.0,0.0,0.0,0.0,0.0,0.0,0.0,0.0,0.0,0.0,0.0,6.75110146893676,6.75110146893676,3.9318256327243257,0.0
931361,675000.0,1678,7.425357887027151,2.815684,1678,7.425357887027151,0,0.0,0,0.0,0.0,3360,8.119993827725105,2.0023837902264603,0,14,2.70805020110221,0.196,14.0,2.70805020110221,2,2,1,2.5,1.25,419.5,2.0,0,0,1,0,0,0,0,0,0,0,0,0,0,0,1,0,0,0,0,0,0,0,0,1,0,0,0,0.0,0.0,0.0,0.0,0.0,7.425357887027151,0.0,0.0,0.0,0.0,0.0,0.0,0.0,0.0,0.0,8.119993827725105
932077,533000.0,1347,7.205635176410364,1.814409,1347,7.205635176410364,0,0.0,0,0.0,0.0,975,6.883462586413092,0.7238307349665924,0,2,1.0986122886681098,0.004,2.0,1.0986122886681098,2,2,2,3.0,1.5,336.75,3.0,0,0,1,0,0,0,0,0,0,0,0,0,0,0,1,0,0,0,0,0,0,0,0,0,1,0,0,0.0,0.0,0.0,0.0,0.0,7.205635176410364,0.0,0.0,0.0,0.0,0.0,0.0,0.0,0.0,0.0,6.883462586413092
932873,105500.0,2044,7.622663951323595,4.177936,2044,7.622663951323595,0,0.0,520,6.255750041753367,0.0,8684,9.069352678675205,4.24853228962818,0,23,3.1780538303479458,0.529,23.0,3.1780538303479458,3,2,1,2.5,0.8333333333333334,408.8,2.0,0,0,1,1,0,0,0,0,0,0,0,0,0,0,0,0,0,0,0,0,0,0,1,0,0,0,0,0.0,0.0,0.0,0.0,0.0,0.0,0.0,0.0,0.0,0.0,0.0,0.0,0.0,0.0,0.0,9.069352678675205
933037,528823.0,1601,7.3783837129967145,2.563201,2234,7.711548979629146,633,6.452048954437226,993,6.901737206656574,0.6374622356495468,3600,8.188966863648876,2.2485946283572766,0,0,0.0,0.0,0.0,0.0,2,3,0,3.0,1.5,320.2,1.0,0,0,1,1,1,0,1,0,0,0,1,0,0,0,0,0,0,0,0,0,0,0,0,1,0,0,0,0.0,7.3783837129967145,0.0,0.0,0.0,0.0,0.0,0.0,0.0,0.0,0.0,0.0,0.0,0.0,0.0,8.188966863648876
933122,565805.0,1948,7.5745584842024805,3.794704,2654,7.8838232148921525,706,6.561030665896573,870,6.769641976852503,0.8114942528735632,3025,8.014996894348302,1.5528747433264887,0,0,0.0,0.0,0.0,0.0,3,3,1,3.5,1.1666666666666667,324.6666666666667,2.0,0,0,1,1,1,0,1,0,0,0,1,0,0,0,0,0,0,0,0,0,0,0,1,0,0,0,0,0.0,7.5745584842024805,0.0,0.0,0.0,0.0,0.0,0.0,0.0,0.0,0.0,0.0,0.0,0.0,0.0,8.014996894348302
934645,130000.0,692,6.539585955617669,0.478864,692,6.539585955617669,0,0.0,0,0.0,0.0,0,0.0,0.0,0,41,3.7376696182833684,1.681,41.0,3.7376696182833684,1,1,0,1.0,1.0,346.0,1.0,1,0,0,0,0,0,0,0,0,0,0,0,0,1,0,0,0,0,0,0,0,0,0,1,0,0,0,0.0,0.0,0.0,0.0,6.539585955617669,0.0,0.0,0.0,0.0,0.0,0.0,0.0,0.0,6.539585955617669,3.7376696182833684,0.0
934733,135000.0,973,6.880384082186005,0.946729,973,6.880384082186005,0,0.0,0,0.0,0.0,0,0.0,0.0,0,47,3.871201010907891,2.209,47.0,3.871201010907891,2,1,0,1.0,0.5,324.3333333333333,2.0,1,0,0,0,0,0,0,0,0,0,0,0,1,0,0,0,0,0,0,0,0,0,0,1,0,0,0,0.0,0.0,0.0,6.880384082186005,0.0,0.0,0.0,0.0,0.0,0.0,0.0,0.0,0.0,6.880384082186005,3.871201010907891,0.0
934766,118000.0,597,6.391917113392602,0.356409,597,6.391917113392602,0,0.0,0,0.0,0.0,0,0.0,0.0,0,47,3.871201010907891,2.209,0.0,0.0,1,1,0,1.0,1.0,298.5,1.0,1,1,0,0,0,0,0,0,0,0,0,0,0,0,0,0,0,1,0,0,0,0,0,1,0,0,0,0.0,0.0,0.0,0.0,0.0,0.0,0.0,0.0,6.391917113392602,0.0,0.0,0.0,0.0,6.391917113392602,3.871201010907891,0.0
934917,277500.0,659,6.490723534502507,0.434281,659,6.490723534502507,0,0.0,0,0.0,0.0,0,0.0,0.0,0,65,4.189654742026425,4.225,0.0,0.0,1,1,0,1.0,1.0,329.5,1.0,1,1,0,0,0,0,0,0,0,1,0,0,0,0,0,0,0,0,0,0,0,0,0,0,1,0,0,6.490723534502507,0.0,0.0,0.0,0.0,0.0,0.0,0.0,0.0,0.0,0.0,0.0,0.0,6.490723534502507,4.189654742026425,0.0
935128,910000.0,3010,8.009695357742922,9.0601,3010,8.009695357742922,0,0.0,1544,7.3427791893318455,0.0,6238,8.738575192110787,2.0724252491694353,0,14,2.70805020110221,0.196,14.0,2.70805020110221,5,3,0,3.0,0.6,376.25,2.0,0,1,1,1,0,0,0,0,0,0,1,0,0,0,0,0,0,0,0,0,0,0,1,0,0,0,0,0.0,8.009695357742922,0.0,0.0,0.0,0.0,0.0,0.0,0.0,0.0,0.0,0.0,0.0,0.0,0.0,8.738575192110787
935303,520000.0,2018,7.609862200913554,4.072324,2018,7.609862200913554,0,0.0,1018,6.926577033222725,0.0,6627,8.799058378546453,3.28394449950446,0,22,3.1354942159291497,0.484,22.0,3.1354942159291497,3,2,1,2.5,0.8333333333333334,403.6,2.0,0,0,1,1,0,0,0,0,0,0,0,0,0,0,0,1,0,0,0,0,0,0,1,0,0,0,0,0.0,0.0,0.0,0.0,0.0,0.0,7.609862200913554,0.0,0.0,0.0,0.0,0.0,0.0,0.0,0.0,8.799058378546453
935380,345000.0,870,6.76849321164863,0.7569,870,6.76849321164863,0,0.0,0,0.0,0.0,0,0.0,0.0,0,14,2.70805020110221,0.196,14.0,2.70805020110221,1,1,1,1.5,1.5,435.0,2.0,1,0,0,0,0,0,0,0,0,0,0,1,0,0,0,0,0,0,0,0,0,0,0,1,0,0,0,0.0,0.0,6.76849321164863,0.0,0.0,0.0,0.0,0.0,0.0,0.0,0.0,0.0,0.0,6.76849321164863,2.70805020110221,0.0
935536,285936.0,676,6.516193076042964,0.456976,676,6.516193076042964,0,0.0,0,0.0,0.0,0,0.0,0.0,0,2,1.0986122886681098,0.004,2.0,1.0986122886681098,2,1,0,1.0,0.5,225.33333333333334,1.0,1,0,0,0,0,0,0,0,0,0,0,0,0,0,0,0,0,0,0,0,1,0,0,0,1,0,0,0.0,0.0,0.0,0.0,0.0,0.0,0.0,0.0,0.0,0.0,0.0,6.516193076042964,0.0,6.516193076042964,1.0986122886681098,0.0
935652,450000.0,1225,7.110696122978827,1.500625,1225,7.110696122978827,0,0.0,0,0.0,0.0,0,0.0,0.0,0,12,2.5649493574615367,0.144,12.0,2.5649493574615367,2,2,1,2.5,1.25,306.25,2.0,1,0,0,0,0,0,0,0,0,0,0,1,0,0,0,0,0,0,0,0,0,0,0,0,1,0,0,0.0,0.0,7.110696122978827,0.0,0.0,0.0,0.0,0.0,0.0,0.0,0.0,0.0,0.0,7.110696122978827,2.5649493574615367,0.0
936485,269500.0,678,6.519147287940395,0.459684,678,6.519147287940395,0,0.0,0,0.0,0.0,0,0.0,0.0,0,65,4.189654742026425,4.225,3.0,1.3862943611198906,1,1,0,1.0,1.0,339.0,1.0,1,1,0,0,0,0,0,0,0,1,0,0,0,0,0,0,0,0,0,0,0,0,0,0,1,0,0,6.519147287940395,0.0,0.0,0.0,0.0,0.0,0.0,0.0,0.0,0.0,0.0,0.0,0.0,6.519147287940395,4.189654742026425,0.0
936659,455000.0,968,6.875232087276577,0.937024,1286,7.1592919047975645,318,5.765191102784844,335,5.817111159963204,0.9492537313432836,3407,8.133880887949207,3.519628099173554,0,113,4.736198448394496,12.769,7.0,2.0794415416798357,2,1,0,1.0,0.5,322.6666666666667,1.0,0,1,1,1,1,0,0,1,0,0,0,0,0,0,0,0,0,0,0,1,0,0,0,1,0,0,0,0.0,0.0,0.0,0.0,0.0,0.0,0.0,0.0,0.0,0.0,6.875232087276577,0.0,0.0,0.0,0.0,8.133880887949207
937352,720000.0,1679,7.425953657077541,2.819041,2465,7.80994708647679,786,6.668228248417403,827,6.71901315438526,0.9504232164449818,0,0.0,0.0,0,83,4.430816798843313,6.889,19.0,2.995732273553991,3,3,0,3.0,1.0,279.8333333333333,2.0,1,1,0,1,1,0,0,1,0,0,0,0,0,0,0,0,0,1,0,0,0,0,0,1,0,0,0,0.0,0.0,0.0,0.0,0.0,0.0,0.0,0.0,7.425953657077541,0.0,0.0,0.0,0.0,7.425953657077541,4.430816798843313,0.0
937420,330000.0,717,6.57507584059962,0.514089,717,6.57507584059962,0,0.0,0,0.0,0.0,0,0.0,0.0,0,58,4.07753744390572,3.364,13.0,2.6390573296152584,1,1,0,1.0,1.0,358.5,1.0,1,1,0,0,0,0,0,0,0,1,0,0,0,0,0,0,0,0,0,0,0,0,0,0,1,0,0,6.57507584059962,0.0,0.0,0.0,0.0,0.0,0.0,0.0,0.0,0.0,0.0,0.0,0.0,6.57507584059962,4.07753744390572,0.0
938148,340800.0,2010,7.605890001053122,4.0401,2010,7.605890001053122,0,0.0,0,0.0,0.0,4950,8.507344855361422,2.462686567164179,0,1,0.6931471805599453,0.001,1.0,0.6931471805599453,3,2,1,2.5,0.8333333333333334,402.0,2.0,0,0,1,0,0,0,1,0,0,0,0,0,0,0,0,0,0,0,0,0,0,0,1,0,0,0,0,0.0,0.0,0.0,0.0,0.0,0.0,0.0,0.0,0.0,0.0,0.0,0.0,0.0,0.0,0.0,8.507344855361422
938742,632000.0,2368,7.769800996003896,5.607424,3286,8.097426298597213,918,6.823286122355687,1020,6.928537818164665,0.9,3060,8.026496938945412,1.2922297297297298,0,14,2.70805020110221,0.196,14.0,2.70805020110221,3,3,1,3.5,1.1666666666666667,394.6666666666667,2.0,0,0,1,1,1,0,0,0,0,0,1,0,0,0,0,0,0,0,0,0,0,0,0,1,0,0,0,0.0,7.769800996003896,0.0,0.0,0.0,0.0,0.0,0.0,0.0,0.0,0.0,0.0,0.0,0.0,0.0,8.026496938945412
939903,308445.0,1642,7.403670290012373,2.696164,1642,7.403670290012373,0,0.0,646,6.472346294500901,0.0,1258,7.138073034044347,0.7661388550548112,0,1,0.6931471805599453,0.001,1.0,0.6931471805599453,3,2,1,2.5,0.8333333333333334,328.4,2.0,0,0,1,1,0,0,1,0,0,0,0,0,0,0,0,0,0,0,0,0,0,0,0,0,1,0,0,0.0,0.0,0.0,0.0,0.0,0.0,0.0,0.0,0.0,0.0,0.0,0.0,0.0,0.0,0.0,7.138073034044347
939976,547000.0,2284,7.7336835707759,5.216656,3359,8.119398589612294,1075,6.98100574072173,1195,7.086737934510577,0.899581589958159,10700,9.278092474027002,4.684763572679509,0,50,3.9318256327243257,2.5,50.0,3.9318256327243257,4,2,1,2.5,0.625,380.6666666666667,2.0,0,0,1,1,1,0,0,0,0,0,0,0,1,0,0,0,0,0,0,0,0,0,1,0,0,0,0,0.0,0.0,0.0,7.7336835707759,0.0,0.0,0.0,0.0,0.0,0.0,0.0,0.0,0.0,0.0,0.0,9.278092474027002
940022,414213.0,1599,7.377133712833954,2.556801,1599,7.377133712833954,0,0.0,1599,7.3777589082278725,0.0,10742,9.282009658666542,6.717948717948718,0,1,0.6931471805599453,0.001,1.0,0.6931471805599453,2,2,0,2.0,1.0,399.75,1.0,0,0,1,1,0,0,1,0,0,0,0,0,0,0,0,0,0,0,0,0,0,0,0,0,0,0,0,0.0,0.0,0.0,0.0,0.0,0.0,0.0,0.0,0.0,0.0,0.0,0.0,0.0,0.0,0.0,9.282009658666542
940079,360000.0,1229,7.113956109566034,1.510441,1229,7.113956109566034,0,0.0,1229,7.114769448366463,0.0,5475,8.60813018640834,4.4548413344182265,0,9,2.302585092994046,0.081,9.0,2.302585092994046,2,2,0,2.0,1.0,307.25,1.0,0,0,1,1,0,0,0,0,0,0,0,0,0,0,0,0,0,0,0,0,0,0,0,0,0,0,0,0.0,0.0,0.0,0.0,0.0,0.0,0.0,0.0,0.0,0.0,0.0,0.0,0.0,0.0,0.0,8.60813018640834
940109,382000.0,812,6.699500340161678,0.659344,812,6.699500340161678,0,0.0,0,0.0,0.0,0,0.0,0.0,0,14,2.70805020110221,0.196,14.0,2.70805020110221,1,1,1,1.5,1.5,406.0,1.0,1,0,0,0,0,0,0,0,0,0,0,1,0,0,0,0,0,0,0,0,0,0,0,0,1,0,0,0.0,0.0,6.699500340161678,0.0,0.0,0.0,0.0,0.0,0.0,0.0,0.0,0.0,0.0,6.699500340161678,2.70805020110221,0.0
940110,222000.0,600,6.396929655216146,0.36,600,6.396929655216146,0,0.0,0,0.0,0.0,0,0.0,0.0,0,111,4.718498871295094,12.321,21.0,3.091042453358316,1,1,0,1.0,1.0,300.0,1.0,1,1,0,0,0,0,0,1,0,1,0,0,0,0,0,0,0,0,0,0,0,0,0,1,0,0,0,6.396929655216146,0.0,0.0,0.0,0.0,0.0,0.0,0.0,0.0,0.0,0.0,0.0,0.0,6.396929655216146,4.718498871295094,0.0
941407,425000.0,1250,7.1308988302963465,1.5625,2007,7.604396348796338,757,6.630683385642372,787,6.669498089857879,0.9618805590851334,5750,8.657129031713755,4.6,0,97,4.584967478670572,9.409,0.0,0.0,2,3,0,3.0,1.5,250.0,1.0,0,1,1,1,1,0,0,1,0,0,0,0,0,0,0,0,0,1,0,0,0,0,0,0,0,0,0,0.0,0.0,0.0,0.0,0.0,0.0,0.0,0.0,7.1308988302963465,0.0,0.0,0.0,0.0,0.0,0.0,8.657129031713755
941485,483000.0,2073,7.636752112435779,4.297329,2073,7.636752112435779,0,0.0,0,0.0,0.0,2004,7.60339933974067,0.9667149059334298,0,20,3.044522437723423,0.4,20.0,3.044522437723423,2,2,0,2.0,1.0,518.25,2.0,0,0,1,0,0,0,0,0,0,0,0,0,0,0,0,0,0,0,0,0,0,1,0,1,0,0,0,0.0,0.0,0.0,0.0,0.0,0.0,0.0,0.0,0.0,0.0,0.0,0.0,7.636752112435779,0.0,0.0,7.60339933974067
941650,973539.0,3377,8.124743020385568,11.404129,3377,8.124743020385568,0,0.0,953,6.860663671448287,0.0,3600,8.188966863648876,1.0660349422564406,0,0,0.0,0.0,0.0,0.0,4,4,1,4.5,1.125,422.125,2.5,0,0,1,1,0,0,1,0,0,0,1,0,0,0,0,0,0,0,0,0,0,0,0,0,0,0,1,0.0,8.124743020385568,0.0,0.0,0.0,0.0,0.0,0.0,0.0,0.0,0.0,0.0,0.0,0.0,0.0,8.188966863648876
941834,522500.0,2146,7.671360923190644,4.605316,2685,7.895436006942965,539,6.29156913955832,599,6.396929655216146,0.8998330550918197,10000,9.210440366976517,4.659832246039143,338,54,4.007333185232471,2.916,26.0,3.295836866004329,3,2,1,2.5,0.8333333333333334,429.2,1.0,0,1,1,1,1,1,0,0,0,0,0,0,1,0,0,0,0,0,0,0,0,0,0,0,0,1,0,0.0,0.0,0.0,7.671360923190644,0.0,0.0,0.0,0.0,0.0,0.0,0.0,0.0,0.0,0.0,0.0,9.210440366976517
942150,922878.0,2349,7.761744984658913,5.517801,3309,8.104401307921613,960,6.8679744089702925,1253,7.134093721192866,0.7661612130885874,4185,8.339500903005945,1.7816091954022988,0,0,0.0,0.0,0.0,0.0,3,3,1,3.5,1.1666666666666667,391.5,2.0,0,0,1,1,1,0,1,0,0,0,1,0,0,0,0,0,0,0,0,0,0,0,1,0,0,0,0,0.0,7.761744984658913,0.0,0.0,0.0,0.0,0.0,0.0,0.0,0.0,0.0,0.0,0.0,0.0,0.0,8.339500903005945
942397,780000.0,2448,7.803026643632217,5.992704,2865,7.9603236291488395,417,6.035481432524756,567,6.342121418721152,0.7354497354497355,4490,8.409830673087738,1.8341503267973855,0,113,4.736198448394496,12.769,1.0,0.6931471805599453,3,2,2,3.0,1.0,489.6,2.0,0,1,1,1,1,0,0,1,0,0,0,0,0,0,1,0,0,0,0,0,0,0,1,0,0,0,0,0.0,0.0,0.0,0.0,0.0,7.803026643632217,0.0,0.0,0.0,0.0,0.0,0.0,0.0,0.0,0.0,8.409830673087738
943195,305000.0,713,6.569481420414296,0.508369,713,6.569481420414296,0,0.0,0,0.0,0.0,0,0.0,0.0,0,61,4.127134385045092,3.721,0.0,0.0,1,1,0,1.0,1.0,356.5,1.0,1,1,0,0,0,0,0,0,0,1,0,0,0,0,0,0,0,0,0,0,0,0,0,0,1,0,0,6.569481420414296,0.0,0.0,0.0,0.0,0.0,0.0,0.0,0.0,0.0,0.0,0.0,0.0,6.569481420414296,4.127134385045092,0.0
943646,600000.0,2668,7.889084407035514,7.118224,2668,7.889084407035514,0,0.0,536,6.285998094508865,0.0,2254,7.720905251936779,0.8448275862068966,0,0,0.0,0.0,0.0,0.0,4,3,2,4.0,1.0,381.14285714285717,2.5,0,0,1,1,0,0,1,0,0,0,1,0,0,0,0,0,0,0,0,0,0,0,0,0,0,0,1,0.0,7.889084407035514,0.0,0.0,0.0,0.0,0.0,0.0,0.0,0.0,0.0,0.0,0.0,0.0,0.0,7.720905251936779
943765,385000.0,898,6.8001700683022,0.806404,898,6.8001700683022,0,0.0,0,0.0,0.0,8930,9.097283649683886,9.944320712694877,504,37,3.6375861597263857,1.369,6.0,1.9459101490553132,3,2,0,2.0,0.6666666666666666,179.6,1.0,0,1,1,0,0,1,0,0,0,0,0,0,0,0,0,1,0,0,0,0,0,0,0,0,0,1,0,0.0,0.0,0.0,0.0,0.0,0.0,6.8001700683022,0.0,0.0,0.0,0.0,0.0,0.0,0.0,0.0,9.097283649683886
944365,566500.0,1479,7.2991214627108,2.187441,1479,7.2991214627108,0,0.0,0,0.0,0.0,916,6.821107472256465,0.6193373901284652,0,2,1.0986122886681098,0.004,2.0,1.0986122886681098,2,2,1,2.5,1.25,369.75,3.0,0,0,1,0,0,0,0,0,0,0,0,0,0,0,0,0,0,0,0,1,0,0,0,0,1,0,0,0.0,0.0,0.0,0.0,0.0,0.0,0.0,0.0,0.0,0.0,7.2991214627108,0.0,0.0,0.0,0.0,6.821107472256465
944739,475000.0,1075,6.980075940561763,1.155625,1075,6.980075940561763,0,0.0,0,0.0,0.0,6500,8.77971129020447,6.046511627906977,857,52,3.970291913552122,2.704,0.0,0.0,4,2,0,2.0,0.5,179.16666666666666,1.0,0,1,1,0,0,1,0,0,0,0,0,0,1,0,0,0,0,0,0,0,0,0,0,0,0,1,0,0.0,0.0,0.0,6.980075940561763,0.0,0.0,0.0,0.0,0.0,0.0,0.0,0.0,0.0,0.0,0.0,8.77971129020447
944791,712000.0,1705,7.4413203897176174,2.907025,2328,7.752764808851328,623,6.436150368369428,792,6.675823221634848,0.7866161616161617,3040,8.019941687677365,1.782991202346041,0,0,0.0,0.0,0.0,0.0,3,3,1,3.5,1.1666666666666667,284.1666666666667,2.0,0,0,1,1,1,0,1,0,0,0,1,0,0,0,0,0,0,0,0,0,0,0,1,0,0,0,0,0.0,7.4413203897176174,0.0,0.0,0.0,0.0,0.0,0.0,0.0,0.0,0.0,0.0,0.0,0.0,0.0,8.019941687677365
944983,1125000.0,1885,7.541683099882111,3.553225,2645,7.8804263442924,760,6.634633357861686,760,6.634633357861686,1.0,1920,7.560601162768557,1.0185676392572944,0,1,0.6931471805599453,0.001,1.0,0.6931471805599453,2,3,1,3.5,1.75,377.0,3.0,0,0,1,1,1,0,1,0,0,0,0,0,0,0,1,0,0,0,0,0,0,0,0,0,0,0,1,0.0,0.0,0.0,0.0,0.0,7.541683099882111,0.0,0.0,0.0,0.0,0.0,0.0,0.0,0.0,0.0,7.560601162768557
945089,825000.0,2795,7.9355873855892,7.812025,3689,8.213110697596676,894,6.796823718274855,1285,7.1592919047975645,0.6957198443579766,5068,8.53089883847235,1.813237924865832,0,3,1.3862943611198906,0.009,0.0,0.0,3,3,1,3.5,1.1666666666666667,465.8333333333333,2.0,0,1,1,1,1,0,0,0,0,0,1,0,0,0,0,0,0,0,0,0,0,0,1,0,0,0,0,0.0,7.9355873855892,0.0,0.0,0.0,0.0,0.0,0.0,0.0,0.0,0.0,0.0,0.0,0.0,0.0,8.53089883847235
946467,290000.0,1012,6.919683849847411,1.024144,1012,6.919683849847411,0,0.0,0,0.0,0.0,5068,8.53089883847235,5.007905138339921,0,18,2.9444389791664403,0.324,18.0,2.9444389791664403,2,1,0,1.0,0.5,337.3333333333333,1.0,0,1,1,0,0,0,0,0,0,0,0,0,0,0,0,0,0,0,0,0,0,0,0,0,0,0,0,0.0,0.0,0.0,0.0,0.0,0.0,0.0,0.0,0.0,0.0,0.0,0.0,0.0,0.0,0.0,8.53089883847235
947160,355000.0,567,6.340359303727752,0.321489,795,6.678342114654332,228,5.43372200355424,240,5.484796933490655,0.95,1708,7.443663683115591,3.0123456790123457,0,100,4.61512051684126,10.0,14.0,2.70805020110221,1,1,0,1.0,1.0,283.5,1.0,0,1,1,1,1,0,0,1,0,0,0,0,0,0,0,0,0,0,0,1,0,0,0,1,0,0,0,0.0,0.0,0.0,0.0,0.0,0.0,0.0,0.0,0.0,0.0,6.340359303727752,0.0,0.0,0.0,0.0,7.443663683115591
947344,1200000.0,1345,7.20414929203594,1.809025,1345,7.20414929203594,0,0.0,0,0.0,0.0,0,0.0,0.0,0,2,1.0986122886681098,0.004,2.0,1.0986122886681098,2,2,0,2.0,1.0,336.25,1.0,1,0,0,0,0,0,0,0,0,0,0,0,0,0,0,0,0,0,0,0,1,0,0,1,0,0,0,0.0,0.0,0.0,0.0,0.0,0.0,0.0,0.0,0.0,0.0,0.0,7.20414929203594,0.0,7.20414929203594,1.0986122886681098,0.0
947690,225850.0,1232,7.116394144093465,1.517824,1232,7.116394144093465,0,0.0,0,0.0,0.0,1760,7.473637108496206,1.4285714285714286,0,1,0.6931471805599453,0.001,1.0,0.6931471805599453,2,1,1,1.5,0.75,410.6666666666667,2.0,0,0,1,0,0,0,1,0,0,0,1,0,0,0,0,0,0,0,0,0,0,0,0,1,0,0,0,0.0,7.116394144093465,0.0,0.0,0.0,0.0,0.0,0.0,0.0,0.0,0.0,0.0,0.0,0.0,0.0,7.473637108496206
948153,1200000.0,2679,7.893198869544609,7.177041,2679,7.893198869544609,0,0.0,1266,7.144407180321139,0.0,4760,8.46821300919452,1.776782381485629,0,7,2.0794415416798357,0.049,7.0,2.0794415416798357,3,4,1,4.5,1.5,382.7142857142857,2.0,0,1,1,1,0,0,0,0,0,0,0,0,0,0,0,0,0,0,0,1,0,0,1,0,0,0,0,0.0,0.0,0.0,0.0,0.0,0.0,0.0,0.0,0.0,0.0,7.893198869544609,0.0,0.0,0.0,0.0,8.46821300919452
948807,575008.0,3298,8.101071503119543,10.876804,4589,8.431417414394833,1291,7.163946684342547,1632,7.398174092970465,0.7910539215686274,5557,8.62299361030245,1.6849605821710127,0,0,0.0,0.0,0.0,0.0,5,5,0,5.0,1.0,329.8,2.0,0,0,1,1,1,0,1,0,0,0,1,0,0,0,0,0,0,0,0,0,0,0,1,0,0,0,0,0.0,8.101071503119543,0.0,0.0,0.0,0.0,0.0,0.0,0.0,0.0,0.0,0.0,0.0,0.0,0.0,8.62299361030245
948851,322580.0,1642,7.403670290012373,2.696164,1642,7.403670290012373,0,0.0,646,6.472346294500901,0.0,1289,7.162397497355718,0.7850182704019488,0,1,0.6931471805599453,0.001,1.0,0.6931471805599453,3,2,1,2.5,0.8333333333333334,328.4,2.0,0,0,1,1,0,0,1,0,0,0,0,0,0,0,0,0,0,0,0,0,0,0,0,0,1,0,0,0.0,0.0,0.0,0.0,0.0,0.0,0.0,0.0,0.0,0.0,0.0,0.0,0.0,0.0,0.0,7.162397497355718
949212,505000.0,1175,7.069023426578259,1.380625,2291,7.736743682453495,1116,7.018401799069201,1175,7.069874128458572,0.9497872340425532,10625,9.271059107010888,9.042553191489361,0,57,4.060443010546419,3.249,0.0,0.0,3,2,0,2.0,0.6666666666666666,235.0,1.0,0,1,1,1,1,0,0,0,0,0,0,0,1,0,0,0,0,0,0,0,0,0,0,0,0,0,0,0.0,0.0,0.0,7.069023426578259,0.0,0.0,0.0,0.0,0.0,0.0,0.0,0.0,0.0,0.0,0.0,9.271059107010888
949357,383125.0,1682,7.427738840532894,2.829124,1682,7.427738840532894,0,0.0,665,6.501289670540389,0.0,3600,8.188966863648876,2.140309155766944,0,0,0.0,0.0,0.0,0.0,3,2,1,2.5,0.8333333333333334,336.4,2.0,0,0,1,1,0,0,1,0,0,0,0,0,0,0,0,0,0,0,0,0,0,0,1,0,0,0,0,0.0,0.0,0.0,0.0,0.0,0.0,0.0,0.0,0.0,0.0,0.0,0.0,0.0,0.0,0.0,8.188966863648876
949459,488500.0,480,6.173786103901937,0.2304,480,6.173786103901937,0,0.0,0,0.0,0.0,1604,7.380879035564116,3.341666666666667,0,133,4.897839799950911,17.689,7.0,2.0794415416798357,1,1,0,1.0,1.0,240.0,1.0,0,1,1,0,0,0,0,1,0,0,0,0,0,0,1,0,0,0,0,0,0,0,0,1,0,0,0,0.0,0.0,0.0,0.0,0.0,6.173786103901937,0.0,0.0,0.0,0.0,0.0,0.0,0.0,0.0,0.0,7.380879035564116
949608,544847.0,1631,7.396948602621014,2.660161,2300,7.7406644019172415,669,6.507277712385012,808,6.695798917058491,0.8279702970297029,2475,7.814399633804487,1.5174739423666461,0,0,0.0,0.0,0.0,0.0,2,3,1,3.5,1.75,326.2,2.0,0,0,1,1,1,0,1,0,0,0,1,0,0,0,0,0,0,0,0,0,0,0,0,1,0,0,0,0.0,7.396948602621014,0.0,0.0,0.0,0.0,0.0,0.0,0.0,0.0,0.0,0.0,0.0,0.0,0.0,7.814399633804487
949969,558323.0,2501,7.824445930877619,6.255001,3608,8.190908881182514,1107,7.010311867307229,1830,7.5126175446745105,0.6049180327868853,6300,8.748463629942055,2.5189924030387845,0,0,0.0,0.0,0.0,0.0,3,4,0,4.0,1.3333333333333333,357.2857142857143,1.5,0,0,1,1,1,0,1,0,0,0,0,0,0,0,0,0,0,0,0,0,0,0,0,0,0,0,1,0.0,0.0,0.0,0.0,0.0,0.0,0.0,0.0,0.0,0.0,0.0,0.0,0.0,0.0,0.0,8.748463629942055
950469,422000.0,1960,7.580699752224563,3.8416,1960,7.580699752224563,0,0.0,1960,7.581209826196346,0.0,4836,8.484049972822984,2.4673469387755103,0,1,0.6931471805599453,0.001,1.0,0.6931471805599453,2,2,0,2.0,1.0,490.0,1.0,0,0,1,1,0,0,1,0,0,0,0,0,0,0,0,0,0,0,0,0,0,0,0,0,0,0,0,0.0,0.0,0.0,0.0,0.0,0.0,0.0,0.0,0.0,0.0,0.0,0.0,0.0,0.0,0.0,8.484049972822984
950507,750000.0,2614,7.868636894184167,6.832996,4637,8.441822884391462,2023,7.6128310304073565,2248,7.718240951959316,0.8999110320284698,9532,9.162514742493578,3.6465187452180565,0,21,3.091042453358316,0.441,12.0,2.5649493574615367,3,3,1,3.5,1.1666666666666667,435.6666666666667,1.0,0,1,1,1,1,0,0,0,0,0,0,0,0,0,0,1,0,0,0,0,0,0,0,0,0,0,0,0.0,0.0,0.0,0.0,0.0,0.0,7.868636894184167,0.0,0.0,0.0,0.0,0.0,0.0,0.0,0.0,9.162514742493578
950683,555900.0,2390,7.779048644925556,5.7121,2390,7.779048644925556,0,0.0,0,0.0,0.0,2605,7.8655717576847906,1.0899581589958158,0,0,0.0,0.0,0.0,0.0,3,3,1,3.5,1.1666666666666667,398.3333333333333,3.0,0,0,1,0,0,0,1,0,0,0,1,0,0,0,0,0,0,0,0,0,0,0,0,1,0,0,0,0.0,7.779048644925556,0.0,0.0,0.0,0.0,0.0,0.0,0.0,0.0,0.0,0.0,0.0,0.0,0.0,7.8655717576847906
951084,165000.0,815,6.703188113240863,0.664225,815,6.703188113240863,0,0.0,0,0.0,0.0,0,0.0,0.0,0,34,3.5553480614894135,1.156,34.0,3.5553480614894135,1,1,0,1.0,1.0,407.5,1.0,1,0,0,0,0,0,0,0,0,0,0,0,0,0,0,1,0,0,0,0,0,0,0,1,0,0,0,0.0,0.0,0.0,0.0,0.0,0.0,6.703188113240863,0.0,0.0,0.0,0.0,0.0,0.0,6.703188113240863,3.5553480614894135,0.0
951359,359033.0,2010,7.605890001053122,4.0401,2010,7.605890001053122,0,0.0,0,0.0,0.0,4950,8.507344855361422,2.462686567164179,0,1,0.6931471805599453,0.001,1.0,0.6931471805599453,3,2,1,2.5,0.8333333333333334,402.0,2.0,0,0,1,0,0,0,1,0,0,0,0,0,0,0,0,0,0,0,0,0,0,0,1,0,0,0,0,0.0,0.0,0.0,0.0,0.0,0.0,0.0,0.0,0.0,0.0,0.0,0.0,0.0,0.0,0.0,8.507344855361422
951637,130500.0,870,6.76849321164863,0.7569,870,6.76849321164863,0,0.0,0,0.0,0.0,0,0.0,0.0,0,53,3.9889840465642745,2.809,0.0,0.0,2,1,0,1.0,0.5,290.0,1.0,1,1,0,0,0,0,0,0,0,0,0,0,0,0,0,0,0,0,0,0,0,1,0,1,0,0,0,0.0,0.0,0.0,0.0,0.0,0.0,0.0,0.0,0.0,0.0,0.0,0.0,6.76849321164863,6.76849321164863,3.9889840465642745,0.0
952160,505000.0,1020,6.927557906278317,1.0404,1505,7.316548177182976,485,6.186208623900494,510,6.236369590203704,0.9509803921568627,540,6.293419278846481,0.5294117647058824,0,33,3.5263605246161616,1.089,3.0,1.3862943611198906,2,1,1,1.5,0.75,340.0,2.0,0,1,1,1,1,0,0,0,0,0,0,0,0,0,1,0,0,0,0,0,0,0,0,0,1,0,0,0.0,0.0,0.0,0.0,0.0,6.927557906278317,0.0,0.0,0.0,0.0,0.0,0.0,0.0,0.0,0.0,6.293419278846481
952799,469285.0,1638,7.401231264413015,2.683044,1638,7.401231264413015,0,0.0,759,6.633318433280377,0.0,2594,7.861341795599989,1.5836385836385836,0,0,0.0,0.0,0.0,0.0,3,2,1,2.5,0.8333333333333334,327.6,2.0,0,0,1,1,0,0,1,0,0,0,1,0,0,0,0,0,0,0,0,0,0,0,0,1,0,0,0,0.0,7.401231264413015,0.0,0.0,0.0,0.0,0.0,0.0,0.0,0.0,0.0,0.0,0.0,0.0,0.0,7.861341795599989
952912,380000.0,1180,7.07326971745971,1.3924,2260,7.723120092266331,1080,6.985641817639208,1180,7.074116816197362,0.9152542372881356,8630,9.063115652219658,7.313559322033898,0,40,3.713572066704308,1.6,4.0,1.6094379124341003,2,3,0,3.0,1.5,236.0,1.0,0,1,1,1,1,0,0,0,0,0,0,0,0,0,0,0,1,0,0,0,0,0,0,0,0,0,0,0.0,0.0,0.0,0.0,0.0,0.0,0.0,7.07326971745971,0.0,0.0,0.0,0.0,0.0,0.0,0.0,9.063115652219658
953125,200000.0,1299,7.1693500166706,1.687401,2239,7.713784616598755,940,6.846943139585379,1044,6.951772164398911,0.9003831417624522,2367,7.769800996003896,1.8221709006928406,0,38,3.6635616461296463,1.444,8.0,2.1972245773362196,2,3,0,3.0,1.5,259.8,1.0,0,1,1,1,1,0,0,0,0,0,0,0,1,0,0,0,0,0,0,0,0,0,0,1,0,0,0,0.0,0.0,0.0,7.1693500166706,0.0,0.0,0.0,0.0,0.0,0.0,0.0,0.0,0.0,0.0,0.0,7.769800996003896
953263,880000.0,2065,7.632885505395133,4.264225,2065,7.632885505395133,0,0.0,295,5.69035945432406,0.0,5237,8.563695025067657,2.5360774818401937,0,134,4.90527477843843,17.956,0.0,0.0,3,2,1,2.5,0.8333333333333334,413.0,2.0,0,1,1,1,0,0,0,1,0,0,0,1,0,0,0,0,0,0,0,0,0,0,1,0,0,0,0,0.0,0.0,7.632885505395133,0.0,0.0,0.0,0.0,0.0,0.0,0.0,0.0,0.0,0.0,0.0,0.0,8.563695025067657
953906,232167.0,1222,7.108244139731541,1.493284,1222,7.108244139731541,0,0.0,0,0.0,0.0,1890,7.544861068658458,1.546644844517185,0,0,0.0,0.0,0.0,0.0,2,1,1,1.5,0.75,407.3333333333333,2.0,0,0,1,0,0,0,1,0,0,0,1,0,0,0,0,0,0,0,0,0,0,0,0,1,0,0,0,0.0,7.108244139731541,0.0,0.0,0.0,0.0,0.0,0.0,0.0,0.0,0.0,0.0,0.0,0.0,0.0,7.544861068658458
954199,130000.0,945,6.851184927493743,0.893025,945,6.851184927493743,0,0.0,0,0.0,0.0,0,0.0,0.0,0,48,3.8918202981106265,2.304,0.0,0.0,2,1,0,1.0,0.5,315.0,1.0,1,1,0,0,0,0,0,0,0,0,0,0,0,0,0,0,0,0,0,0,0,1,0,1,0,0,0,0.0,0.0,0.0,0.0,0.0,0.0,0.0,0.0,0.0,0.0,0.0,0.0,6.851184927493743,6.851184927493743,3.8918202981106265,0.0
954277,555000.0,1739,7.461065514354283,3.024121,2536,7.8383433155571165,797,6.682108597449809,839,6.733401891837359,0.9499404052443385,2475,7.814399633804487,1.4232317423806786,0,2,1.0986122886681098,0.004,2.0,1.0986122886681098,2,3,1,3.5,1.75,347.8,2.0,0,0,1,1,1,0,0,0,0,0,1,0,0,0,0,0,0,0,0,0,0,0,0,1,0,0,0,0.0,7.461065514354283,0.0,0.0,0.0,0.0,0.0,0.0,0.0,0.0,0.0,0.0,0.0,0.0,0.0,7.814399633804487
955074,262500.0,1003,6.910750787961936,1.006009,1003,6.910750787961936,0,0.0,0,0.0,0.0,0,0.0,0.0,0,22,3.1354942159291497,0.484,22.0,3.1354942159291497,2,2,0,2.0,1.0,250.75,1.0,1,0,0,0,0,0,0,0,0,0,0,0,0,1,0,0,0,0,0,0,0,0,0,1,0,0,0,0.0,0.0,0.0,0.0,6.910750787961936,0.0,0.0,0.0,0.0,0.0,0.0,0.0,0.0,6.910750787961936,3.1354942159291497,0.0
955375,315000.0,1078,6.982862751468942,1.162084,1078,6.982862751468942,0,0.0,0,0.0,0.0,0,0.0,0.0,0,61,4.127134385045092,3.721,61.0,4.127134385045092,2,2,0,2.0,1.0,269.5,1.0,1,0,0,0,0,0,0,0,0,1,0,0,0,0,0,0,0,0,0,0,0,0,0,1,0,0,0,6.982862751468942,0.0,0.0,0.0,0.0,0.0,0.0,0.0,0.0,0.0,0.0,0.0,0.0,6.982862751468942,4.127134385045092,0.0
955462,360000.0,1420,7.258412150595307,2.0164,1420,7.258412150595307,0,0.0,655,6.486160788944089,0.0,4100,8.31898612539206,2.887323943661972,0,7,2.0794415416798357,0.049,7.0,2.0794415416798357,3,2,1,2.5,0.8333333333333334,284.0,2.0,0,0,1,1,0,0,0,0,0,0,0,0,0,0,0,0,0,0,0,0,0,0,1,0,0,0,0,0.0,0.0,0.0,0.0,0.0,0.0,0.0,0.0,0.0,0.0,0.0,0.0,0.0,0.0,0.0,8.31898612539206
956332,545000.0,995,6.902742737158593,0.990025,995,6.902742737158593,0,0.0,0,0.0,0.0,0,0.0,0.0,0,14,2.70805020110221,0.196,0.0,0.0,1,1,0,1.0,1.0,497.5,1.0,1,1,0,0,0,0,0,0,0,0,0,0,0,0,0,0,0,0,0,0,1,0,0,0,1,0,0,0.0,0.0,0.0,0.0,0.0,0.0,0.0,0.0,0.0,0.0,0.0,6.902742737158593,0.0,6.902742737158593,2.70805020110221,0.0
956341,698000.0,2666,7.888334500738654,7.107556,3469,8.15162164696975,803,6.6895992691789665,937,6.843749949006225,0.8569903948772679,3100,8.03947991910045,1.1627906976744187,0,5,1.791759469228055,0.025,5.0,1.791759469228055,3,3,1,3.5,1.1666666666666667,444.3333333333333,2.5,0,0,1,1,1,0,0,0,0,0,1,0,0,0,0,0,0,0,0,0,0,0,0,0,0,0,1,0.0,7.888334500738654,0.0,0.0,0.0,0.0,0.0,0.0,0.0,0.0,0.0,0.0,0.0,0.0,0.0,8.03947991910045
956539,489000.0,712,6.568077911411976,0.506944,712,6.568077911411976,0,0.0,0,0.0,0.0,0,0.0,0.0,0,1,0.6931471805599453,0.001,1.0,0.6931471805599453,1,1,0,1.0,1.0,356.0,1.0,1,0,0,0,0,0,1,0,0,0,0,0,0,0,1,0,0,0,0,0,0,0,0,0,1,0,0,0.0,0.0,0.0,0.0,0.0,6.568077911411976,0.0,0.0,0.0,0.0,0.0,0.0,0.0,6.568077911411976,0.6931471805599453,0.0
956640,198500.0,781,6.660575149839686,0.609961,781,6.660575149839686,0,0.0,0,0.0,0.0,0,0.0,0.0,0,35,3.58351893845611,1.225,0.0,0.0,1,1,0,1.0,1.0,390.5,1.0,1,1,0,0,0,0,0,0,0,0,0,0,0,0,0,0,0,1,0,0,0,0,0,0,1,0,0,0.0,0.0,0.0,0.0,0.0,0.0,0.0,0.0,6.660575149839686,0.0,0.0,0.0,0.0,6.660575149839686,3.58351893845611,0.0
956999,348000.0,953,6.859614903654202,0.908209,1243,7.1252830915107115,290,5.673323267171493,307,5.730099782973574,0.9446254071661238,1423,7.261225091971921,1.4931794333683106,0,113,4.736198448394496,12.769,19.0,2.995732273553991,2,1,0,1.0,0.5,317.6666666666667,1.0,0,1,1,1,1,0,0,1,0,1,0,0,0,0,0,0,0,0,0,0,0,0,0,0,1,0,0,6.859614903654202,0.0,0.0,0.0,0.0,0.0,0.0,0.0,0.0,0.0,0.0,0.0,0.0,0.0,0.0,7.261225091971921
957705,242000.0,1714,7.446585099157725,2.937796,2643,7.879669914604289,929,6.835184586147301,1032,6.940222469119639,0.9001937984496124,8625,9.062536177207788,5.032088681446908,0,51,3.9512437185814275,2.601,0.0,0.0,3,3,0,3.0,1.0,285.6666666666667,1.0,0,1,1,1,1,0,0,0,0,0,0,0,0,0,0,0,0,0,0,0,0,1,0,0,0,0,0,0.0,0.0,0.0,0.0,0.0,0.0,0.0,0.0,0.0,0.0,0.0,0.0,7.446585099157725,0.0,0.0,9.062536177207788
958076,343000.0,1845,7.520234556474628,3.404025,1845,7.520234556474628,0,0.0,0,0.0,0.0,3825,8.249575150000199,2.073170731707317,0,16,2.833213344056216,0.256,16.0,2.833213344056216,3,2,1,2.5,0.8333333333333334,369.0,2.0,0,1,1,0,0,0,0,0,0,0,0,0,0,0,0,0,0,0,0,0,0,0,1,0,0,0,0,0.0,0.0,0.0,0.0,0.0,0.0,0.0,0.0,0.0,0.0,0.0,0.0,0.0,0.0,0.0,8.249575150000199
958122,811000.0,2459,7.807510042216193,6.046681,3202,8.07153089355666,743,6.612041034833092,782,6.663132695990803,0.9501278772378516,2989,8.003028666384733,1.2155347702318016,0,4,1.6094379124341003,0.016,4.0,1.6094379124341003,3,2,1,2.5,0.8333333333333334,491.8,3.0,0,0,1,1,1,0,0,0,0,0,0,0,0,0,0,0,0,0,0,1,0,0,0,1,0,0,0,0.0,0.0,0.0,0.0,0.0,0.0,0.0,0.0,0.0,0.0,7.807510042216193,0.0,0.0,0.0,0.0,8.003028666384733
958585,530000.0,1760,7.473069088032197,3.0976,1760,7.473069088032197,0,0.0,0,0.0,0.0,2592,7.860570785538664,1.4727272727272727,0,12,2.5649493574615367,0.144,12.0,2.5649493574615367,4,2,1,2.5,0.625,293.3333333333333,2.0,0,1,1,0,0,0,0,0,0,0,1,0,0,0,0,0,0,0,0,0,0,0,1,0,0,0,0,0.0,7.473069088032197,0.0,0.0,0.0,0.0,0.0,0.0,0.0,0.0,0.0,0.0,0.0,0.0,0.0,7.860570785538664
958610,200000.0,1029,6.9363427358340495,1.058841,1029,6.9363427358340495,0,0.0,0,0.0,0.0,0,0.0,0.0,0,49,3.912023005428146,2.401,2.0,1.0986122886681098,2,2,0,2.0,1.0,257.25,1.0,1,1,0,0,0,0,0,0,0,0,0,0,1,0,0,0,0,0,0,0,0,0,0,1,0,0,0,0.0,0.0,0.0,6.9363427358340495,0.0,0.0,0.0,0.0,0.0,0.0,0.0,0.0,0.0,6.9363427358340495,3.912023005428146,0.0
958815,505000.0,1073,6.9782137426306985,1.151329,1073,6.9782137426306985,0,0.0,881,6.782192056006791,0.0,6500,8.77971129020447,6.0577819198508855,0,71,4.276666119016055,5.041,1.0,0.6931471805599453,3,1,0,1.0,0.3333333333333333,268.25,1.0,0,1,1,1,0,0,0,0,0,0,0,0,0,0,0,0,0,1,0,0,0,0,0,0,0,0,0,0.0,0.0,0.0,0.0,0.0,0.0,0.0,0.0,6.9782137426306985,0.0,0.0,0.0,0.0,0.0,0.0,8.77971129020447
959113,310000.0,883,6.78332520060396,0.779689,883,6.78332520060396,0,0.0,260,5.564520407322694,0.0,892,6.794586580876499,1.0101925254813138,0,113,4.736198448394496,12.769,0.0,0.0,2,1,0,1.0,0.5,294.3333333333333,1.0,0,1,1,1,0,0,0,1,0,1,0,0,0,0,0,0,0,0,0,0,0,0,0,1,0,0,0,6.78332520060396,0.0,0.0,0.0,0.0,0.0,0.0,0.0,0.0,0.0,0.0,0.0,0.0,0.0,0.0,6.794586580876499
959205,145700.0,952,6.858565034791365,0.906304,952,6.858565034791365,0,0.0,0,0.0,0.0,0,0.0,0.0,0,48,3.8918202981106265,2.304,48.0,3.8918202981106265,2,1,1,1.5,0.75,317.3333333333333,1.0,1,0,0,0,0,0,0,0,0,0,0,0,0,1,0,0,0,0,0,0,0,0,0,1,0,0,0,0.0,0.0,0.0,0.0,6.858565034791365,0.0,0.0,0.0,0.0,0.0,0.0,0.0,0.0,6.858565034791365,3.8918202981106265,0.0
960201,112000.0,654,6.483107351457199,0.427716,654,6.483107351457199,0,0.0,0,0.0,0.0,0,0.0,0.0,0,39,3.6888794541139363,1.521,0.0,0.0,1,1,0,1.0,1.0,327.0,1.0,1,1,0,0,0,0,0,0,0,0,0,0,0,0,0,0,0,0,0,0,0,1,0,1,0,0,0,0.0,0.0,0.0,0.0,0.0,0.0,0.0,0.0,0.0,0.0,0.0,0.0,6.483107351457199,6.483107351457199,3.6888794541139363,0.0
960440,435000.0,865,6.762729506931879,0.748225,1252,7.132497551660044,387,5.961005339623274,430,6.066108090103747,0.9,10100,9.220389707829185,11.676300578034683,435,47,3.871201010907891,2.209,47.0,3.871201010907891,3,2,0,2.0,0.6666666666666666,173.0,1.0,0,0,1,1,1,1,0,0,0,0,0,0,1,0,0,0,0,0,0,0,0,0,0,0,0,1,0,0.0,0.0,0.0,6.762729506931879,0.0,0.0,0.0,0.0,0.0,0.0,0.0,0.0,0.0,0.0,0.0,9.220389707829185
960461,172000.0,392,5.971261839790462,0.153664,392,5.971261839790462,0,0.0,0,0.0,0.0,0,0.0,0.0,0,96,4.574710978503383,9.216,1.0,0.6931471805599453,0,1,0,1.0,1.0,392.0,1.0,1,1,0,0,0,0,0,1,1,1,0,0,0,0,0,0,0,0,0,0,0,0,0,1,0,0,0,5.971261839790462,0.0,0.0,0.0,0.0,0.0,0.0,0.0,0.0,0.0,0.0,0.0,0.0,5.971261839790462,4.574710978503383,0.0
960575,509800.0,1186,7.078341579557671,1.406596,1186,7.078341579557671,0,0.0,0,0.0,0.0,6350,8.756367559802975,5.354131534569983,0,66,4.204692619390966,4.356,14.0,2.70805020110221,2,1,0,1.0,0.5,395.3333333333333,1.0,0,1,1,0,0,0,0,0,0,0,0,0,0,0,0,0,0,0,0,1,0,0,0,0,0,0,0,0.0,0.0,0.0,0.0,0.0,0.0,0.0,0.0,0.0,0.0,7.078341579557671,0.0,0.0,0.0,0.0,8.756367559802975
962637,563500.0,938,6.843749949006225,0.879844,1782,7.485491608030754,844,6.739336627357174,938,6.844815479208263,0.8997867803837953,4480,8.407601514786142,4.776119402985074,0,78,4.3694478524670215,6.084,78.0,4.3694478524670215,2,2,0,2.0,1.0,234.5,1.0,0,0,1,1,1,0,0,0,0,0,0,0,0,0,0,0,0,1,0,0,0,0,0,0,0,0,0,0.0,0.0,0.0,0.0,0.0,0.0,0.0,0.0,6.843749949006225,0.0,0.0,0.0,0.0,0.0,0.0,8.407601514786142
962817,320000.0,1413,7.253470382684528,1.996569,1413,7.253470382684528,0,0.0,0,0.0,0.0,3105,8.041091003708633,2.1974522292993632,0,16,2.833213344056216,0.256,0.0,0.0,3,2,0,2.0,0.6666666666666666,282.6,2.0,0,1,1,0,0,0,0,0,0,0,0,0,0,0,0,0,0,0,0,0,0,0,1,0,0,0,0,0.0,0.0,0.0,0.0,0.0,0.0,0.0,0.0,0.0,0.0,0.0,0.0,0.0,0.0,0.0,8.041091003708633
962977,435000.0,1633,7.398174092970465,2.666689,1633,7.398174092970465,0,0.0,0,0.0,0.0,1500,7.313886831633462,0.9185548071034905,0,2,1.0986122886681098,0.004,2.0,1.0986122886681098,3,2,1,2.5,0.8333333333333334,326.6,3.0,0,0,1,0,0,0,0,0,0,0,1,0,0,0,0,0,0,0,0,0,0,0,0,1,0,0,0,0.0,7.398174092970465,0.0,0.0,0.0,0.0,0.0,0.0,0.0,0.0,0.0,0.0,0.0,0.0,0.0,7.313886831633462
963252,700000.0,2628,7.873978379604501,6.906384,3164,8.059592328887545,536,6.285998094508865,536,6.285998094508865,1.0,2475,7.814399633804487,0.9417808219178082,0,0,0.0,0.0,0.0,0.0,4,3,2,4.0,1.0,375.42857142857144,2.5,0,0,1,1,1,0,1,0,0,0,1,0,0,0,0,0,0,0,0,0,0,0,0,0,0,0,1,0.0,7.873978379604501,0.0,0.0,0.0,0.0,0.0,0.0,0.0,0.0,0.0,0.0,0.0,0.0,0.0,7.814399633804487
963302,155000.0,855,6.75110146893676,0.731025,855,6.75110146893676,0,0.0,0,0.0,0.0,0,0.0,0.0,0,53,3.9889840465642745,2.809,53.0,3.9889840465642745,1,1,0,1.0,1.0,427.5,1.0,1,0,0,0,0,0,0,0,0,0,0,0,0,0,0,0,0,0,0,0,0,1,0,0,1,0,0,0.0,0.0,0.0,0.0,0.0,0.0,0.0,0.0,0.0,0.0,0.0,0.0,6.75110146893676,6.75110146893676,3.9889840465642745,0.0
963608,385000.0,1058,6.964135612418245,1.119364,1478,7.298445101508147,420,6.042632833682381,470,6.154858094016418,0.8936170212765957,7800,8.962007209588313,7.3724007561436675,82,39,3.6888794541139363,1.521,17.0,2.8903717578961645,3,2,0,2.0,0.6666666666666666,211.6,1.0,0,1,1,1,1,1,0,0,0,0,0,0,0,0,0,1,0,0,0,0,0,0,0,0,0,1,0,0.0,0.0,0.0,0.0,0.0,0.0,6.964135612418245,0.0,0.0,0.0,0.0,0.0,0.0,0.0,0.0,8.962007209588313
964002,319525.0,1538,7.338238150065589,2.365444,1538,7.338238150065589,0,0.0,0,0.0,0.0,1500,7.313886831633462,0.9752925877763329,0,1,0.6931471805599453,0.001,1.0,0.6931471805599453,3,2,1,2.5,0.8333333333333334,307.6,2.0,0,0,1,0,0,0,1,0,0,0,0,0,0,0,0,0,0,0,0,0,0,0,0,0,1,0,0,0.0,0.0,0.0,0.0,0.0,0.0,0.0,0.0,0.0,0.0,0.0,0.0,0.0,0.0,0.0,7.313886831633462
964921,355000.0,1845,7.520234556474628,3.404025,1845,7.520234556474628,0,0.0,0,0.0,0.0,4465,8.404248432400102,2.4200542005420056,0,17,2.8903717578961645,0.289,17.0,2.8903717578961645,4,2,1,2.5,0.625,307.5,2.0,0,0,1,0,0,0,0,0,0,0,0,0,0,0,0,0,0,0,0,0,0,0,1,0,0,0,0,0.0,0.0,0.0,0.0,0.0,0.0,0.0,0.0,0.0,0.0,0.0,0.0,0.0,0.0,0.0,8.404248432400102
965138,249230.0,1406,7.2485040723706105,1.976836,1742,7.462789157412448,336,5.820082930352362,420,6.042632833682381,0.8,3868,8.260751354700513,2.7510668563300142,0,25,3.258096538021482,0.625,25.0,3.258096538021482,3,2,0,2.0,0.6666666666666666,281.2,2.0,0,0,1,1,1,0,0,0,0,0,0,0,0,0,0,0,0,0,0,0,0,0,0,0,0,1,0,0.0,0.0,0.0,0.0,0.0,0.0,0.0,0.0,0.0,0.0,0.0,0.0,0.0,0.0,0.0,8.260751354700513
965370,455000.0,1788,7.488852955733459,3.196944,1788,7.488852955733459,0,0.0,0,0.0,0.0,0,0.0,0.0,0,37,3.6375861597263857,1.369,0.0,0.0,2,2,0,2.0,1.0,447.0,1.0,1,1,0,0,0,0,0,0,0,0,0,0,0,1,0,0,0,0,0,0,0,0,0,1,0,0,0,0.0,0.0,0.0,0.0,7.488852955733459,0.0,0.0,0.0,0.0,0.0,0.0,0.0,0.0,7.488852955733459,3.6375861597263857,0.0
966643,270000.0,1036,6.943122422819428,1.073296,1036,6.943122422819428,0,0.0,0,0.0,0.0,0,0.0,0.0,0,18,2.9444389791664403,0.324,18.0,2.9444389791664403,2,2,0,2.0,1.0,259.0,1.0,1,0,0,0,0,0,0,0,0,0,0,0,0,0,0,1,0,0,0,0,0,0,0,1,0,0,0,0.0,0.0,0.0,0.0,0.0,0.0,6.943122422819428,0.0,0.0,0.0,0.0,0.0,0.0,6.943122422819428,2.9444389791664403,0.0
966969,599550.0,2117,7.6577552711348655,4.481689,3172,8.06211758275474,1055,6.962243464266207,1111,7.013915474810528,0.9495949594959496,3600,8.188966863648876,1.7005196032120926,0,4,1.6094379124341003,0.016,4.0,1.6094379124341003,3,3,1,3.5,1.1666666666666667,352.8333333333333,2.0,0,0,1,1,1,0,0,0,0,0,1,0,0,0,0,0,0,0,0,0,0,0,1,0,0,0,0,0.0,7.6577552711348655,0.0,0.0,0.0,0.0,0.0,0.0,0.0,0.0,0.0,0.0,0.0,0.0,0.0,8.188966863648876
967016,820000.0,1357,7.213031659834869,1.841449,1357,7.213031659834869,0,0.0,0,0.0,0.0,0,0.0,0.0,0,19,2.995732273553991,0.361,19.0,2.995732273553991,2,2,0,2.0,1.0,339.25,1.0,1,1,0,0,0,0,0,0,0,0,0,0,0,0,0,0,0,0,0,0,1,0,0,1,0,0,0,0.0,0.0,0.0,0.0,0.0,0.0,0.0,0.0,0.0,0.0,0.0,7.213031659834869,0.0,7.213031659834869,2.995732273553991,0.0
967387,172500.0,1200,7.090076835776092,1.44,1200,7.090076835776092,0,0.0,0,0.0,0.0,0,0.0,0.0,0,54,4.007333185232471,2.916,54.0,4.007333185232471,2,2,0,2.0,1.0,300.0,1.0,1,0,0,0,0,0,0,0,0,0,0,0,0,0,0,0,0,0,0,0,0,1,0,0,1,0,0,0.0,0.0,0.0,0.0,0.0,0.0,0.0,0.0,0.0,0.0,0.0,0.0,7.090076835776092,7.090076835776092,4.007333185232471,0.0
967481,215000.0,1100,7.003065458786462,1.21,1100,7.003065458786462,0,0.0,0,0.0,0.0,0,0.0,0.0,0,43,3.784189633918261,1.849,0.0,0.0,2,2,0,2.0,1.0,275.0,1.0,1,1,0,0,0,0,0,0,0,0,0,0,1,0,0,0,0,0,0,0,0,0,0,1,0,0,0,0.0,0.0,0.0,7.003065458786462,0.0,0.0,0.0,0.0,0.0,0.0,0.0,0.0,0.0,7.003065458786462,3.784189633918261,0.0
967549,555000.0,1010,6.917705609835305,1.0201,1969,7.585281078639126,959,6.866933284461882,1010,6.918695219020472,0.9495049504950495,5870,8.677780256064185,5.811881188118812,0,87,4.477336814478207,7.569,26.0,3.295836866004329,2,2,0,2.0,1.0,252.5,1.0,0,1,1,1,1,0,0,1,0,0,0,0,0,0,0,0,0,1,0,0,0,0,0,0,0,0,0,0.0,0.0,0.0,0.0,0.0,0.0,0.0,0.0,6.917705609835305,0.0,0.0,0.0,0.0,0.0,0.0,8.677780256064185
968379,725000.0,2683,7.894690850425624,7.198489,3427,8.139440521874608,744,6.61338421837956,992,6.900730664045173,0.75,3689,8.213381737034572,1.3749534103615355,0,5,1.791759469228055,0.025,5.0,1.791759469228055,3,4,1,4.5,1.5,383.2857142857143,3.0,0,0,1,1,1,0,0,0,0,0,1,0,0,0,0,0,0,0,0,0,0,0,0,1,0,0,0,0.0,7.894690850425624,0.0,0.0,0.0,0.0,0.0,0.0,0.0,0.0,0.0,0.0,0.0,0.0,0.0,8.213381737034572
970273,487000.0,819,6.70808408385307,0.670761,1134,7.033506484287697,315,5.755742213586912,332,5.808142489980444,0.9487951807228916,3026,8.01532730902172,3.694749694749695,0,96,4.574710978503383,9.216,8.0,2.1972245773362196,2,2,0,2.0,1.0,204.75,1.0,0,1,1,1,1,0,0,1,0,1,0,0,0,0,0,0,0,0,0,0,0,0,0,1,0,0,0,6.70808408385307,0.0,0.0,0.0,0.0,0.0,0.0,0.0,0.0,0.0,0.0,0.0,0.0,0.0,0.0,8.01532730902172
970536,273000.0,1054,6.960347729101308,1.110916,1054,6.960347729101308,0,0.0,0,0.0,0.0,7500,8.922791623969637,7.115749525616699,0,68,4.23410650459726,4.624,9.0,2.302585092994046,3,1,0,1.0,0.3333333333333333,263.5,1.0,0,1,1,0,0,0,0,0,0,0,0,0,0,0,0,0,0,0,1,0,0,0,0,0,0,0,0,0.0,0.0,0.0,0.0,0.0,0.0,0.0,0.0,0.0,6.960347729101308,0.0,0.0,0.0,0.0,0.0,8.922791623969637
970746,385000.0,828,6.71901315438526,0.685584,828,6.71901315438526,0,0.0,254,5.541263545158426,0.0,1340,7.201170883281678,1.6183574879227054,0,118,4.77912349311153,13.924,118.0,4.77912349311153,1,1,0,1.0,1.0,414.0,1.0,0,0,1,1,0,0,0,1,0,0,0,1,0,0,0,0,0,0,0,0,0,0,0,1,0,0,0,0.0,0.0,6.71901315438526,0.0,0.0,0.0,0.0,0.0,0.0,0.0,0.0,0.0,0.0,0.0,0.0,7.201170883281678
970763,300000.0,1088,6.992096427415888,1.183744,1437,7.270312886079025,349,5.857933154483459,498,6.212606095751519,0.7008032128514057,3424,8.138856750696325,3.1470588235294117,0,33,3.5263605246161616,1.089,33.0,3.5263605246161616,2,2,0,2.0,1.0,272.0,2.0,0,0,1,1,1,0,0,0,0,0,0,0,0,0,0,0,0,0,0,0,0,0,1,0,0,0,0,0.0,0.0,0.0,0.0,0.0,0.0,0.0,0.0,0.0,0.0,0.0,0.0,0.0,0.0,0.0,8.138856750696325
970824,707450.0,2200,7.696212639346407,4.84,2200,7.696212639346407,0,0.0,0,0.0,0.0,2649,7.882314918980268,1.204090909090909,0,13,2.6390573296152584,0.169,13.0,2.6390573296152584,3,3,0,3.0,1.0,366.6666666666667,2.0,0,0,1,0,0,0,0,0,0,0,1,0,0,0,0,0,0,0,0,0,0,0,0,1,0,0,0,0.0,7.696212639346407,0.0,0.0,0.0,0.0,0.0,0.0,0.0,0.0,0.0,0.0,0.0,0.0,0.0,7.882314918980268
970834,636000.0,2769,7.926241523170962,7.667361,4137,8.327726166461412,1368,7.221835825288449,1513,7.322510433997394,0.9041639127561136,7353,8.902999661861218,2.6554712892741064,0,0,0.0,0.0,0.0,0.0,3,3,1,3.5,1.1666666666666667,461.5,2.0,0,0,1,1,1,0,1,0,0,0,1,0,0,0,0,0,0,0,0,0,0,0,1,0,0,0,0,0.0,7.926241523170962,0.0,0.0,0.0,0.0,0.0,0.0,0.0,0.0,0.0,0.0,0.0,0.0,0.0,8.902999661861218
971089,800000.0,1950,7.575584651557793,3.8025,2275,7.729735331385051,325,5.786897381366708,328,5.796057750765372,0.9908536585365854,7678,8.946244609330543,3.9374358974358974,0,27,3.332204510175204,0.729,27.0,3.332204510175204,3,3,1,3.5,1.1666666666666667,325.0,2.0,0,0,1,1,1,0,0,0,0,0,0,0,0,0,0,0,0,0,0,1,0,0,1,0,0,0,0,0.0,0.0,0.0,0.0,0.0,0.0,0.0,0.0,0.0,0.0,7.575584651557793,0.0,0.0,0.0,0.0,8.946244609330543
971292,355000.0,803,6.688354713946762,0.644809,1365,7.21890970761906,562,6.333279628139691,803,6.6895992691789665,0.6998754669987547,7500,8.922791623969637,9.339975093399751,0,68,4.23410650459726,4.624,0.0,0.0,2,2,0,2.0,1.0,200.75,1.0,0,1,1,1,1,0,0,0,0,0,0,0,0,0,0,0,0,0,1,0,0,0,0,0,0,0,0,0.0,0.0,0.0,0.0,0.0,0.0,0.0,0.0,0.0,6.688354713946762,0.0,0.0,0.0,0.0,0.0,8.922791623969637
972430,254991.0,1352,7.20934025660291,1.827904,1352,7.20934025660291,0,0.0,0,0.0,0.0,2511,7.828834527588089,1.857248520710059,0,1,0.6931471805599453,0.001,1.0,0.6931471805599453,3,2,1,2.5,0.8333333333333334,270.4,2.0,0,0,1,0,0,0,1,0,0,0,1,0,0,0,0,0,0,0,0,0,0,0,0,1,0,0,0,0.0,7.20934025660291,0.0,0.0,0.0,0.0,0.0,0.0,0.0,0.0,0.0,0.0,0.0,0.0,0.0,7.828834527588089
972858,340000.0,1072,6.977281341630747,1.149184,2037,7.619233416226805,965,6.873163834212518,1072,6.9782137426306985,0.9001865671641791,7850,8.968396191198256,7.322761194029851,0,51,3.9512437185814275,2.601,9.0,2.302585092994046,3,3,0,3.0,1.0,178.66666666666666,1.0,0,1,1,1,1,0,0,0,0,0,0,0,0,0,0,0,1,0,0,0,0,0,0,0,0,0,0,0.0,0.0,0.0,0.0,0.0,0.0,0.0,6.977281341630747,0.0,0.0,0.0,0.0,0.0,0.0,0.0,8.968396191198256
973237,634000.0,2361,7.766840537085513,5.574321,3183,8.065579427282092,822,6.71295620067707,1311,7.179307969504034,0.6270022883295194,7104,8.868554040531201,3.008894536213469,0,34,3.5553480614894135,1.156,9.0,2.302585092994046,3,3,1,3.5,1.1666666666666667,393.5,2.0,0,1,1,1,1,0,0,0,0,0,0,0,1,0,0,0,0,0,0,0,0,0,1,0,0,0,0,0.0,0.0,0.0,7.766840537085513,0.0,0.0,0.0,0.0,0.0,0.0,0.0,0.0,0.0,0.0,0.0,8.868554040531201
973361,725000.0,1782,7.485491608030754,3.175524,1782,7.485491608030754,0,0.0,0,0.0,0.0,1620,7.390798521735676,0.9090909090909091,0,1,0.6931471805599453,0.001,1.0,0.6931471805599453,3,3,1,3.5,1.1666666666666667,297.0,3.0,0,0,1,0,0,0,1,0,0,0,0,0,0,0,0,0,0,0,0,1,0,0,0,1,0,0,0,0.0,0.0,0.0,0.0,0.0,0.0,0.0,0.0,0.0,0.0,7.485491608030754,0.0,0.0,0.0,0.0,7.390798521735676
974238,310000.0,1444,7.275172319452771,2.085136,1444,7.275172319452771,0,0.0,0,0.0,0.0,3312,8.105609402299896,2.293628808864266,0,12,2.5649493574615367,0.144,12.0,2.5649493574615367,3,2,0,2.0,0.6666666666666666,288.8,2.0,0,0,1,0,0,0,0,0,0,0,0,0,0,0,0,0,0,0,0,0,0,0,1,0,0,0,0,0.0,0.0,0.0,0.0,0.0,0.0,0.0,0.0,0.0,0.0,0.0,0.0,0.0,0.0,0.0,8.105609402299896
974976,735000.0,1159,7.055312843339752,1.343281,1159,7.055312843339752,0,0.0,0,0.0,0.0,0,0.0,0.0,0,2,1.0986122886681098,0.004,2.0,1.0986122886681098,2,2,0,2.0,1.0,289.75,1.0,1,0,0,0,0,0,0,0,0,0,0,0,0,0,0,0,0,0,0,0,1,0,0,1,0,0,0,0.0,0.0,0.0,0.0,0.0,0.0,0.0,0.0,0.0,0.0,0.0,7.055312843339752,0.0,7.055312843339752,1.0986122886681098,0.0
975631,303785.0,1642,7.403670290012373,2.696164,1642,7.403670290012373,0,0.0,646,6.472346294500901,0.0,1299,7.170119543449628,0.7911084043848965,0,1,0.6931471805599453,0.001,1.0,0.6931471805599453,3,2,1,2.5,0.8333333333333334,328.4,2.0,0,0,1,1,0,0,1,0,0,0,0,0,0,0,0,0,0,0,0,0,0,0,0,0,1,0,0,0.0,0.0,0.0,0.0,0.0,0.0,0.0,0.0,0.0,0.0,0.0,0.0,0.0,0.0,0.0,7.170119543449628
976200,725000.0,1179,7.072421900537371,1.390041,1179,7.072421900537371,0,0.0,0,0.0,0.0,0,0.0,0.0,0,2,1.0986122886681098,0.004,2.0,1.0986122886681098,1,1,1,1.5,1.5,589.5,1.0,1,0,0,0,0,0,0,0,0,0,0,0,0,0,0,0,0,0,0,0,1,0,0,0,1,0,0,0.0,0.0,0.0,0.0,0.0,0.0,0.0,0.0,0.0,0.0,0.0,7.072421900537371,0.0,7.072421900537371,1.0986122886681098,0.0
976937,291558.0,741,6.608000625296087,0.549081,741,6.608000625296087,0,0.0,0,0.0,0.0,0,0.0,0.0,0,14,2.70805020110221,0.196,14.0,2.70805020110221,1,1,0,1.0,1.0,370.5,1.0,1,0,0,0,0,0,0,0,0,0,0,0,0,0,0,0,0,0,0,0,1,0,0,0,1,0,0,0.0,0.0,0.0,0.0,0.0,0.0,0.0,0.0,0.0,0.0,0.0,6.608000625296087,0.0,6.608000625296087,2.70805020110221,0.0
977503,163000.0,560,6.327936783729195,0.3136,560,6.327936783729195,0,0.0,0,0.0,0.0,0,0.0,0.0,0,47,3.871201010907891,2.209,47.0,3.871201010907891,1,1,0,1.0,1.0,280.0,1.0,1,0,0,0,0,0,0,0,0,1,0,0,0,0,0,0,0,0,0,0,0,0,0,1,0,0,0,6.327936783729195,0.0,0.0,0.0,0.0,0.0,0.0,0.0,0.0,0.0,0.0,0.0,0.0,6.327936783729195,3.871201010907891,0.0
978100,300000.0,1028,6.93537044601511,1.056784,1028,6.93537044601511,0,0.0,0,0.0,0.0,0,0.0,0.0,0,18,2.9444389791664403,0.324,18.0,2.9444389791664403,2,2,0,2.0,1.0,257.0,1.0,1,0,0,0,0,0,0,0,0,0,0,0,0,0,0,1,0,0,0,0,0,0,0,1,0,0,0,0.0,0.0,0.0,0.0,0.0,0.0,6.93537044601511,0.0,0.0,0.0,0.0,0.0,0.0,6.93537044601511,2.9444389791664403,0.0
978459,390000.0,1080,6.984716320118266,1.1664,1080,6.984716320118266,0,0.0,0,0.0,0.0,0,0.0,0.0,0,38,3.6635616461296463,1.444,38.0,3.6635616461296463,1,1,0,1.0,1.0,540.0,1.0,1,0,0,0,0,0,0,0,0,0,0,0,0,0,0,0,0,0,0,0,1,0,0,0,1,0,0,0.0,0.0,0.0,0.0,0.0,0.0,0.0,0.0,0.0,0.0,0.0,6.984716320118266,0.0,6.984716320118266,3.6635616461296463,0.0
978515,197500.0,890,6.7912214627261855,0.7921,890,6.7912214627261855,0,0.0,0,0.0,0.0,0,0.0,0.0,0,49,3.912023005428146,2.401,12.0,2.5649493574615367,2,1,1,1.5,0.75,296.6666666666667,2.0,1,1,0,0,0,0,0,0,0,0,0,0,1,0,0,0,0,0,0,0,0,0,0,0,1,0,0,0.0,0.0,0.0,6.7912214627261855,0.0,0.0,0.0,0.0,0.0,0.0,0.0,0.0,0.0,6.7912214627261855,3.912023005428146,0.0
978880,649000.0,1144,7.042286171939743,1.308736,1144,7.042286171939743,0,0.0,0,0.0,0.0,0,0.0,0.0,0,14,2.70805020110221,0.196,14.0,2.70805020110221,2,2,0,2.0,1.0,286.0,1.0,1,0,0,0,0,0,0,0,0,0,0,0,0,0,0,0,0,0,0,0,1,0,0,1,0,0,0,0.0,0.0,0.0,0.0,0.0,0.0,0.0,0.0,0.0,0.0,0.0,7.042286171939743,0.0,7.042286171939743,2.70805020110221,0.0
979666,280000.0,1036,6.943122422819428,1.073296,1036,6.943122422819428,0,0.0,0,0.0,0.0,0,0.0,0.0,0,18,2.9444389791664403,0.324,18.0,2.9444389791664403,2,2,0,2.0,1.0,259.0,1.0,1,0,0,0,0,0,0,0,0,0,0,0,0,0,0,1,0,0,0,0,0,0,0,1,0,0,0,0.0,0.0,0.0,0.0,0.0,0.0,6.943122422819428,0.0,0.0,0.0,0.0,0.0,0.0,6.943122422819428,2.9444389791664403,0.0
979744,369724.0,3973,8.287276755814599,15.784729,5660,8.641179171197228,1687,7.431299675155903,2032,7.617267813628347,0.8302165354330708,10040,9.214431989879436,2.52705763906368,0,0,0.0,0.0,0.0,0.0,5,5,1,5.5,1.1,397.3,2.0,0,0,1,1,1,0,1,0,0,0,1,0,0,0,0,0,0,0,0,0,0,0,1,0,0,0,0,0.0,8.287276755814599,0.0,0.0,0.0,0.0,0.0,0.0,0.0,0.0,0.0,0.0,0.0,0.0,0.0,9.214431989879436
979843,335000.0,1574,7.3613754289773485,2.477476,1574,7.3613754289773485,0,0.0,0,0.0,0.0,4004,8.29529885950246,2.5438373570520967,0,14,2.70805020110221,0.196,14.0,2.70805020110221,2,2,1,2.5,1.25,393.5,2.0,0,0,1,0,0,0,0,0,0,0,0,0,0,0,0,0,0,0,0,0,0,0,1,0,0,0,0,0.0,0.0,0.0,0.0,0.0,0.0,0.0,0.0,0.0,0.0,0.0,0.0,0.0,0.0,0.0,8.29529885950246
980319,659000.0,1623,7.392031567514591,2.634129,1623,7.392031567514591,0,0.0,0,0.0,0.0,2388,7.77863014732581,1.4713493530499075,0,2,1.0986122886681098,0.004,2.0,1.0986122886681098,3,3,1,3.5,1.1666666666666667,270.5,3.0,0,0,1,0,0,0,0,0,0,0,0,0,0,0,0,0,0,0,0,1,0,0,0,1,0,0,0,0.0,0.0,0.0,0.0,0.0,0.0,0.0,0.0,0.0,0.0,7.392031567514591,0.0,0.0,0.0,0.0,7.77863014732581
981114,420000.0,2331,7.754052639035757,5.433561,2331,7.754052639035757,0,0.0,1261,7.140453043101158,0.0,5885,8.680331928793418,2.5246675246675245,0,21,3.091042453358316,0.441,21.0,3.091042453358316,4,2,1,2.5,0.625,388.5,2.0,0,0,1,1,0,0,0,0,0,0,0,0,0,0,0,0,0,0,0,0,0,0,1,0,0,0,0,0.0,0.0,0.0,0.0,0.0,0.0,0.0,0.0,0.0,0.0,0.0,0.0,0.0,0.0,0.0,8.680331928793418
981404,850000.0,1133,7.0326242610280065,1.283689,1133,7.0326242610280065,0,0.0,0,0.0,0.0,0,0.0,0.0,0,2,1.0986122886681098,0.004,2.0,1.0986122886681098,2,2,0,2.0,1.0,283.25,1.0,1,0,0,0,0,0,0,0,0,0,0,0,0,0,0,0,0,0,0,0,1,0,0,1,0,0,0,0.0,0.0,0.0,0.0,0.0,0.0,0.0,0.0,0.0,0.0,0.0,7.0326242610280065,0.0,7.0326242610280065,1.0986122886681098,0.0
982086,140000.0,654,6.483107351457199,0.427716,654,6.483107351457199,0,0.0,0,0.0,0.0,0,0.0,0.0,0,39,3.6888794541139363,1.521,39.0,3.6888794541139363,1,1,0,1.0,1.0,327.0,1.0,1,0,0,0,0,0,0,0,0,0,0,0,0,0,0,0,0,0,0,0,0,1,0,0,1,0,0,0.0,0.0,0.0,0.0,0.0,0.0,0.0,0.0,0.0,0.0,0.0,0.0,6.483107351457199,6.483107351457199,3.6888794541139363,0.0
982263,623000.0,2324,7.751045117971802,5.400976,3208,8.073402968986406,884,6.785587645007929,931,6.837332814685591,0.949516648764769,5950,8.691314551644853,2.5602409638554215,0,109,4.700480365792417,11.881,0.0,0.0,4,4,1,4.5,1.125,290.5,1.5,0,1,1,1,1,0,0,1,0,0,0,0,0,0,0,0,0,0,1,0,0,0,0,0,0,0,1,0.0,0.0,0.0,0.0,0.0,0.0,0.0,0.0,0.0,7.751045117971802,0.0,0.0,0.0,0.0,0.0,8.691314551644853
982704,409000.0,838,6.731018100482083,0.702244,838,6.731018100482083,0,0.0,0,0.0,0.0,0,0.0,0.0,0,14,2.70805020110221,0.196,14.0,2.70805020110221,1,1,0,1.0,1.0,419.0,1.0,1,0,0,0,0,0,0,0,0,0,0,0,0,0,0,0,0,0,0,0,1,0,0,0,1,0,0,0.0,0.0,0.0,0.0,0.0,0.0,0.0,0.0,0.0,0.0,0.0,6.731018100482083,0.0,6.731018100482083,2.70805020110221,0.0
983158,405000.0,879,6.778784897685177,0.772641,879,6.778784897685177,0,0.0,0,0.0,0.0,7500,8.922791623969637,8.532423208191126,0,70,4.2626798770413155,4.9,0.0,0.0,3,1,0,1.0,0.3333333333333333,219.75,1.0,0,1,1,0,0,0,0,0,0,0,0,0,0,0,0,0,0,0,1,0,0,0,0,0,0,0,0,0.0,0.0,0.0,0.0,0.0,0.0,0.0,0.0,0.0,6.778784897685177,0.0,0.0,0.0,0.0,0.0,8.922791623969637
983225,380000.0,670,6.507277712385012,0.4489,670,6.507277712385012,0,0.0,0,0.0,0.0,1230,7.115582126184454,1.835820895522388,0,1,0.6931471805599453,0.001,1.0,0.6931471805599453,1,1,1,1.5,1.5,335.0,2.0,0,0,1,0,0,0,1,0,0,0,0,0,0,0,0,0,0,0,0,1,0,0,0,1,0,0,0,0.0,0.0,0.0,0.0,0.0,0.0,0.0,0.0,0.0,0.0,6.507277712385012,0.0,0.0,0.0,0.0,7.115582126184454
983873,388801.0,2262,7.724004656676065,5.116644,2262,7.724004656676065,0,0.0,1018,6.926577033222725,0.0,5682,8.645234541297121,2.5119363395225465,0,1,0.6931471805599453,0.001,1.0,0.6931471805599453,3,2,1,2.5,0.8333333333333334,452.4,2.0,0,0,1,1,0,0,1,0,0,0,0,0,0,0,0,0,0,0,0,0,0,0,1,0,0,0,0,0.0,0.0,0.0,0.0,0.0,0.0,0.0,0.0,0.0,0.0,0.0,0.0,0.0,0.0,0.0,8.645234541297121
984677,204000.0,1200,7.090076835776092,1.44,1200,7.090076835776092,0,0.0,0,0.0,0.0,0,0.0,0.0,0,52,3.970291913552122,2.704,12.0,2.5649493574615367,2,2,0,2.0,1.0,300.0,1.0,1,1,0,0,0,0,0,0,0,0,0,0,0,0,0,0,0,0,0,0,0,1,0,0,1,0,0,0.0,0.0,0.0,0.0,0.0,0.0,0.0,0.0,0.0,0.0,0.0,0.0,7.090076835776092,7.090076835776092,3.970291913552122,0.0
984680,435000.0,1821,7.507141079727608,3.316041,2589,7.859026979751538,768,6.645090969505644,853,6.74993119378857,0.9003516998827668,9900,9.200391041122515,5.436573311367381,943,51,3.9512437185814275,2.601,0.0,0.0,4,3,0,3.0,0.75,260.14285714285717,1.0,0,1,1,1,1,1,0,0,0,0,0,0,0,1,0,0,0,0,0,0,0,0,0,0,0,1,0,0.0,0.0,0.0,0.0,7.507141079727608,0.0,0.0,0.0,0.0,0.0,0.0,0.0,0.0,0.0,0.0,9.200391041122515
984740,795000.0,2480,7.8160138391590275,6.1504,3670,8.207946941048617,1190,7.0825485693553,1326,7.190676034332207,0.8974358974358975,5814,8.668196064952765,2.3443548387096773,0,17,2.8903717578961645,0.289,17.0,2.8903717578961645,4,4,0,4.0,1.0,310.0,2.0,0,1,1,1,1,0,0,0,0,0,1,0,0,0,0,0,0,0,0,0,0,0,1,0,0,0,0,0.0,7.8160138391590275,0.0,0.0,0.0,0.0,0.0,0.0,0.0,0.0,0.0,0.0,0.0,0.0,0.0,8.668196064952765
984766,360000.0,1067,6.9726062513017535,1.138489,1067,6.9726062513017535,0,0.0,0,0.0,0.0,0,0.0,0.0,0,45,3.828641396489095,2.025,45.0,3.828641396489095,2,2,0,2.0,1.0,266.75,1.0,1,0,0,0,0,0,0,0,0,1,0,0,0,0,0,0,0,0,0,0,0,0,0,1,0,0,0,6.9726062513017535,0.0,0.0,0.0,0.0,0.0,0.0,0.0,0.0,0.0,0.0,0.0,0.0,6.9726062513017535,3.828641396489095,0.0
985260,365000.0,831,6.7226297948554485,0.690561,831,6.7226297948554485,0,0.0,0,0.0,0.0,8410,9.037295651962438,10.120336943441636,421,36,3.6109179126442243,1.296,36.0,3.6109179126442243,3,2,0,2.0,0.6666666666666666,166.2,1.0,0,0,1,0,0,1,0,0,0,0,0,0,0,0,0,1,0,0,0,0,0,0,0,0,0,1,0,0.0,0.0,0.0,0.0,0.0,0.0,6.7226297948554485,0.0,0.0,0.0,0.0,0.0,0.0,0.0,0.0,9.037295651962438
986176,406262.0,1599,7.377133712833954,2.556801,2486,7.818430272070656,887,6.78897174299217,1599,7.3777589082278725,0.5547217010631644,6694,8.809116258125274,4.186366479049406,0,1,0.6931471805599453,0.001,1.0,0.6931471805599453,2,3,0,3.0,1.5,319.8,1.0,0,0,1,1,1,0,1,0,0,0,0,0,0,0,0,0,0,0,0,0,0,0,0,0,0,0,0,0.0,0.0,0.0,0.0,0.0,0.0,0.0,0.0,0.0,0.0,0.0,0.0,0.0,0.0,0.0,8.809116258125274
986223,935680.0,2494,7.821643126239982,6.220036,3828,8.250097752572845,1334,7.19668657083435,2494,7.822044008185619,0.5348837209302325,5557,8.62299361030245,2.2281475541299116,0,0,0.0,0.0,0.0,0.0,3,3,1,3.5,1.1666666666666667,415.6666666666667,1.0,0,0,1,1,1,0,1,0,0,0,1,0,0,0,0,0,0,0,0,0,0,0,0,0,0,0,0,0.0,7.821643126239982,0.0,0.0,0.0,0.0,0.0,0.0,0.0,0.0,0.0,0.0,0.0,0.0,0.0,8.62299361030245
986656,430000.0,2331,7.754052639035757,5.433561,3465,8.150467911624004,1134,7.034387929915503,1261,7.140453043101158,0.8992862807295797,5723,8.652423140676342,2.455169455169455,0,21,3.091042453358316,0.441,0.0,0.0,4,3,1,3.5,0.875,333.0,2.0,0,1,1,1,1,0,0,0,0,0,0,0,0,0,0,0,0,0,0,0,0,0,1,0,0,0,0,0.0,0.0,0.0,0.0,0.0,0.0,0.0,0.0,0.0,0.0,0.0,0.0,0.0,0.0,0.0,8.652423140676342
986754,410000.0,2130,7.6638772587034705,4.5369,2130,7.6638772587034705,0,0.0,1013,6.921658184151129,0.0,4500,8.412054873292933,2.112676056338028,0,14,2.70805020110221,0.196,14.0,2.70805020110221,3,2,0,2.0,0.6666666666666666,426.0,2.0,0,0,1,1,0,0,0,0,0,0,0,0,0,0,0,0,0,0,0,0,0,0,1,0,0,0,0,0.0,0.0,0.0,0.0,0.0,0.0,0.0,0.0,0.0,0.0,0.0,0.0,0.0,0.0,0.0,8.412054873292933
988167,460000.0,1110,7.01211529430638,1.2321,1958,7.579678823090456,848,6.744059186311348,848,6.744059186311348,1.0,5950,8.691314551644853,5.36036036036036,0,68,4.23410650459726,4.624,0.0,0.0,3,2,0,2.0,0.6666666666666666,222.0,1.0,0,1,1,1,1,0,0,0,0,0,0,0,0,0,0,0,0,0,1,0,0,0,0,0,0,0,0,0.0,0.0,0.0,0.0,0.0,0.0,0.0,0.0,0.0,7.01211529430638,0.0,0.0,0.0,0.0,0.0,8.691314551644853
991006,850000.0,2955,7.991253929840199,8.732025,3564,8.1786387885907,609,6.413458957167357,1215,7.103322062526113,0.5012345679012346,4320,8.371242135931933,1.4619289340101522,0,14,2.70805020110221,0.196,14.0,2.70805020110221,4,4,1,4.5,1.125,369.375,2.5,0,1,1,1,1,0,0,0,0,0,1,0,0,0,0,0,0,0,0,0,0,0,0,0,0,0,1,0.0,7.991253929840199,0.0,0.0,0.0,0.0,0.0,0.0,0.0,0.0,0.0,0.0,0.0,0.0,0.0,8.371242135931933
991395,290000.0,434,6.073044534100405,0.188356,434,6.073044534100405,0,0.0,0,0.0,0.0,0,0.0,0.0,0,2,1.0986122886681098,0.004,2.0,1.0986122886681098,0,1,0,1.0,1.0,434.0,1.0,1,0,0,0,0,0,0,0,1,0,0,0,0,0,0,0,0,0,0,0,1,0,0,0,1,0,0,0.0,0.0,0.0,0.0,0.0,0.0,0.0,0.0,0.0,0.0,0.0,6.073044534100405,0.0,6.073044534100405,1.0986122886681098,0.0
991453,1050000.0,2224,7.707062655370473,4.946176,3127,8.047829357457841,903,6.806829360392176,950,6.85751406254539,0.9505263157894737,3644,8.201111644442758,1.6384892086330936,0,8,2.1972245773362196,0.064,8.0,2.1972245773362196,2,3,1,3.5,1.75,444.8,3.0,0,0,1,1,1,0,0,0,0,0,0,0,0,0,1,0,0,0,0,0,0,0,0,1,0,0,0,0.0,0.0,0.0,0.0,0.0,7.707062655370473,0.0,0.0,0.0,0.0,0.0,0.0,0.0,0.0,0.0,8.201111644442758
991782,305975.0,1538,7.338238150065589,2.365444,1538,7.338238150065589,0,0.0,0,0.0,0.0,1420,7.259116128097101,0.9232769830949284,0,1,0.6931471805599453,0.001,1.0,0.6931471805599453,3,2,1,2.5,0.8333333333333334,307.6,2.0,0,0,1,0,0,0,1,0,0,0,0,0,0,0,0,0,0,0,0,0,0,0,0,0,1,0,0,0.0,0.0,0.0,0.0,0.0,0.0,0.0,0.0,0.0,0.0,0.0,0.0,0.0,0.0,0.0,7.259116128097101
991833,435000.0,919,6.823286122355687,0.844561,919,6.823286122355687,0,0.0,0,0.0,0.0,7440,8.914760527397261,8.09575625680087,0,72,4.290459441148391,5.184,2.0,1.0986122886681098,2,1,0,1.0,0.5,306.3333333333333,1.0,0,1,1,0,0,0,0,0,0,0,0,0,0,0,0,0,0,0,1,0,0,0,0,0,0,0,0,0.0,0.0,0.0,0.0,0.0,0.0,0.0,0.0,0.0,6.823286122355687,0.0,0.0,0.0,0.0,0.0,8.914760527397261
991889,1200000.0,4471,8.405367376233981,19.989841,6080,8.712759974960212,1609,7.383989457978509,2298,7.740229524763182,0.7001740644038295,8092,8.998754769495703,1.8098859315589353,0,16,2.833213344056216,0.256,16.0,2.833213344056216,4,5,3,6.5,1.625,496.77777777777777,2.0,0,1,1,1,1,0,0,0,0,0,1,0,0,0,0,0,0,0,0,0,0,0,1,0,0,0,0,0.0,8.405367376233981,0.0,0.0,0.0,0.0,0.0,0.0,0.0,0.0,0.0,0.0,0.0,0.0,0.0,8.998754769495703
992013,300000.0,426,6.054439346269371,0.181476,426,6.054439346269371,0,0.0,0,0.0,0.0,0,0.0,0.0,0,2,1.0986122886681098,0.004,2.0,1.0986122886681098,0,1,0,1.0,1.0,426.0,1.0,1,0,0,0,0,0,0,0,1,0,0,0,0,0,0,0,0,0,0,0,1,0,0,0,1,0,0,0.0,0.0,0.0,0.0,0.0,0.0,0.0,0.0,0.0,0.0,0.0,6.054439346269371,0.0,6.054439346269371,1.0986122886681098,0.0
992337,340000.0,1202,7.091742115095153,1.444804,1202,7.091742115095153,0,0.0,0,0.0,0.0,0,0.0,0.0,0,21,3.091042453358316,0.441,21.0,3.091042453358316,2,2,0,2.0,1.0,300.5,1.0,1,0,0,0,0,0,0,0,0,0,0,0,0,0,0,1,0,0,0,0,0,0,0,1,0,0,0,0.0,0.0,0.0,0.0,0.0,0.0,7.091742115095153,0.0,0.0,0.0,0.0,0.0,0.0,7.091742115095153,3.091042453358316,0.0
993261,539900.0,2015,7.608374474380783,4.060225,2756,7.9215356321335495,741,6.60934924316738,781,6.661854740545311,0.9487836107554417,2765,7.925157512224703,1.3722084367245657,0,2,1.0986122886681098,0.004,2.0,1.0986122886681098,3,3,1,3.5,1.1666666666666667,335.8333333333333,2.0,0,0,1,1,1,0,0,0,0,0,1,0,0,0,0,0,0,0,0,0,0,0,0,1,0,0,0,0.0,7.608374474380783,0.0,0.0,0.0,0.0,0.0,0.0,0.0,0.0,0.0,0.0,0.0,0.0,0.0,7.925157512224703
993641,224000.0,904,6.806829360392176,0.817216,904,6.806829360392176,0,0.0,0,0.0,0.0,0,0.0,0.0,0,41,3.7376696182833684,1.681,41.0,3.7376696182833684,2,2,0,2.0,1.0,226.0,1.0,1,0,0,0,0,0,0,0,0,0,0,0,0,1,0,0,0,0,0,0,0,0,0,1,0,0,0,0.0,0.0,0.0,0.0,6.806829360392176,0.0,0.0,0.0,0.0,0.0,0.0,0.0,0.0,6.806829360392176,3.7376696182833684,0.0
993920,392000.0,1087,6.99117688712121,1.181569,1087,6.99117688712121,0,0.0,0,0.0,0.0,0,0.0,0.0,0,49,3.912023005428146,2.401,49.0,3.912023005428146,2,2,0,2.0,1.0,271.75,1.0,1,0,0,0,0,0,0,0,0,1,0,0,0,0,0,0,0,0,0,0,0,0,0,1,0,0,0,6.99117688712121,0.0,0.0,0.0,0.0,0.0,0.0,0.0,0.0,0.0,0.0,0.0,0.0,6.99117688712121,3.912023005428146,0.0
994071,485000.0,1108,7.010311867307229,1.227664,1108,7.010311867307229,0,0.0,0,0.0,0.0,6870,8.835064935031076,6.200361010830325,0,70,4.2626798770413155,4.9,70.0,4.2626798770413155,3,1,0,1.0,0.3333333333333333,277.0,1.0,0,0,1,0,0,0,0,0,0,0,0,0,0,0,0,0,0,1,0,0,0,0,0,0,0,0,0,0.0,0.0,0.0,0.0,0.0,0.0,0.0,0.0,7.010311867307229,0.0,0.0,0.0,0.0,0.0,0.0,8.835064935031076
994302,280000.0,1408,7.249925536717988,1.982464,1408,7.249925536717988,0,0.0,0,0.0,0.0,0,0.0,0.0,0,54,4.007333185232471,2.916,54.0,4.007333185232471,3,2,1,2.5,0.8333333333333334,281.6,2.0,1,0,0,0,0,0,0,0,0,0,0,0,0,1,0,0,0,0,0,0,0,0,0,1,0,0,0,0.0,0.0,0.0,0.0,7.249925536717988,0.0,0.0,0.0,0.0,0.0,0.0,0.0,0.0,7.249925536717988,4.007333185232471,0.0
994562,715000.0,2192,7.692569648067906,4.804864,2854,7.956476798036782,662,6.4967749901858625,1096,7.00033446027523,0.6040145985401459,3920,8.27410200229233,1.7883211678832116,0,4,1.6094379124341003,0.016,4.0,1.6094379124341003,3,4,0,4.0,1.3333333333333333,313.14285714285717,2.0,0,0,1,1,1,0,0,0,0,0,1,0,0,0,0,0,0,0,0,0,0,0,1,0,0,0,0,0.0,7.692569648067906,0.0,0.0,0.0,0.0,0.0,0.0,0.0,0.0,0.0,0.0,0.0,0.0,0.0,8.27410200229233
995404,475000.0,2314,7.746732907753622,5.354596,2746,7.917900586327916,432,6.07073772800249,432,6.07073772800249,1.0,7240,8.88751459738882,3.128781331028522,0,43,3.784189633918261,1.849,43.0,3.784189633918261,4,2,2,3.0,0.75,385.6666666666667,2.0,0,0,1,1,1,0,0,0,0,0,0,0,1,0,0,0,0,0,0,0,0,0,1,0,0,0,0,0.0,0.0,0.0,7.746732907753622,0.0,0.0,0.0,0.0,0.0,0.0,0.0,0.0,0.0,0.0,0.0,8.88751459738882
996306,253000.0,1200,7.090076835776092,1.44,1200,7.090076835776092,0,0.0,0,0.0,0.0,0,0.0,0.0,0,49,3.912023005428146,2.401,3.0,1.3862943611198906,2,2,0,2.0,1.0,300.0,1.0,1,1,0,0,0,0,0,0,0,0,0,0,0,0,0,0,0,0,0,0,0,1,0,0,1,0,0,0.0,0.0,0.0,0.0,0.0,0.0,0.0,0.0,0.0,0.0,0.0,0.0,7.090076835776092,7.090076835776092,3.912023005428146,0.0
996509,410000.0,1790,7.489970898834801,3.2041,2263,7.724446645633537,473,6.161207321695077,498,6.212606095751519,0.9497991967871486,5920,8.686260632531775,3.3072625698324023,0,28,3.367295829986474,0.784,9.0,2.302585092994046,4,3,1,3.5,0.875,255.71428571428572,2.0,0,1,1,1,1,0,0,0,0,0,0,0,0,0,0,0,0,0,0,0,0,0,1,0,0,0,0,0.0,0.0,0.0,0.0,0.0,0.0,0.0,0.0,0.0,0.0,0.0,0.0,0.0,0.0,0.0,8.686260632531775
997576,407500.0,774,6.651571873589727,0.599076,774,6.651571873589727,0,0.0,0,0.0,0.0,0,0.0,0.0,0,9,2.302585092994046,0.081,9.0,2.302585092994046,1,1,0,1.0,1.0,387.0,1.0,1,0,0,0,0,0,0,0,0,0,0,0,0,0,1,0,0,0,0,0,0,0,0,1,0,0,0,0.0,0.0,0.0,0.0,0.0,6.651571873589727,0.0,0.0,0.0,0.0,0.0,0.0,0.0,6.651571873589727,2.302585092994046,0.0
997924,585000.0,1341,7.201170883281678,1.798281,1341,7.201170883281678,0,0.0,0,0.0,0.0,658,6.490723534502507,0.4906785980611484,0,14,2.70805020110221,0.196,14.0,2.70805020110221,2,2,1,2.5,1.25,335.25,3.0,0,0,1,0,0,0,0,0,0,0,0,1,0,0,0,0,0,0,0,0,0,0,0,0,1,0,0,0.0,0.0,7.201170883281678,0.0,0.0,0.0,0.0,0.0,0.0,0.0,0.0,0.0,0.0,0.0,0.0,6.490723534502507
998055,269825.0,1466,7.290292882446597,2.149156,1466,7.290292882446597,0,0.0,0,0.0,0.0,2480,7.816416983691801,1.6916780354706684,0,1,0.6931471805599453,0.001,1.0,0.6931471805599453,2,1,0,1.0,0.5,488.6666666666667,2.5,0,0,1,0,0,0,1,0,0,0,0,0,0,0,0,0,0,0,0,0,0,0,0,0,0,0,1,0.0,0.0,0.0,0.0,0.0,0.0,0.0,0.0,0.0,0.0,0.0,0.0,0.0,0.0,0.0,7.816416983691801
999201,289663.0,1413,7.253470382684528,1.996569,1413,7.253470382684528,0,0.0,0,0.0,0.0,3627,8.196436811235028,2.56687898089172,0,16,2.833213344056216,0.256,16.0,2.833213344056216,3,2,1,2.5,0.8333333333333334,282.6,2.0,0,1,1,0,0,0,0,0,0,0,0,0,0,0,0,0,0,0,0,0,0,0,1,0,0,0,0,0.0,0.0,0.0,0.0,0.0,0.0,0.0,0.0,0.0,0.0,0.0,0.0,0.0,0.0,0.0,8.196436811235028
999359,216000.0,925,6.829793737512425,0.855625,925,6.829793737512425,0,0.0,0,0.0,0.0,0,0.0,0.0,0,16,2.833213344056216,0.256,16.0,2.833213344056216,1,1,1,1.5,1.5,462.5,1.0,1,0,0,0,0,0,0,0,0,0,0,0,0,0,0,0,0,0,0,0,0,0,0,0,1,0,0,0.0,0.0,0.0,0.0,0.0,0.0,0.0,0.0,0.0,0.0,0.0,0.0,0.0,6.829793737512425,2.833213344056216,0.0
999622,606000.0,1736,7.459338895220296,3.013696,1736,7.459338895220296,0,0.0,0,0.0,0.0,6750,8.81744592104187,3.8882488479262673,0,63,4.1588830833596715,3.969,5.0,1.791759469228055,3,2,0,2.0,0.6666666666666666,347.2,1.0,0,1,1,0,0,0,0,0,0,0,0,0,0,0,0,0,0,1,0,0,0,0,0,0,0,0,0,0.0,0.0,0.0,0.0,0.0,0.0,0.0,0.0,7.459338895220296,0.0,0.0,0.0,0.0,0.0,0.0,8.81744592104187
999890,327000.0,696,6.54534966033442,0.484416,696,6.54534966033442,0,0.0,0,0.0,0.0,545,6.302618975744905,0.7830459770114943,0,1,0.6931471805599453,0.001,1.0,0.6931471805599453,1,1,1,1.5,1.5,348.0,2.0,0,0,1,0,0,0,1,0,0,0,0,0,0,0,0,0,0,0,0,1,0,0,0,1,0,0,0,0.0,0.0,0.0,0.0,0.0,0.0,0.0,0.0,0.0,0.0,6.54534966033442,0.0,0.0,0.0,0.0,6.302618975744905
